"Step","run_11 - train_loss","run_11 - train_loss__MIN","run_11 - train_loss__MAX"
"1","9.270004272460938","9.270004272460938","9.270004272460938"
"12","5.024003982543945","5.024003982543945","5.024003982543945"
"17","4.643126964569092","4.643126964569092","4.643126964569092"
"18","4.475521564483643","4.475521564483643","4.475521564483643"
"22","4.43019962310791","4.43019962310791","4.43019962310791"
"26","4.18035888671875","4.18035888671875","4.18035888671875"
"27","4.176314353942871","4.176314353942871","4.176314353942871"
"34","4.096217155456543","4.096217155456543","4.096217155456543"
"36","4.053564071655273","4.053564071655273","4.053564071655273"
"49","3.738826274871826","3.738826274871826","3.738826274871826"
"59","3.614656925201416","3.614656925201416","3.614656925201416"
"60","3.5667643547058105","3.5667643547058105","3.5667643547058105"
"63","3.5263781547546387","3.5263781547546387","3.5263781547546387"
"64","3.555172920227051","3.555172920227051","3.555172920227051"
"67","3.5624477863311768","3.5624477863311768","3.5624477863311768"
"71","3.524906635284424","3.524906635284424","3.524906635284424"
"73","3.4747443199157715","3.4747443199157715","3.4747443199157715"
"77","3.4310007095336914","3.4310007095336914","3.4310007095336914"
"78","3.4604687690734863","3.4604687690734863","3.4604687690734863"
"80","3.4985876083374023","3.4985876083374023","3.4985876083374023"
"88","3.3230972290039062","3.3230972290039062","3.3230972290039062"
"92","3.239358425140381","3.239358425140381","3.239358425140381"
"95","3.2654097080230713","3.2654097080230713","3.2654097080230713"
"97","3.4212136268615723","3.4212136268615723","3.4212136268615723"
"100","3.320338726043701","3.320338726043701","3.320338726043701"
"103","3.2413554191589355","3.2413554191589355","3.2413554191589355"
"106","3.241589069366455","3.241589069366455","3.241589069366455"
"119","3.0837340354919434","3.0837340354919434","3.0837340354919434"
"126","3.2899327278137207","3.2899327278137207","3.2899327278137207"
"140","3.159442901611328","3.159442901611328","3.159442901611328"
"143","3.0862269401550293","3.0862269401550293","3.0862269401550293"
"144","3.0489587783813477","3.0489587783813477","3.0489587783813477"
"146","3.053558349609375","3.053558349609375","3.053558349609375"
"149","3.0818932056427","3.0818932056427","3.0818932056427"
"151","3.0759811401367188","3.0759811401367188","3.0759811401367188"
"153","3.114706039428711","3.114706039428711","3.114706039428711"
"154","2.8378512859344482","2.8378512859344482","2.8378512859344482"
"155","3.040328025817871","3.040328025817871","3.040328025817871"
"157","2.978818416595459","2.978818416595459","2.978818416595459"
"160","2.9838716983795166","2.9838716983795166","2.9838716983795166"
"163","2.687779426574707","2.687779426574707","2.687779426574707"
"164","2.9485626220703125","2.9485626220703125","2.9485626220703125"
"167","2.972806930541992","2.972806930541992","2.972806930541992"
"171","2.969954013824463","2.969954013824463","2.969954013824463"
"172","2.9101812839508057","2.9101812839508057","2.9101812839508057"
"173","2.888235092163086","2.888235092163086","2.888235092163086"
"174","3.0142550468444824","3.0142550468444824","3.0142550468444824"
"175","2.889782428741455","2.889782428741455","2.889782428741455"
"176","2.8629727363586426","2.8629727363586426","2.8629727363586426"
"178","2.892402172088623","2.892402172088623","2.892402172088623"
"185","2.8944053649902344","2.8944053649902344","2.8944053649902344"
"193","2.8877334594726562","2.8877334594726562","2.8877334594726562"
"195","2.8636679649353027","2.8636679649353027","2.8636679649353027"
"212","2.822636604309082","2.822636604309082","2.822636604309082"
"222","2.6781084537506104","2.6781084537506104","2.6781084537506104"
"225","2.9045822620391846","2.9045822620391846","2.9045822620391846"
"226","2.616914987564087","2.616914987564087","2.616914987564087"
"230","2.7352216243743896","2.7352216243743896","2.7352216243743896"
"231","2.8210418224334717","2.8210418224334717","2.8210418224334717"
"234","2.7825093269348145","2.7825093269348145","2.7825093269348145"
"236","2.752307891845703","2.752307891845703","2.752307891845703"
"244","2.8114519119262695","2.8114519119262695","2.8114519119262695"
"245","2.7386574745178223","2.7386574745178223","2.7386574745178223"
"247","2.6349148750305176","2.6349148750305176","2.6349148750305176"
"248","2.5965123176574707","2.5965123176574707","2.5965123176574707"
"250","2.6872494220733643","2.6872494220733643","2.6872494220733643"
"259","2.6835734844207764","2.6835734844207764","2.6835734844207764"
"266","2.5900447368621826","2.5900447368621826","2.5900447368621826"
"270","2.7201523780822754","2.7201523780822754","2.7201523780822754"
"274","2.7485837936401367","2.7485837936401367","2.7485837936401367"
"277","2.6848831176757812","2.6848831176757812","2.6848831176757812"
"278","2.6158154010772705","2.6158154010772705","2.6158154010772705"
"281","2.7084217071533203","2.7084217071533203","2.7084217071533203"
"284","2.6627495288848877","2.6627495288848877","2.6627495288848877"
"290","2.6051406860351562","2.6051406860351562","2.6051406860351562"
"292","2.71329927444458","2.71329927444458","2.71329927444458"
"295","2.6423847675323486","2.6423847675323486","2.6423847675323486"
"301","2.6757171154022217","2.6757171154022217","2.6757171154022217"
"303","2.427863121032715","2.427863121032715","2.427863121032715"
"304","2.6088476181030273","2.6088476181030273","2.6088476181030273"
"305","2.5927228927612305","2.5927228927612305","2.5927228927612305"
"309","2.7216689586639404","2.7216689586639404","2.7216689586639404"
"314","2.6062963008880615","2.6062963008880615","2.6062963008880615"
"317","2.6665568351745605","2.6665568351745605","2.6665568351745605"
"318","2.650944232940674","2.650944232940674","2.650944232940674"
"332","2.585513114929199","2.585513114929199","2.585513114929199"
"337","2.590644359588623","2.590644359588623","2.590644359588623"
"353","2.666109561920166","2.666109561920166","2.666109561920166"
"361","2.526348829269409","2.526348829269409","2.526348829269409"
"365","2.469233512878418","2.469233512878418","2.469233512878418"
"368","2.508491039276123","2.508491039276123","2.508491039276123"
"372","2.5143795013427734","2.5143795013427734","2.5143795013427734"
"377","2.4770071506500244","2.4770071506500244","2.4770071506500244"
"378","2.61270809173584","2.61270809173584","2.61270809173584"
"382","2.6148643493652344","2.6148643493652344","2.6148643493652344"
"389","2.587801456451416","2.587801456451416","2.587801456451416"
"390","2.5231821537017822","2.5231821537017822","2.5231821537017822"
"392","2.467581272125244","2.467581272125244","2.467581272125244"
"397","2.490525722503662","2.490525722503662","2.490525722503662"
"405","2.494901657104492","2.494901657104492","2.494901657104492"
"414","2.486055850982666","2.486055850982666","2.486055850982666"
"425","2.612841844558716","2.612841844558716","2.612841844558716"
"430","2.4688785076141357","2.4688785076141357","2.4688785076141357"
"435","2.418121814727783","2.418121814727783","2.418121814727783"
"441","2.4830265045166016","2.4830265045166016","2.4830265045166016"
"447","2.52573823928833","2.52573823928833","2.52573823928833"
"455","2.383005142211914","2.383005142211914","2.383005142211914"
"458","2.5285000801086426","2.5285000801086426","2.5285000801086426"
"460","2.458505630493164","2.458505630493164","2.458505630493164"
"461","2.3743062019348145","2.3743062019348145","2.3743062019348145"
"462","2.4233808517456055","2.4233808517456055","2.4233808517456055"
"463","2.4850497245788574","2.4850497245788574","2.4850497245788574"
"465","2.496678113937378","2.496678113937378","2.496678113937378"
"468","2.499879837036133","2.499879837036133","2.499879837036133"
"472","2.4658970832824707","2.4658970832824707","2.4658970832824707"
"475","2.490844249725342","2.490844249725342","2.490844249725342"
"477","2.5207254886627197","2.5207254886627197","2.5207254886627197"
"482","2.423539400100708","2.423539400100708","2.423539400100708"
"483","2.328299045562744","2.328299045562744","2.328299045562744"
"488","2.489701747894287","2.489701747894287","2.489701747894287"
"490","2.3103089332580566","2.3103089332580566","2.3103089332580566"
"494","2.5667529106140137","2.5667529106140137","2.5667529106140137"
"497","2.5511980056762695","2.5511980056762695","2.5511980056762695"
"501","2.5035958290100098","2.5035958290100098","2.5035958290100098"
"503","2.3751683235168457","2.3751683235168457","2.3751683235168457"
"506","2.4534685611724854","2.4534685611724854","2.4534685611724854"
"511","2.5936765670776367","2.5936765670776367","2.5936765670776367"
"515","2.4112257957458496","2.4112257957458496","2.4112257957458496"
"517","2.3570337295532227","2.3570337295532227","2.3570337295532227"
"519","2.3028717041015625","2.3028717041015625","2.3028717041015625"
"526","2.3632760047912598","2.3632760047912598","2.3632760047912598"
"527","2.490015983581543","2.490015983581543","2.490015983581543"
"532","2.383777141571045","2.383777141571045","2.383777141571045"
"534","2.2480368614196777","2.2480368614196777","2.2480368614196777"
"537","2.4246184825897217","2.4246184825897217","2.4246184825897217"
"542","2.2674808502197266","2.2674808502197266","2.2674808502197266"
"545","2.417478084564209","2.417478084564209","2.417478084564209"
"549","2.291067600250244","2.291067600250244","2.291067600250244"
"550","2.409635543823242","2.409635543823242","2.409635543823242"
"552","2.378391742706299","2.378391742706299","2.378391742706299"
"568","2.286604404449463","2.286604404449463","2.286604404449463"
"575","2.359140157699585","2.359140157699585","2.359140157699585"
"578","2.399606227874756","2.399606227874756","2.399606227874756"
"582","2.452754497528076","2.452754497528076","2.452754497528076"
"583","2.4037537574768066","2.4037537574768066","2.4037537574768066"
"585","2.326207160949707","2.326207160949707","2.326207160949707"
"586","2.380073070526123","2.380073070526123","2.380073070526123"
"589","2.2603378295898438","2.2603378295898438","2.2603378295898438"
"591","2.5679376125335693","2.5679376125335693","2.5679376125335693"
"595","2.2467970848083496","2.2467970848083496","2.2467970848083496"
"597","2.4030864238739014","2.4030864238739014","2.4030864238739014"
"606","2.3512630462646484","2.3512630462646484","2.3512630462646484"
"613","2.4086685180664062","2.4086685180664062","2.4086685180664062"
"614","2.234316349029541","2.234316349029541","2.234316349029541"
"635","2.238477945327759","2.238477945327759","2.238477945327759"
"644","2.2708699703216553","2.2708699703216553","2.2708699703216553"
"646","2.343979835510254","2.343979835510254","2.343979835510254"
"647","2.387759208679199","2.387759208679199","2.387759208679199"
"648","2.2166099548339844","2.2166099548339844","2.2166099548339844"
"649","2.330854892730713","2.330854892730713","2.330854892730713"
"651","2.2385873794555664","2.2385873794555664","2.2385873794555664"
"652","2.1817712783813477","2.1817712783813477","2.1817712783813477"
"653","2.3758351802825928","2.3758351802825928","2.3758351802825928"
"663","2.2128219604492188","2.2128219604492188","2.2128219604492188"
"668","2.1911816596984863","2.1911816596984863","2.1911816596984863"
"676","2.2624316215515137","2.2624316215515137","2.2624316215515137"
"686","2.3432204723358154","2.3432204723358154","2.3432204723358154"
"702","2.3123960494995117","2.3123960494995117","2.3123960494995117"
"703","2.191857099533081","2.191857099533081","2.191857099533081"
"715","2.268857955932617","2.268857955932617","2.268857955932617"
"719","2.256869316101074","2.256869316101074","2.256869316101074"
"722","2.2285869121551514","2.2285869121551514","2.2285869121551514"
"724","2.2844889163970947","2.2844889163970947","2.2844889163970947"
"726","2.2624621391296387","2.2624621391296387","2.2624621391296387"
"731","2.254178047180176","2.254178047180176","2.254178047180176"
"752","2.2929129600524902","2.2929129600524902","2.2929129600524902"
"755","2.2970519065856934","2.2970519065856934","2.2970519065856934"
"761","2.32572603225708","2.32572603225708","2.32572603225708"
"763","2.125556468963623","2.125556468963623","2.125556468963623"
"770","2.2012619972229004","2.2012619972229004","2.2012619972229004"
"774","2.168949842453003","2.168949842453003","2.168949842453003"
"776","2.212660312652588","2.212660312652588","2.212660312652588"
"782","2.243797540664673","2.243797540664673","2.243797540664673"
"789","2.2074005603790283","2.2074005603790283","2.2074005603790283"
"790","2.302886962890625","2.302886962890625","2.302886962890625"
"802","2.1537024974823","2.1537024974823","2.1537024974823"
"805","2.109023094177246","2.109023094177246","2.109023094177246"
"807","2.2699081897735596","2.2699081897735596","2.2699081897735596"
"813","2.1453542709350586","2.1453542709350586","2.1453542709350586"
"827","2.2898144721984863","2.2898144721984863","2.2898144721984863"
"828","2.429409980773926","2.429409980773926","2.429409980773926"
"838","2.209656238555908","2.209656238555908","2.209656238555908"
"839","2.1748714447021484","2.1748714447021484","2.1748714447021484"
"840","2.2426915168762207","2.2426915168762207","2.2426915168762207"
"849","2.206954002380371","2.206954002380371","2.206954002380371"
"855","2.1662490367889404","2.1662490367889404","2.1662490367889404"
"862","2.182032346725464","2.182032346725464","2.182032346725464"
"864","2.000744342803955","2.000744342803955","2.000744342803955"
"871","2.150775909423828","2.150775909423828","2.150775909423828"
"876","2.2343673706054688","2.2343673706054688","2.2343673706054688"
"878","2.01930570602417","2.01930570602417","2.01930570602417"
"879","2.1343281269073486","2.1343281269073486","2.1343281269073486"
"882","2.114504814147949","2.114504814147949","2.114504814147949"
"883","2.3251757621765137","2.3251757621765137","2.3251757621765137"
"885","2.2542097568511963","2.2542097568511963","2.2542097568511963"
"886","2.14070987701416","2.14070987701416","2.14070987701416"
"892","2.186546802520752","2.186546802520752","2.186546802520752"
"896","2.0781235694885254","2.0781235694885254","2.0781235694885254"
"904","2.158844470977783","2.158844470977783","2.158844470977783"
"906","2.1380832195281982","2.1380832195281982","2.1380832195281982"
"907","2.1678318977355957","2.1678318977355957","2.1678318977355957"
"914","2.2065072059631348","2.2065072059631348","2.2065072059631348"
"920","2.198878765106201","2.198878765106201","2.198878765106201"
"921","2.169846773147583","2.169846773147583","2.169846773147583"
"922","2.21285343170166","2.21285343170166","2.21285343170166"
"925","2.1809604167938232","2.1809604167938232","2.1809604167938232"
"926","2.212296724319458","2.212296724319458","2.212296724319458"
"939","2.1611528396606445","2.1611528396606445","2.1611528396606445"
"940","2.10330867767334","2.10330867767334","2.10330867767334"
"946","2.186058282852173","2.186058282852173","2.186058282852173"
"948","2.130972385406494","2.130972385406494","2.130972385406494"
"949","2.1136810779571533","2.1136810779571533","2.1136810779571533"
"950","2.2690162658691406","2.2690162658691406","2.2690162658691406"
"955","2.282416343688965","2.282416343688965","2.282416343688965"
"962","2.0741021633148193","2.0741021633148193","2.0741021633148193"
"963","2.201904058456421","2.201904058456421","2.201904058456421"
"965","1.987548828125","1.987548828125","1.987548828125"
"972","2.1547741889953613","2.1547741889953613","2.1547741889953613"
"976","2.0924291610717773","2.0924291610717773","2.0924291610717773"
"981","2.1283822059631348","2.1283822059631348","2.1283822059631348"
"991","2.216306686401367","2.216306686401367","2.216306686401367"
"994","2.3763980865478516","2.3763980865478516","2.3763980865478516"
"997","2.2057671546936035","2.2057671546936035","2.2057671546936035"
"998","1.9837169647216797","1.9837169647216797","1.9837169647216797"
"1001","2.1382412910461426","2.1382412910461426","2.1382412910461426"
"1003","2.1114864349365234","2.1114864349365234","2.1114864349365234"
"1008","2.2772529125213623","2.2772529125213623","2.2772529125213623"
"1011","2.0623128414154053","2.0623128414154053","2.0623128414154053"
"1012","2.196536064147949","2.196536064147949","2.196536064147949"
"1015","2.048647403717041","2.048647403717041","2.048647403717041"
"1019","2.167534589767456","2.167534589767456","2.167534589767456"
"1020","2.2098193168640137","2.2098193168640137","2.2098193168640137"
"1021","2.098656415939331","2.098656415939331","2.098656415939331"
"1026","2.294971466064453","2.294971466064453","2.294971466064453"
"1027","2.139965057373047","2.139965057373047","2.139965057373047"
"1041","2.1419968605041504","2.1419968605041504","2.1419968605041504"
"1043","2.2610554695129395","2.2610554695129395","2.2610554695129395"
"1049","2.045891523361206","2.045891523361206","2.045891523361206"
"1050","2.079029083251953","2.079029083251953","2.079029083251953"
"1054","2.0499587059020996","2.0499587059020996","2.0499587059020996"
"1056","2.1087217330932617","2.1087217330932617","2.1087217330932617"
"1057","2.117218494415283","2.117218494415283","2.117218494415283"
"1061","2.0659780502319336","2.0659780502319336","2.0659780502319336"
"1063","2.0249931812286377","2.0249931812286377","2.0249931812286377"
"1065","2.161374092102051","2.161374092102051","2.161374092102051"
"1067","2.0530877113342285","2.0530877113342285","2.0530877113342285"
"1071","2.129986524581909","2.129986524581909","2.129986524581909"
"1074","2.137380838394165","2.137380838394165","2.137380838394165"
"1075","2.1691017150878906","2.1691017150878906","2.1691017150878906"
"1079","2.2978720664978027","2.2978720664978027","2.2978720664978027"
"1082","2.03157901763916","2.03157901763916","2.03157901763916"
"1085","2.11403751373291","2.11403751373291","2.11403751373291"
"1088","2.1773483753204346","2.1773483753204346","2.1773483753204346"
"1104","2.1029319763183594","2.1029319763183594","2.1029319763183594"
"1108","2.2085764408111572","2.2085764408111572","2.2085764408111572"
"1113","2.079011917114258","2.079011917114258","2.079011917114258"
"1121","2.1683480739593506","2.1683480739593506","2.1683480739593506"
"1128","2.105515718460083","2.105515718460083","2.105515718460083"
"1129","2.148104190826416","2.148104190826416","2.148104190826416"
"1131","2.224031448364258","2.224031448364258","2.224031448364258"
"1132","2.109941005706787","2.109941005706787","2.109941005706787"
"1133","2.0012617111206055","2.0012617111206055","2.0012617111206055"
"1136","2.204627275466919","2.204627275466919","2.204627275466919"
"1137","2.009763240814209","2.009763240814209","2.009763240814209"
"1138","2.0984692573547363","2.0984692573547363","2.0984692573547363"
"1143","2.0950422286987305","2.0950422286987305","2.0950422286987305"
"1145","2.143383502960205","2.143383502960205","2.143383502960205"
"1159","2.232760429382324","2.232760429382324","2.232760429382324"
"1164","1.9802534580230713","1.9802534580230713","1.9802534580230713"
"1165","2.2026174068450928","2.2026174068450928","2.2026174068450928"
"1168","2.0741775035858154","2.0741775035858154","2.0741775035858154"
"1183","2.073202610015869","2.073202610015869","2.073202610015869"
"1187","2.1051430702209473","2.1051430702209473","2.1051430702209473"
"1203","2.0843679904937744","2.0843679904937744","2.0843679904937744"
"1212","2.1116838455200195","2.1116838455200195","2.1116838455200195"
"1213","2.1556687355041504","2.1556687355041504","2.1556687355041504"
"1217","2.128936290740967","2.128936290740967","2.128936290740967"
"1223","2.1656365394592285","2.1656365394592285","2.1656365394592285"
"1225","2.1309540271759033","2.1309540271759033","2.1309540271759033"
"1229","2.149811029434204","2.149811029434204","2.149811029434204"
"1230","1.9642568826675415","1.9642568826675415","1.9642568826675415"
"1233","2.148383617401123","2.148383617401123","2.148383617401123"
"1234","2.1313183307647705","2.1313183307647705","2.1313183307647705"
"1235","2.243774890899658","2.243774890899658","2.243774890899658"
"1237","2.0953750610351562","2.0953750610351562","2.0953750610351562"
"1239","2.08145809173584","2.08145809173584","2.08145809173584"
"1247","2.1628577709198","2.1628577709198","2.1628577709198"
"1248","2.1058616638183594","2.1058616638183594","2.1058616638183594"
"1252","2.1143107414245605","2.1143107414245605","2.1143107414245605"
"1253","1.9338220357894897","1.9338220357894897","1.9338220357894897"
"1260","1.9980592727661133","1.9980592727661133","1.9980592727661133"
"1262","1.9965260028839111","1.9965260028839111","1.9965260028839111"
"1263","1.954843282699585","1.954843282699585","1.954843282699585"
"1269","2.1163697242736816","2.1163697242736816","2.1163697242736816"
"1270","2.047483444213867","2.047483444213867","2.047483444213867"
"1272","2.201758861541748","2.201758861541748","2.201758861541748"
"1274","2.0461738109588623","2.0461738109588623","2.0461738109588623"
"1280","2.1270036697387695","2.1270036697387695","2.1270036697387695"
"1281","2.02597975730896","2.02597975730896","2.02597975730896"
"1284","2.0157341957092285","2.0157341957092285","2.0157341957092285"
"1287","1.9488731622695923","1.9488731622695923","1.9488731622695923"
"1288","2.074681282043457","2.074681282043457","2.074681282043457"
"1289","2.041670083999634","2.041670083999634","2.041670083999634"
"1295","1.9896502494812012","1.9896502494812012","1.9896502494812012"
"1302","2.1246509552001953","2.1246509552001953","2.1246509552001953"
"1311","2.049206256866455","2.049206256866455","2.049206256866455"
"1312","2.1774721145629883","2.1774721145629883","2.1774721145629883"
"1313","2.0623631477355957","2.0623631477355957","2.0623631477355957"
"1316","2.174031972885132","2.174031972885132","2.174031972885132"
"1321","2.023930549621582","2.023930549621582","2.023930549621582"
"1323","2.100468158721924","2.100468158721924","2.100468158721924"
"1325","2.032219648361206","2.032219648361206","2.032219648361206"
"1326","2.1233725547790527","2.1233725547790527","2.1233725547790527"
"1327","2.116238832473755","2.116238832473755","2.116238832473755"
"1328","2.04771089553833","2.04771089553833","2.04771089553833"
"1333","2.0341458320617676","2.0341458320617676","2.0341458320617676"
"1334","2.172145366668701","2.172145366668701","2.172145366668701"
"1343","2.0820982456207275","2.0820982456207275","2.0820982456207275"
"1347","2.01273512840271","2.01273512840271","2.01273512840271"
"1349","2.1133432388305664","2.1133432388305664","2.1133432388305664"
"1351","2.0857415199279785","2.0857415199279785","2.0857415199279785"
"1352","2.1957688331604004","2.1957688331604004","2.1957688331604004"
"1353","1.9373633861541748","1.9373633861541748","1.9373633861541748"
"1360","2.12253475189209","2.12253475189209","2.12253475189209"
"1361","2.0256080627441406","2.0256080627441406","2.0256080627441406"
"1363","2.2194855213165283","2.2194855213165283","2.2194855213165283"
"1365","2.0420279502868652","2.0420279502868652","2.0420279502868652"
"1367","2.172060966491699","2.172060966491699","2.172060966491699"
"1368","2.189208507537842","2.189208507537842","2.189208507537842"
"1371","2.0116236209869385","2.0116236209869385","2.0116236209869385"
"1374","2.128377676010132","2.128377676010132","2.128377676010132"
"1378","2.1463069915771484","2.1463069915771484","2.1463069915771484"
"1386","2.2024333477020264","2.2024333477020264","2.2024333477020264"
"1387","2.0549793243408203","2.0549793243408203","2.0549793243408203"
"1392","2.1069722175598145","2.1069722175598145","2.1069722175598145"
"1393","2.0679404735565186","2.0679404735565186","2.0679404735565186"
"1395","1.98154878616333","1.98154878616333","1.98154878616333"
"1397","2.0499205589294434","2.0499205589294434","2.0499205589294434"
"1398","2.070603847503662","2.070603847503662","2.070603847503662"
"1399","2.03214693069458","2.03214693069458","2.03214693069458"
"1404","2.012165069580078","2.012165069580078","2.012165069580078"
"1405","2.1210975646972656","2.1210975646972656","2.1210975646972656"
"1407","2.051900625228882","2.051900625228882","2.051900625228882"
"1409","2.095125198364258","2.095125198364258","2.095125198364258"
"1411","2.093480110168457","2.093480110168457","2.093480110168457"
"1419","2.1853203773498535","2.1853203773498535","2.1853203773498535"
"1425","1.969609260559082","1.969609260559082","1.969609260559082"
"1429","2.068859577178955","2.068859577178955","2.068859577178955"
"1437","1.947251319885254","1.947251319885254","1.947251319885254"
"1447","2.105316162109375","2.105316162109375","2.105316162109375"
"1448","2.046107769012451","2.046107769012451","2.046107769012451"
"1449","2.1012306213378906","2.1012306213378906","2.1012306213378906"
"1450","2.0323433876037598","2.0323433876037598","2.0323433876037598"
"1453","2.0820634365081787","2.0820634365081787","2.0820634365081787"
"1458","2.0126137733459473","2.0126137733459473","2.0126137733459473"
"1459","2.0147242546081543","2.0147242546081543","2.0147242546081543"
"1462","2.0015077590942383","2.0015077590942383","2.0015077590942383"
"1465","2.1151814460754395","2.1151814460754395","2.1151814460754395"
"1466","1.9548721313476562","1.9548721313476562","1.9548721313476562"
"1471","2.0142407417297363","2.0142407417297363","2.0142407417297363"
"1473","2.045633316040039","2.045633316040039","2.045633316040039"
"1475","1.9737966060638428","1.9737966060638428","1.9737966060638428"
"1487","2.0744829177856445","2.0744829177856445","2.0744829177856445"
"1488","2.034329891204834","2.034329891204834","2.034329891204834"
"1489","2.0388376712799072","2.0388376712799072","2.0388376712799072"
"1491","2.115351676940918","2.115351676940918","2.115351676940918"
"1495","2.050199031829834","2.050199031829834","2.050199031829834"
"1501","1.976752758026123","1.976752758026123","1.976752758026123"
"1502","2.0309712886810303","2.0309712886810303","2.0309712886810303"
"1508","2.076490879058838","2.076490879058838","2.076490879058838"
"1509","2.0283312797546387","2.0283312797546387","2.0283312797546387"
"1512","2.081601142883301","2.081601142883301","2.081601142883301"
"1513","1.9611830711364746","1.9611830711364746","1.9611830711364746"
"1526","1.9022040367126465","1.9022040367126465","1.9022040367126465"
"1530","2.106032371520996","2.106032371520996","2.106032371520996"
"1532","2.0370304584503174","2.0370304584503174","2.0370304584503174"
"1533","1.9681060314178467","1.9681060314178467","1.9681060314178467"
"1538","2.0147109031677246","2.0147109031677246","2.0147109031677246"
"1540","2.009561777114868","2.009561777114868","2.009561777114868"
"1541","2.1116256713867188","2.1116256713867188","2.1116256713867188"
"1542","2.102524518966675","2.102524518966675","2.102524518966675"
"1547","2.1092143058776855","2.1092143058776855","2.1092143058776855"
"1548","1.898422122001648","1.898422122001648","1.898422122001648"
"1551","2.037914991378784","2.037914991378784","2.037914991378784"
"1552","2.0098118782043457","2.0098118782043457","2.0098118782043457"
"1556","2.1224985122680664","2.1224985122680664","2.1224985122680664"
"1559","2.1483023166656494","2.1483023166656494","2.1483023166656494"
"1561","2.1158859729766846","2.1158859729766846","2.1158859729766846"
"1562","2.043069362640381","2.043069362640381","2.043069362640381"
"1573","2.0672879219055176","2.0672879219055176","2.0672879219055176"
"1575","2.0122296810150146","2.0122296810150146","2.0122296810150146"
"1577","2.00655460357666","2.00655460357666","2.00655460357666"
"1578","2.0419626235961914","2.0419626235961914","2.0419626235961914"
"1586","2.1072182655334473","2.1072182655334473","2.1072182655334473"
"1589","2.0089774131774902","2.0089774131774902","2.0089774131774902"
"1590","1.8782726526260376","1.8782726526260376","1.8782726526260376"
"1593","1.925111174583435","1.925111174583435","1.925111174583435"
"1599","1.9975087642669678","1.9975087642669678","1.9975087642669678"
"1601","1.8933310508728027","1.8933310508728027","1.8933310508728027"
"1608","2.0212597846984863","2.0212597846984863","2.0212597846984863"
"1611","2.067800521850586","2.067800521850586","2.067800521850586"
"1614","2.009199619293213","2.009199619293213","2.009199619293213"
"1616","2.0364129543304443","2.0364129543304443","2.0364129543304443"
"1617","2.0438735485076904","2.0438735485076904","2.0438735485076904"
"1619","1.969043493270874","1.969043493270874","1.969043493270874"
"1623","2.069248676300049","2.069248676300049","2.069248676300049"
"1628","2.147536277770996","2.147536277770996","2.147536277770996"
"1634","2.0825726985931396","2.0825726985931396","2.0825726985931396"
"1636","2.00046443939209","2.00046443939209","2.00046443939209"
"1637","2.1337273120880127","2.1337273120880127","2.1337273120880127"
"1644","1.9602032899856567","1.9602032899856567","1.9602032899856567"
"1647","2.0816843509674072","2.0816843509674072","2.0816843509674072"
"1651","2.1195127964019775","2.1195127964019775","2.1195127964019775"
"1653","1.984330654144287","1.984330654144287","1.984330654144287"
"1658","1.9227436780929565","1.9227436780929565","1.9227436780929565"
"1659","2.013188362121582","2.013188362121582","2.013188362121582"
"1666","2.0298030376434326","2.0298030376434326","2.0298030376434326"
"1674","2.0441808700561523","2.0441808700561523","2.0441808700561523"
"1676","1.9653024673461914","1.9653024673461914","1.9653024673461914"
"1687","2.0691754817962646","2.0691754817962646","2.0691754817962646"
"1691","2.0281758308410645","2.0281758308410645","2.0281758308410645"
"1692","1.940688967704773","1.940688967704773","1.940688967704773"
"1701","1.9797559976577759","1.9797559976577759","1.9797559976577759"
"1703","2.0775036811828613","2.0775036811828613","2.0775036811828613"
"1706","2.0403237342834473","2.0403237342834473","2.0403237342834473"
"1708","1.9859057664871216","1.9859057664871216","1.9859057664871216"
"1710","2.0602149963378906","2.0602149963378906","2.0602149963378906"
"1712","1.9967290163040161","1.9967290163040161","1.9967290163040161"
"1713","2.049765110015869","2.049765110015869","2.049765110015869"
"1714","2.112654209136963","2.112654209136963","2.112654209136963"
"1715","2.2183427810668945","2.2183427810668945","2.2183427810668945"
"1717","2.05989670753479","2.05989670753479","2.05989670753479"
"1719","2.0280871391296387","2.0280871391296387","2.0280871391296387"
"1721","1.8852334022521973","1.8852334022521973","1.8852334022521973"
"1723","2.026052713394165","2.026052713394165","2.026052713394165"
"1725","1.967796802520752","1.967796802520752","1.967796802520752"
"1726","1.9658739566802979","1.9658739566802979","1.9658739566802979"
"1728","1.9367971420288086","1.9367971420288086","1.9367971420288086"
"1731","2.001819610595703","2.001819610595703","2.001819610595703"
"1733","2.0679054260253906","2.0679054260253906","2.0679054260253906"
"1735","1.9859925508499146","1.9859925508499146","1.9859925508499146"
"1742","2.0389676094055176","2.0389676094055176","2.0389676094055176"
"1753","1.8993844985961914","1.8993844985961914","1.8993844985961914"
"1754","1.935621976852417","1.935621976852417","1.935621976852417"
"1755","1.8746100664138794","1.8746100664138794","1.8746100664138794"
"1761","1.9586111307144165","1.9586111307144165","1.9586111307144165"
"1763","1.992748737335205","1.992748737335205","1.992748737335205"
"1769","1.9712265729904175","1.9712265729904175","1.9712265729904175"
"1771","1.938553810119629","1.938553810119629","1.938553810119629"
"1774","1.9417181015014648","1.9417181015014648","1.9417181015014648"
"1781","1.914635419845581","1.914635419845581","1.914635419845581"
"1782","1.970970869064331","1.970970869064331","1.970970869064331"
"1783","1.9351072311401367","1.9351072311401367","1.9351072311401367"
"1784","2.00449538230896","2.00449538230896","2.00449538230896"
"1793","1.9798212051391602","1.9798212051391602","1.9798212051391602"
"1795","2.034510612487793","2.034510612487793","2.034510612487793"
"1797","1.9278918504714966","1.9278918504714966","1.9278918504714966"
"1799","2.044548511505127","2.044548511505127","2.044548511505127"
"1801","1.9220468997955322","1.9220468997955322","1.9220468997955322"
"1802","2.0498361587524414","2.0498361587524414","2.0498361587524414"
"1804","1.9677293300628662","1.9677293300628662","1.9677293300628662"
"1809","1.9935868978500366","1.9935868978500366","1.9935868978500366"
"1811","2.070730209350586","2.070730209350586","2.070730209350586"
"1813","1.911515712738037","1.911515712738037","1.911515712738037"
"1815","2.0308685302734375","2.0308685302734375","2.0308685302734375"
"1820","2.062554121017456","2.062554121017456","2.062554121017456"
"1822","1.9307504892349243","1.9307504892349243","1.9307504892349243"
"1823","2.0239524841308594","2.0239524841308594","2.0239524841308594"
"1829","1.931032419204712","1.931032419204712","1.931032419204712"
"1831","2.02337384223938","2.02337384223938","2.02337384223938"
"1833","1.9705917835235596","1.9705917835235596","1.9705917835235596"
"1834","2.005984306335449","2.005984306335449","2.005984306335449"
"1837","2.058354139328003","2.058354139328003","2.058354139328003"
"1841","2.0149588584899902","2.0149588584899902","2.0149588584899902"
"1844","1.9972038269042969","1.9972038269042969","1.9972038269042969"
"1846","2.027722120285034","2.027722120285034","2.027722120285034"
"1847","1.947985053062439","1.947985053062439","1.947985053062439"
"1860","1.9512503147125244","1.9512503147125244","1.9512503147125244"
"1862","2.0831222534179688","2.0831222534179688","2.0831222534179688"
"1863","1.9494374990463257","1.9494374990463257","1.9494374990463257"
"1868","1.947584629058838","1.947584629058838","1.947584629058838"
"1870","1.8689643144607544","1.8689643144607544","1.8689643144607544"
"1875","2.031405210494995","2.031405210494995","2.031405210494995"
"1876","1.909560203552246","1.909560203552246","1.909560203552246"
"1878","1.9516665935516357","1.9516665935516357","1.9516665935516357"
"1879","1.896092414855957","1.896092414855957","1.896092414855957"
"1883","1.9345983266830444","1.9345983266830444","1.9345983266830444"
"1889","1.9272820949554443","1.9272820949554443","1.9272820949554443"
"1890","1.9660412073135376","1.9660412073135376","1.9660412073135376"
"1894","1.886414647102356","1.886414647102356","1.886414647102356"
"1898","2.096712589263916","2.096712589263916","2.096712589263916"
"1911","1.871056079864502","1.871056079864502","1.871056079864502"
"1934","1.9430925846099854","1.9430925846099854","1.9430925846099854"
"1940","1.9741448163986206","1.9741448163986206","1.9741448163986206"
"1945","1.9811644554138184","1.9811644554138184","1.9811644554138184"
"1949","2.1507186889648438","2.1507186889648438","2.1507186889648438"
"1952","1.8857495784759521","1.8857495784759521","1.8857495784759521"
"1957","2.1118478775024414","2.1118478775024414","2.1118478775024414"
"1960","1.9043004512786865","1.9043004512786865","1.9043004512786865"
"1961","1.9430499076843262","1.9430499076843262","1.9430499076843262"
"1967","2.042386054992676","2.042386054992676","2.042386054992676"
"1973","1.9736932516098022","1.9736932516098022","1.9736932516098022"
"1980","1.9921693801879883","1.9921693801879883","1.9921693801879883"
"1983","1.9418561458587646","1.9418561458587646","1.9418561458587646"
"1984","1.8217439651489258","1.8217439651489258","1.8217439651489258"
"1986","1.9924976825714111","1.9924976825714111","1.9924976825714111"
"1992","1.8618519306182861","1.8618519306182861","1.8618519306182861"
"2000","1.957416296005249","1.957416296005249","1.957416296005249"
"2001","2.050201416015625","2.050201416015625","2.050201416015625"
"2007","1.980644941329956","1.980644941329956","1.980644941329956"
"2013","1.8886572122573853","1.8886572122573853","1.8886572122573853"
"2015","1.886350393295288","1.886350393295288","1.886350393295288"
"2017","1.9372239112854004","1.9372239112854004","1.9372239112854004"
"2025","1.943455696105957","1.943455696105957","1.943455696105957"
"2027","2.0502257347106934","2.0502257347106934","2.0502257347106934"
"2029","2.0484249591827393","2.0484249591827393","2.0484249591827393"
"2035","2.108543872833252","2.108543872833252","2.108543872833252"
"2040","1.9530248641967773","1.9530248641967773","1.9530248641967773"
"2043","1.9182382822036743","1.9182382822036743","1.9182382822036743"
"2047","1.9484796524047852","1.9484796524047852","1.9484796524047852"
"2048","2.0205819606781006","2.0205819606781006","2.0205819606781006"
"2050","1.9286973476409912","1.9286973476409912","1.9286973476409912"
"2056","1.9535119533538818","1.9535119533538818","1.9535119533538818"
"2068","1.911496877670288","1.911496877670288","1.911496877670288"
"2069","1.9478195905685425","1.9478195905685425","1.9478195905685425"
"2077","1.8051284551620483","1.8051284551620483","1.8051284551620483"
"2081","1.8921613693237305","1.8921613693237305","1.8921613693237305"
"2091","1.9071691036224365","1.9071691036224365","1.9071691036224365"
"2093","2.056311845779419","2.056311845779419","2.056311845779419"
"2099","2.0471224784851074","2.0471224784851074","2.0471224784851074"
"2102","2.0230493545532227","2.0230493545532227","2.0230493545532227"
"2103","1.9431445598602295","1.9431445598602295","1.9431445598602295"
"2106","1.911071538925171","1.911071538925171","1.911071538925171"
"2111","1.8840134143829346","1.8840134143829346","1.8840134143829346"
"2112","1.8985869884490967","1.8985869884490967","1.8985869884490967"
"2118","1.9617130756378174","1.9617130756378174","1.9617130756378174"
"2121","1.9424322843551636","1.9424322843551636","1.9424322843551636"
"2122","2.001516819000244","2.001516819000244","2.001516819000244"
"2125","1.8934557437896729","1.8934557437896729","1.8934557437896729"
"2131","1.9909377098083496","1.9909377098083496","1.9909377098083496"
"2132","2.0173046588897705","2.0173046588897705","2.0173046588897705"
"2135","1.9264891147613525","1.9264891147613525","1.9264891147613525"
"2136","2.010622262954712","2.010622262954712","2.010622262954712"
"2138","1.9375879764556885","1.9375879764556885","1.9375879764556885"
"2139","2.09251070022583","2.09251070022583","2.09251070022583"
"2142","1.9569249153137207","1.9569249153137207","1.9569249153137207"
"2144","1.985569953918457","1.985569953918457","1.985569953918457"
"2147","2.030217170715332","2.030217170715332","2.030217170715332"
"2153","1.9174108505249023","1.9174108505249023","1.9174108505249023"
"2154","1.8478301763534546","1.8478301763534546","1.8478301763534546"
"2157","1.9474332332611084","1.9474332332611084","1.9474332332611084"
"2159","1.9685966968536377","1.9685966968536377","1.9685966968536377"
"2160","2.000229597091675","2.000229597091675","2.000229597091675"
"2165","1.9984451532363892","1.9984451532363892","1.9984451532363892"
"2166","1.8761847019195557","1.8761847019195557","1.8761847019195557"
"2167","1.945354700088501","1.945354700088501","1.945354700088501"
"2172","2.0142483711242676","2.0142483711242676","2.0142483711242676"
"2181","1.9663701057434082","1.9663701057434082","1.9663701057434082"
"2185","1.9618449211120605","1.9618449211120605","1.9618449211120605"
"2186","1.8699047565460205","1.8699047565460205","1.8699047565460205"
"2188","2.075467824935913","2.075467824935913","2.075467824935913"
"2189","2.024265766143799","2.024265766143799","2.024265766143799"
"2190","1.8952125310897827","1.8952125310897827","1.8952125310897827"
"2193","1.910312533378601","1.910312533378601","1.910312533378601"
"2194","1.8521836996078491","1.8521836996078491","1.8521836996078491"
"2200","1.9425506591796875","1.9425506591796875","1.9425506591796875"
"2201","2.140458583831787","2.140458583831787","2.140458583831787"
"2202","1.8747620582580566","1.8747620582580566","1.8747620582580566"
"2204","1.9609389305114746","1.9609389305114746","1.9609389305114746"
"2208","1.8822989463806152","1.8822989463806152","1.8822989463806152"
"2209","1.9133179187774658","1.9133179187774658","1.9133179187774658"
"2210","1.845278024673462","1.845278024673462","1.845278024673462"
"2213","1.891489863395691","1.891489863395691","1.891489863395691"
"2214","2.074213981628418","2.074213981628418","2.074213981628418"
"2220","1.9215589761734009","1.9215589761734009","1.9215589761734009"
"2233","2.007601737976074","2.007601737976074","2.007601737976074"
"2234","1.9300432205200195","1.9300432205200195","1.9300432205200195"
"2248","1.9223015308380127","1.9223015308380127","1.9223015308380127"
"2250","1.8577569723129272","1.8577569723129272","1.8577569723129272"
"2258","2.008385419845581","2.008385419845581","2.008385419845581"
"2261","1.9156413078308105","1.9156413078308105","1.9156413078308105"
"2264","1.9186128377914429","1.9186128377914429","1.9186128377914429"
"2266","1.9657251834869385","1.9657251834869385","1.9657251834869385"
"2272","2.0013821125030518","2.0013821125030518","2.0013821125030518"
"2273","1.9071321487426758","1.9071321487426758","1.9071321487426758"
"2276","1.9054487943649292","1.9054487943649292","1.9054487943649292"
"2281","1.8668129444122314","1.8668129444122314","1.8668129444122314"
"2284","1.8765578269958496","1.8765578269958496","1.8765578269958496"
"2293","1.9053304195404053","1.9053304195404053","1.9053304195404053"
"2296","1.9779131412506104","1.9779131412506104","1.9779131412506104"
"2303","1.9216957092285156","1.9216957092285156","1.9216957092285156"
"2322","1.9408000707626343","1.9408000707626343","1.9408000707626343"
"2329","2.000448703765869","2.000448703765869","2.000448703765869"
"2335","2.0117297172546387","2.0117297172546387","2.0117297172546387"
"2337","1.9113489389419556","1.9113489389419556","1.9113489389419556"
"2339","1.8182823657989502","1.8182823657989502","1.8182823657989502"
"2341","1.8676202297210693","1.8676202297210693","1.8676202297210693"
"2344","1.8871725797653198","1.8871725797653198","1.8871725797653198"
"2347","1.9371434450149536","1.9371434450149536","1.9371434450149536"
"2349","1.8775506019592285","1.8775506019592285","1.8775506019592285"
"2350","1.8461787700653076","1.8461787700653076","1.8461787700653076"
"2353","1.9824519157409668","1.9824519157409668","1.9824519157409668"
"2357","2.006437301635742","2.006437301635742","2.006437301635742"
"2358","1.922769546508789","1.922769546508789","1.922769546508789"
"2360","1.9817100763320923","1.9817100763320923","1.9817100763320923"
"2364","1.8954973220825195","1.8954973220825195","1.8954973220825195"
"2372","1.8757500648498535","1.8757500648498535","1.8757500648498535"
"2374","1.9370534420013428","1.9370534420013428","1.9370534420013428"
"2376","1.8323006629943848","1.8323006629943848","1.8323006629943848"
"2378","1.963388204574585","1.963388204574585","1.963388204574585"
"2379","1.894829273223877","1.894829273223877","1.894829273223877"
"2381","1.823562502861023","1.823562502861023","1.823562502861023"
"2383","1.9273560047149658","1.9273560047149658","1.9273560047149658"
"2389","1.9602266550064087","1.9602266550064087","1.9602266550064087"
"2397","2.00970458984375","2.00970458984375","2.00970458984375"
"2399","1.8471019268035889","1.8471019268035889","1.8471019268035889"
"2401","1.9183628559112549","1.9183628559112549","1.9183628559112549"
"2406","1.9694844484329224","1.9694844484329224","1.9694844484329224"
"2407","1.8800594806671143","1.8800594806671143","1.8800594806671143"
"2411","1.9124631881713867","1.9124631881713867","1.9124631881713867"
"2416","1.893006443977356","1.893006443977356","1.893006443977356"
"2420","1.7563155889511108","1.7563155889511108","1.7563155889511108"
"2422","1.9433788061141968","1.9433788061141968","1.9433788061141968"
"2423","1.9105782508850098","1.9105782508850098","1.9105782508850098"
"2426","1.8550877571105957","1.8550877571105957","1.8550877571105957"
"2429","1.9275811910629272","1.9275811910629272","1.9275811910629272"
"2430","1.830888271331787","1.830888271331787","1.830888271331787"
"2432","1.8788857460021973","1.8788857460021973","1.8788857460021973"
"2455","1.875847339630127","1.875847339630127","1.875847339630127"
"2458","1.9170269966125488","1.9170269966125488","1.9170269966125488"
"2460","1.8753820657730103","1.8753820657730103","1.8753820657730103"
"2467","1.897850751876831","1.897850751876831","1.897850751876831"
"2481","1.8438940048217773","1.8438940048217773","1.8438940048217773"
"2486","1.9670422077178955","1.9670422077178955","1.9670422077178955"
"2488","1.9160127639770508","1.9160127639770508","1.9160127639770508"
"2489","1.8666540384292603","1.8666540384292603","1.8666540384292603"
"2492","2.016355276107788","2.016355276107788","2.016355276107788"
"2502","1.9562897682189941","1.9562897682189941","1.9562897682189941"
"2506","1.891350269317627","1.891350269317627","1.891350269317627"
"2511","1.934063196182251","1.934063196182251","1.934063196182251"
"2512","1.852754831314087","1.852754831314087","1.852754831314087"
"2521","1.9104645252227783","1.9104645252227783","1.9104645252227783"
"2522","1.907503366470337","1.907503366470337","1.907503366470337"
"2523","1.867348074913025","1.867348074913025","1.867348074913025"
"2527","1.9595496654510498","1.9595496654510498","1.9595496654510498"
"2532","2.0271992683410645","2.0271992683410645","2.0271992683410645"
"2534","1.913333535194397","1.913333535194397","1.913333535194397"
"2538","1.805954933166504","1.805954933166504","1.805954933166504"
"2543","1.9315838813781738","1.9315838813781738","1.9315838813781738"
"2549","1.886597990989685","1.886597990989685","1.886597990989685"
"2550","1.8665719032287598","1.8665719032287598","1.8665719032287598"
"2552","1.9273993968963623","1.9273993968963623","1.9273993968963623"
"2564","1.8124408721923828","1.8124408721923828","1.8124408721923828"
"2566","1.9316327571868896","1.9316327571868896","1.9316327571868896"
"2569","1.9636650085449219","1.9636650085449219","1.9636650085449219"
"2573","1.9388148784637451","1.9388148784637451","1.9388148784637451"
"2574","1.799111008644104","1.799111008644104","1.799111008644104"
"2579","1.9817554950714111","1.9817554950714111","1.9817554950714111"
"2581","1.913822889328003","1.913822889328003","1.913822889328003"
"2582","1.771625280380249","1.771625280380249","1.771625280380249"
"2584","1.9569175243377686","1.9569175243377686","1.9569175243377686"
"2585","1.8427839279174805","1.8427839279174805","1.8427839279174805"
"2587","1.8551634550094604","1.8551634550094604","1.8551634550094604"
"2588","1.9333373308181763","1.9333373308181763","1.9333373308181763"
"2591","1.8778839111328125","1.8778839111328125","1.8778839111328125"
"2594","1.8457876443862915","1.8457876443862915","1.8457876443862915"
"2595","1.9873452186584473","1.9873452186584473","1.9873452186584473"
"2600","1.9051071405410767","1.9051071405410767","1.9051071405410767"
"2607","1.8563904762268066","1.8563904762268066","1.8563904762268066"
"2613","1.9963685274124146","1.9963685274124146","1.9963685274124146"
"2616","1.8591493368148804","1.8591493368148804","1.8591493368148804"
"2622","1.9679069519042969","1.9679069519042969","1.9679069519042969"
"2625","1.9893839359283447","1.9893839359283447","1.9893839359283447"
"2642","1.898460865020752","1.898460865020752","1.898460865020752"
"2647","1.8201699256896973","1.8201699256896973","1.8201699256896973"
"2650","1.9918262958526611","1.9918262958526611","1.9918262958526611"
"2656","1.9023158550262451","1.9023158550262451","1.9023158550262451"
"2663","2.031972885131836","2.031972885131836","2.031972885131836"
"2664","1.834052562713623","1.834052562713623","1.834052562713623"
"2671","1.9128973484039307","1.9128973484039307","1.9128973484039307"
"2673","1.8818132877349854","1.8818132877349854","1.8818132877349854"
"2674","1.9093512296676636","1.9093512296676636","1.9093512296676636"
"2677","1.8964300155639648","1.8964300155639648","1.8964300155639648"
"2684","1.8072307109832764","1.8072307109832764","1.8072307109832764"
"2685","1.9514234066009521","1.9514234066009521","1.9514234066009521"
"2689","1.9923515319824219","1.9923515319824219","1.9923515319824219"
"2701","2.0116984844207764","2.0116984844207764","2.0116984844207764"
"2705","1.867667555809021","1.867667555809021","1.867667555809021"
"2706","1.8786242008209229","1.8786242008209229","1.8786242008209229"
"2708","1.8912134170532227","1.8912134170532227","1.8912134170532227"
"2710","1.8857476711273193","1.8857476711273193","1.8857476711273193"
"2713","1.9578328132629395","1.9578328132629395","1.9578328132629395"
"2715","1.8731907606124878","1.8731907606124878","1.8731907606124878"
"2718","1.8290404081344604","1.8290404081344604","1.8290404081344604"
"2719","1.7635897397994995","1.7635897397994995","1.7635897397994995"
"2726","1.8416621685028076","1.8416621685028076","1.8416621685028076"
"2733","1.9685924053192139","1.9685924053192139","1.9685924053192139"
"2739","1.8090226650238037","1.8090226650238037","1.8090226650238037"
"2740","1.8964011669158936","1.8964011669158936","1.8964011669158936"
"2751","1.989928126335144","1.989928126335144","1.989928126335144"
"2753","1.903280258178711","1.903280258178711","1.903280258178711"
"2774","1.8236013650894165","1.8236013650894165","1.8236013650894165"
"2792","1.837278127670288","1.837278127670288","1.837278127670288"
"2798","1.7838845252990723","1.7838845252990723","1.7838845252990723"
"2799","1.918653964996338","1.918653964996338","1.918653964996338"
"2805","1.8491110801696777","1.8491110801696777","1.8491110801696777"
"2807","1.8672212362289429","1.8672212362289429","1.8672212362289429"
"2816","1.8719346523284912","1.8719346523284912","1.8719346523284912"
"2817","1.7620998620986938","1.7620998620986938","1.7620998620986938"
"2822","1.9492707252502441","1.9492707252502441","1.9492707252502441"
"2834","1.7259294986724854","1.7259294986724854","1.7259294986724854"
"2835","1.8466819524765015","1.8466819524765015","1.8466819524765015"
"2837","1.8279259204864502","1.8279259204864502","1.8279259204864502"
"2840","1.8762954473495483","1.8762954473495483","1.8762954473495483"
"2842","1.8653066158294678","1.8653066158294678","1.8653066158294678"
"2843","1.8333964347839355","1.8333964347839355","1.8333964347839355"
"2845","1.968367099761963","1.968367099761963","1.968367099761963"
"2848","1.920941948890686","1.920941948890686","1.920941948890686"
"2850","1.9636144638061523","1.9636144638061523","1.9636144638061523"
"2854","1.9163587093353271","1.9163587093353271","1.9163587093353271"
"2860","1.9749642610549927","1.9749642610549927","1.9749642610549927"
"2861","1.8311471939086914","1.8311471939086914","1.8311471939086914"
"2863","2.0037765502929688","2.0037765502929688","2.0037765502929688"
"2864","1.7904506921768188","1.7904506921768188","1.7904506921768188"
"2866","1.868224024772644","1.868224024772644","1.868224024772644"
"2870","1.9356963634490967","1.9356963634490967","1.9356963634490967"
"2872","1.876224160194397","1.876224160194397","1.876224160194397"
"2875","1.9271936416625977","1.9271936416625977","1.9271936416625977"
"2885","1.9306608438491821","1.9306608438491821","1.9306608438491821"
"2894","1.912880778312683","1.912880778312683","1.912880778312683"
"2895","1.7775492668151855","1.7775492668151855","1.7775492668151855"
"2897","1.8822669982910156","1.8822669982910156","1.8822669982910156"
"2903","1.885289192199707","1.885289192199707","1.885289192199707"
"2907","1.8590259552001953","1.8590259552001953","1.8590259552001953"
"2910","1.8708794116973877","1.8708794116973877","1.8708794116973877"
"2912","1.8691257238388062","1.8691257238388062","1.8691257238388062"
"2917","1.909045696258545","1.909045696258545","1.909045696258545"
"2919","2.0491769313812256","2.0491769313812256","2.0491769313812256"
"2927","1.9256247282028198","1.9256247282028198","1.9256247282028198"
"2928","1.9332196712493896","1.9332196712493896","1.9332196712493896"
"2930","1.9521715641021729","1.9521715641021729","1.9521715641021729"
"2932","1.8148833513259888","1.8148833513259888","1.8148833513259888"
"2939","1.866379737854004","1.866379737854004","1.866379737854004"
"2940","1.8745840787887573","1.8745840787887573","1.8745840787887573"
"2942","1.847267746925354","1.847267746925354","1.847267746925354"
"2947","1.8499797582626343","1.8499797582626343","1.8499797582626343"
"2951","1.8869240283966064","1.8869240283966064","1.8869240283966064"
"2955","1.90607488155365","1.90607488155365","1.90607488155365"
"2959","1.8116140365600586","1.8116140365600586","1.8116140365600586"
"2964","1.707987666130066","1.707987666130066","1.707987666130066"
"2965","1.8284581899642944","1.8284581899642944","1.8284581899642944"
"2972","1.7928876876831055","1.7928876876831055","1.7928876876831055"
"2976","1.9358599185943604","1.9358599185943604","1.9358599185943604"
"2978","1.7991414070129395","1.7991414070129395","1.7991414070129395"
"2984","1.7890243530273438","1.7890243530273438","1.7890243530273438"
"2989","1.850872278213501","1.850872278213501","1.850872278213501"
"2990","1.8462181091308594","1.8462181091308594","1.8462181091308594"
"2993","1.9394075870513916","1.9394075870513916","1.9394075870513916"
"2997","1.9135844707489014","1.9135844707489014","1.9135844707489014"
"3004","1.912837028503418","1.912837028503418","1.912837028503418"
"3010","1.9248629808425903","1.9248629808425903","1.9248629808425903"
"3018","1.7338767051696777","1.7338767051696777","1.7338767051696777"
"3019","1.8423635959625244","1.8423635959625244","1.8423635959625244"
"3025","1.9112231731414795","1.9112231731414795","1.9112231731414795"
"3028","1.851792812347412","1.851792812347412","1.851792812347412"
"3030","1.8979008197784424","1.8979008197784424","1.8979008197784424"
"3031","2.0112152099609375","2.0112152099609375","2.0112152099609375"
"3033","1.891597867012024","1.891597867012024","1.891597867012024"
"3036","1.9671224355697632","1.9671224355697632","1.9671224355697632"
"3043","1.8315672874450684","1.8315672874450684","1.8315672874450684"
"3045","1.888359546661377","1.888359546661377","1.888359546661377"
"3053","1.9023301601409912","1.9023301601409912","1.9023301601409912"
"3058","1.8248331546783447","1.8248331546783447","1.8248331546783447"
"3067","1.8558225631713867","1.8558225631713867","1.8558225631713867"
"3069","1.9301750659942627","1.9301750659942627","1.9301750659942627"
"3070","1.9184768199920654","1.9184768199920654","1.9184768199920654"
"3071","1.8988924026489258","1.8988924026489258","1.8988924026489258"
"3074","1.9294023513793945","1.9294023513793945","1.9294023513793945"
"3075","1.8986001014709473","1.8986001014709473","1.8986001014709473"
"3084","1.8782589435577393","1.8782589435577393","1.8782589435577393"
"3086","1.7833386659622192","1.7833386659622192","1.7833386659622192"
"3092","1.8369433879852295","1.8369433879852295","1.8369433879852295"
"3097","1.8603917360305786","1.8603917360305786","1.8603917360305786"
"3098","1.8093924522399902","1.8093924522399902","1.8093924522399902"
"3109","1.8129054307937622","1.8129054307937622","1.8129054307937622"
"3112","1.8521454334259033","1.8521454334259033","1.8521454334259033"
"3118","1.7826738357543945","1.7826738357543945","1.7826738357543945"
"3122","1.9416080713272095","1.9416080713272095","1.9416080713272095"
"3123","1.7325146198272705","1.7325146198272705","1.7325146198272705"
"3125","1.8825547695159912","1.8825547695159912","1.8825547695159912"
"3126","1.911943793296814","1.911943793296814","1.911943793296814"
"3139","1.9887102842330933","1.9887102842330933","1.9887102842330933"
"3146","1.8734853267669678","1.8734853267669678","1.8734853267669678"
"3151","1.885931134223938","1.885931134223938","1.885931134223938"
"3154","1.7475899457931519","1.7475899457931519","1.7475899457931519"
"3156","1.863720178604126","1.863720178604126","1.863720178604126"
"3162","1.952984094619751","1.952984094619751","1.952984094619751"
"3164","1.7577462196350098","1.7577462196350098","1.7577462196350098"
"3168","1.8824458122253418","1.8824458122253418","1.8824458122253418"
"3172","1.9473085403442383","1.9473085403442383","1.9473085403442383"
"3174","1.8262462615966797","1.8262462615966797","1.8262462615966797"
"3177","1.8448301553726196","1.8448301553726196","1.8448301553726196"
"3189","1.8040568828582764","1.8040568828582764","1.8040568828582764"
"3192","1.946446180343628","1.946446180343628","1.946446180343628"
"3200","1.8217380046844482","1.8217380046844482","1.8217380046844482"
"3203","1.8437131643295288","1.8437131643295288","1.8437131643295288"
"3207","1.7943021059036255","1.7943021059036255","1.7943021059036255"
"3209","1.8018522262573242","1.8018522262573242","1.8018522262573242"
"3213","1.7063528299331665","1.7063528299331665","1.7063528299331665"
"3214","1.7821300029754639","1.7821300029754639","1.7821300029754639"
"3215","1.8362678289413452","1.8362678289413452","1.8362678289413452"
"3216","1.9973106384277344","1.9973106384277344","1.9973106384277344"
"3222","1.8584591150283813","1.8584591150283813","1.8584591150283813"
"3224","1.7972780466079712","1.7972780466079712","1.7972780466079712"
"3225","1.7990031242370605","1.7990031242370605","1.7990031242370605"
"3231","1.8938943147659302","1.8938943147659302","1.8938943147659302"
"3239","1.8391778469085693","1.8391778469085693","1.8391778469085693"
"3252","1.8047789335250854","1.8047789335250854","1.8047789335250854"
"3263","1.8701027631759644","1.8701027631759644","1.8701027631759644"
"3264","1.7549653053283691","1.7549653053283691","1.7549653053283691"
"3274","1.8718284368515015","1.8718284368515015","1.8718284368515015"
"3275","1.8547899723052979","1.8547899723052979","1.8547899723052979"
"3277","1.8621958494186401","1.8621958494186401","1.8621958494186401"
"3281","1.879347324371338","1.879347324371338","1.879347324371338"
"3282","1.8756771087646484","1.8756771087646484","1.8756771087646484"
"3283","1.8897149562835693","1.8897149562835693","1.8897149562835693"
"3286","1.8783061504364014","1.8783061504364014","1.8783061504364014"
"3293","1.7928245067596436","1.7928245067596436","1.7928245067596436"
"3294","1.855303168296814","1.855303168296814","1.855303168296814"
"3297","1.8428105115890503","1.8428105115890503","1.8428105115890503"
"3305","1.9338942766189575","1.9338942766189575","1.9338942766189575"
"3307","1.8953335285186768","1.8953335285186768","1.8953335285186768"
"3310","1.8472237586975098","1.8472237586975098","1.8472237586975098"
"3311","1.7230637073516846","1.7230637073516846","1.7230637073516846"
"3317","1.7494630813598633","1.7494630813598633","1.7494630813598633"
"3319","1.9190208911895752","1.9190208911895752","1.9190208911895752"
"3329","1.7486423254013062","1.7486423254013062","1.7486423254013062"
"3333","1.8505465984344482","1.8505465984344482","1.8505465984344482"
"3336","2.025973320007324","2.025973320007324","2.025973320007324"
"3338","1.8853464126586914","1.8853464126586914","1.8853464126586914"
"3342","1.7987531423568726","1.7987531423568726","1.7987531423568726"
"3344","1.8358955383300781","1.8358955383300781","1.8358955383300781"
"3350","1.7446856498718262","1.7446856498718262","1.7446856498718262"
"3354","1.78121018409729","1.78121018409729","1.78121018409729"
"3357","1.7143819332122803","1.7143819332122803","1.7143819332122803"
"3358","1.7862746715545654","1.7862746715545654","1.7862746715545654"
"3361","1.8984194993972778","1.8984194993972778","1.8984194993972778"
"3365","1.8845546245574951","1.8845546245574951","1.8845546245574951"
"3366","1.8453577756881714","1.8453577756881714","1.8453577756881714"
"3367","1.8231468200683594","1.8231468200683594","1.8231468200683594"
"3368","1.7422854900360107","1.7422854900360107","1.7422854900360107"
"3373","1.9089521169662476","1.9089521169662476","1.9089521169662476"
"3374","1.9476869106292725","1.9476869106292725","1.9476869106292725"
"3377","1.796778917312622","1.796778917312622","1.796778917312622"
"3383","1.856423020362854","1.856423020362854","1.856423020362854"
"3386","1.8925457000732422","1.8925457000732422","1.8925457000732422"
"3388","1.9028773307800293","1.9028773307800293","1.9028773307800293"
"3393","1.8949612379074097","1.8949612379074097","1.8949612379074097"
"3394","1.7961435317993164","1.7961435317993164","1.7961435317993164"
"3399","1.9092812538146973","1.9092812538146973","1.9092812538146973"
"3400","1.765943169593811","1.765943169593811","1.765943169593811"
"3401","1.7177588939666748","1.7177588939666748","1.7177588939666748"
"3404","1.8321658372879028","1.8321658372879028","1.8321658372879028"
"3418","1.7123887538909912","1.7123887538909912","1.7123887538909912"
"3420","1.9203643798828125","1.9203643798828125","1.9203643798828125"
"3422","1.893953800201416","1.893953800201416","1.893953800201416"
"3423","1.8590993881225586","1.8590993881225586","1.8590993881225586"
"3424","1.7448756694793701","1.7448756694793701","1.7448756694793701"
"3430","1.8613616228103638","1.8613616228103638","1.8613616228103638"
"3431","1.8420324325561523","1.8420324325561523","1.8420324325561523"
"3436","1.9004032611846924","1.9004032611846924","1.9004032611846924"
"3442","1.805912733078003","1.805912733078003","1.805912733078003"
"3445","1.858675479888916","1.858675479888916","1.858675479888916"
"3447","1.7821260690689087","1.7821260690689087","1.7821260690689087"
"3452","1.7882106304168701","1.7882106304168701","1.7882106304168701"
"3458","1.934141993522644","1.934141993522644","1.934141993522644"
"3472","1.7992459535598755","1.7992459535598755","1.7992459535598755"
"3473","1.8765116930007935","1.8765116930007935","1.8765116930007935"
"3477","1.8162376880645752","1.8162376880645752","1.8162376880645752"
"3484","1.867523431777954","1.867523431777954","1.867523431777954"
"3486","1.9248459339141846","1.9248459339141846","1.9248459339141846"
"3487","1.8543164730072021","1.8543164730072021","1.8543164730072021"
"3490","1.9295904636383057","1.9295904636383057","1.9295904636383057"
"3493","1.7294559478759766","1.7294559478759766","1.7294559478759766"
"3494","1.8785648345947266","1.8785648345947266","1.8785648345947266"
"3495","1.8819866180419922","1.8819866180419922","1.8819866180419922"
"3496","1.9072482585906982","1.9072482585906982","1.9072482585906982"
"3497","1.7362686395645142","1.7362686395645142","1.7362686395645142"
"3504","1.8769452571868896","1.8769452571868896","1.8769452571868896"
"3507","1.825465440750122","1.825465440750122","1.825465440750122"
"3512","1.8485907316207886","1.8485907316207886","1.8485907316207886"
"3516","1.8501890897750854","1.8501890897750854","1.8501890897750854"
"3524","1.9272414445877075","1.9272414445877075","1.9272414445877075"
"3526","1.8201442956924438","1.8201442956924438","1.8201442956924438"
"3529","1.878058910369873","1.878058910369873","1.878058910369873"
"3530","1.8129695653915405","1.8129695653915405","1.8129695653915405"
"3531","1.7013607025146484","1.7013607025146484","1.7013607025146484"
"3536","1.8800842761993408","1.8800842761993408","1.8800842761993408"
"3537","1.7361023426055908","1.7361023426055908","1.7361023426055908"
"3544","1.8155198097229004","1.8155198097229004","1.8155198097229004"
"3547","1.7772598266601562","1.7772598266601562","1.7772598266601562"
"3558","1.8869813680648804","1.8869813680648804","1.8869813680648804"
"3564","1.8550814390182495","1.8550814390182495","1.8550814390182495"
"3567","1.822414517402649","1.822414517402649","1.822414517402649"
"3570","1.8349475860595703","1.8349475860595703","1.8349475860595703"
"3572","1.8103512525558472","1.8103512525558472","1.8103512525558472"
"3576","1.901921033859253","1.901921033859253","1.901921033859253"
"3578","1.8537437915802002","1.8537437915802002","1.8537437915802002"
"3579","1.8596513271331787","1.8596513271331787","1.8596513271331787"
"3584","1.7379275560379028","1.7379275560379028","1.7379275560379028"
"3589","1.9382036924362183","1.9382036924362183","1.9382036924362183"
"3592","1.7840049266815186","1.7840049266815186","1.7840049266815186"
"3595","1.7892541885375977","1.7892541885375977","1.7892541885375977"
"3596","1.7749090194702148","1.7749090194702148","1.7749090194702148"
"3598","1.9190009832382202","1.9190009832382202","1.9190009832382202"
"3600","1.9482181072235107","1.9482181072235107","1.9482181072235107"
"3601","1.8732359409332275","1.8732359409332275","1.8732359409332275"
"3602","1.7070001363754272","1.7070001363754272","1.7070001363754272"
"3603","1.818272352218628","1.818272352218628","1.818272352218628"
"3609","1.8753776550292969","1.8753776550292969","1.8753776550292969"
"3611","1.6986652612686157","1.6986652612686157","1.6986652612686157"
"3614","1.6660438776016235","1.6660438776016235","1.6660438776016235"
"3619","1.9805288314819336","1.9805288314819336","1.9805288314819336"
"3620","1.8146860599517822","1.8146860599517822","1.8146860599517822"
"3624","1.879591703414917","1.879591703414917","1.879591703414917"
"3630","1.8518445491790771","1.8518445491790771","1.8518445491790771"
"3632","1.8014369010925293","1.8014369010925293","1.8014369010925293"
"3634","1.8048166036605835","1.8048166036605835","1.8048166036605835"
"3637","1.7763727903366089","1.7763727903366089","1.7763727903366089"
"3641","1.8948246240615845","1.8948246240615845","1.8948246240615845"
"3645","1.736513614654541","1.736513614654541","1.736513614654541"
"3649","1.7775249481201172","1.7775249481201172","1.7775249481201172"
"3650","1.8064630031585693","1.8064630031585693","1.8064630031585693"
"3656","1.8077964782714844","1.8077964782714844","1.8077964782714844"
"3657","1.9102166891098022","1.9102166891098022","1.9102166891098022"
"3661","1.8236051797866821","1.8236051797866821","1.8236051797866821"
"3668","1.7609903812408447","1.7609903812408447","1.7609903812408447"
"3674","1.7401859760284424","1.7401859760284424","1.7401859760284424"
"3677","1.8330377340316772","1.8330377340316772","1.8330377340316772"
"3678","1.747962474822998","1.747962474822998","1.747962474822998"
"3679","1.759225845336914","1.759225845336914","1.759225845336914"
"3680","1.829430341720581","1.829430341720581","1.829430341720581"
"3684","1.9209673404693604","1.9209673404693604","1.9209673404693604"
"3687","1.8155999183654785","1.8155999183654785","1.8155999183654785"
"3690","1.844097375869751","1.844097375869751","1.844097375869751"
"3700","1.8159120082855225","1.8159120082855225","1.8159120082855225"
"3714","1.8469274044036865","1.8469274044036865","1.8469274044036865"
"3720","1.7904820442199707","1.7904820442199707","1.7904820442199707"
"3724","2.0615673065185547","2.0615673065185547","2.0615673065185547"
"3731","1.903769612312317","1.903769612312317","1.903769612312317"
"3735","1.6218922138214111","1.6218922138214111","1.6218922138214111"
"3736","1.883324146270752","1.883324146270752","1.883324146270752"
"3738","1.7762616872787476","1.7762616872787476","1.7762616872787476"
"3741","1.97127366065979","1.97127366065979","1.97127366065979"
"3742","1.7396554946899414","1.7396554946899414","1.7396554946899414"
"3743","1.7462583780288696","1.7462583780288696","1.7462583780288696"
"3745","1.9133976697921753","1.9133976697921753","1.9133976697921753"
"3747","1.8256771564483643","1.8256771564483643","1.8256771564483643"
"3749","1.7918092012405396","1.7918092012405396","1.7918092012405396"
"3750","1.7124669551849365","1.7124669551849365","1.7124669551849365"
"3751","1.7824608087539673","1.7824608087539673","1.7824608087539673"
"3759","1.8476935625076294","1.8476935625076294","1.8476935625076294"
"3765","1.8876711130142212","1.8876711130142212","1.8876711130142212"
"3766","1.7588741779327393","1.7588741779327393","1.7588741779327393"
"3767","1.7404794692993164","1.7404794692993164","1.7404794692993164"
"3768","1.7346673011779785","1.7346673011779785","1.7346673011779785"
"3771","1.8400328159332275","1.8400328159332275","1.8400328159332275"
"3784","1.7390031814575195","1.7390031814575195","1.7390031814575195"
"3790","1.8353976011276245","1.8353976011276245","1.8353976011276245"
"3795","1.8202635049819946","1.8202635049819946","1.8202635049819946"
"3801","1.8494338989257812","1.8494338989257812","1.8494338989257812"
"3804","1.8062844276428223","1.8062844276428223","1.8062844276428223"
"3813","1.9119796752929688","1.9119796752929688","1.9119796752929688"
"3816","1.7848293781280518","1.7848293781280518","1.7848293781280518"
"3819","1.8018743991851807","1.8018743991851807","1.8018743991851807"
"3822","1.7770826816558838","1.7770826816558838","1.7770826816558838"
"3824","1.8922677040100098","1.8922677040100098","1.8922677040100098"
"3827","1.7945547103881836","1.7945547103881836","1.7945547103881836"
"3831","1.8434802293777466","1.8434802293777466","1.8434802293777466"
"3834","1.8879289627075195","1.8879289627075195","1.8879289627075195"
"3837","1.850097417831421","1.850097417831421","1.850097417831421"
"3839","1.7004281282424927","1.7004281282424927","1.7004281282424927"
"3841","1.8195338249206543","1.8195338249206543","1.8195338249206543"
"3850","1.7631927728652954","1.7631927728652954","1.7631927728652954"
"3851","1.770800232887268","1.770800232887268","1.770800232887268"
"3858","1.7366236448287964","1.7366236448287964","1.7366236448287964"
"3861","1.9290978908538818","1.9290978908538818","1.9290978908538818"
"3862","1.8710570335388184","1.8710570335388184","1.8710570335388184"
"3864","1.7518489360809326","1.7518489360809326","1.7518489360809326"
"3869","1.8334770202636719","1.8334770202636719","1.8334770202636719"
"3871","1.8233448266983032","1.8233448266983032","1.8233448266983032"
"3872","1.6397991180419922","1.6397991180419922","1.6397991180419922"
"3879","1.746595859527588","1.746595859527588","1.746595859527588"
"3880","1.795804738998413","1.795804738998413","1.795804738998413"
"3882","1.861889362335205","1.861889362335205","1.861889362335205"
"3884","1.9156570434570312","1.9156570434570312","1.9156570434570312"
"3888","1.7422032356262207","1.7422032356262207","1.7422032356262207"
"3890","1.8219866752624512","1.8219866752624512","1.8219866752624512"
"3893","1.808995246887207","1.808995246887207","1.808995246887207"
"3895","1.6858694553375244","1.6858694553375244","1.6858694553375244"
"3898","1.8622595071792603","1.8622595071792603","1.8622595071792603"
"3905","1.7813396453857422","1.7813396453857422","1.7813396453857422"
"3911","1.8315502405166626","1.8315502405166626","1.8315502405166626"
"3915","1.7776570320129395","1.7776570320129395","1.7776570320129395"
"3918","1.8132030963897705","1.8132030963897705","1.8132030963897705"
"3921","1.8347203731536865","1.8347203731536865","1.8347203731536865"
"3922","1.9032844305038452","1.9032844305038452","1.9032844305038452"
"3924","1.8293734788894653","1.8293734788894653","1.8293734788894653"
"3926","1.859070062637329","1.859070062637329","1.859070062637329"
"3932","1.7690837383270264","1.7690837383270264","1.7690837383270264"
"3933","1.7756893634796143","1.7756893634796143","1.7756893634796143"
"3935","1.7128523588180542","1.7128523588180542","1.7128523588180542"
"3938","1.8239753246307373","1.8239753246307373","1.8239753246307373"
"3943","1.8539772033691406","1.8539772033691406","1.8539772033691406"
"3945","1.8258461952209473","1.8258461952209473","1.8258461952209473"
"3951","1.8336049318313599","1.8336049318313599","1.8336049318313599"
"3952","1.770875096321106","1.770875096321106","1.770875096321106"
"3954","1.85877525806427","1.85877525806427","1.85877525806427"
"3956","1.9909131526947021","1.9909131526947021","1.9909131526947021"
"3959","1.783509373664856","1.783509373664856","1.783509373664856"
"3962","1.731108546257019","1.731108546257019","1.731108546257019"
"3967","1.7422537803649902","1.7422537803649902","1.7422537803649902"
"3969","1.8679492473602295","1.8679492473602295","1.8679492473602295"
"3975","1.7146613597869873","1.7146613597869873","1.7146613597869873"
"3977","1.7268034219741821","1.7268034219741821","1.7268034219741821"
"3979","1.8142566680908203","1.8142566680908203","1.8142566680908203"
"3982","1.7648687362670898","1.7648687362670898","1.7648687362670898"
"3990","1.7423031330108643","1.7423031330108643","1.7423031330108643"
"3991","1.6784327030181885","1.6784327030181885","1.6784327030181885"
"3994","1.8191781044006348","1.8191781044006348","1.8191781044006348"
"3999","1.7782032489776611","1.7782032489776611","1.7782032489776611"
"4001","1.80202054977417","1.80202054977417","1.80202054977417"
"4003","1.8119521141052246","1.8119521141052246","1.8119521141052246"
"4009","1.7036333084106445","1.7036333084106445","1.7036333084106445"
"4010","1.8119196891784668","1.8119196891784668","1.8119196891784668"
"4013","1.8338572978973389","1.8338572978973389","1.8338572978973389"
"4017","1.7749806642532349","1.7749806642532349","1.7749806642532349"
"4018","1.8648698329925537","1.8648698329925537","1.8648698329925537"
"4022","1.7703044414520264","1.7703044414520264","1.7703044414520264"
"4025","1.782057285308838","1.782057285308838","1.782057285308838"
"4026","1.818547248840332","1.818547248840332","1.818547248840332"
"4030","1.9106004238128662","1.9106004238128662","1.9106004238128662"
"4033","1.8409910202026367","1.8409910202026367","1.8409910202026367"
"4041","1.8153314590454102","1.8153314590454102","1.8153314590454102"
"4055","1.8020761013031006","1.8020761013031006","1.8020761013031006"
"4067","1.8223507404327393","1.8223507404327393","1.8223507404327393"
"4075","1.7841652631759644","1.7841652631759644","1.7841652631759644"
"4091","1.8368806838989258","1.8368806838989258","1.8368806838989258"
"4092","1.811039686203003","1.811039686203003","1.811039686203003"
"4093","1.748805046081543","1.748805046081543","1.748805046081543"
"4101","1.7076869010925293","1.7076869010925293","1.7076869010925293"
"4102","1.8749330043792725","1.8749330043792725","1.8749330043792725"
"4103","1.8390865325927734","1.8390865325927734","1.8390865325927734"
"4105","1.7864724397659302","1.7864724397659302","1.7864724397659302"
"4106","1.7342700958251953","1.7342700958251953","1.7342700958251953"
"4115","1.7693145275115967","1.7693145275115967","1.7693145275115967"
"4116","1.8286919593811035","1.8286919593811035","1.8286919593811035"
"4118","1.7635328769683838","1.7635328769683838","1.7635328769683838"
"4127","1.809635043144226","1.809635043144226","1.809635043144226"
"4132","1.8253576755523682","1.8253576755523682","1.8253576755523682"
"4141","1.848852515220642","1.848852515220642","1.848852515220642"
"4142","1.7017498016357422","1.7017498016357422","1.7017498016357422"
"4144","1.7557321786880493","1.7557321786880493","1.7557321786880493"
"4148","1.8782262802124023","1.8782262802124023","1.8782262802124023"
"4149","1.82294762134552","1.82294762134552","1.82294762134552"
"4152","1.869674563407898","1.869674563407898","1.869674563407898"
"4163","1.7101106643676758","1.7101106643676758","1.7101106643676758"
"4164","1.7660298347473145","1.7660298347473145","1.7660298347473145"
"4176","1.7169928550720215","1.7169928550720215","1.7169928550720215"
"4178","1.936025619506836","1.936025619506836","1.936025619506836"
"4182","1.8268308639526367","1.8268308639526367","1.8268308639526367"
"4185","1.8622822761535645","1.8622822761535645","1.8622822761535645"
"4189","1.7469332218170166","1.7469332218170166","1.7469332218170166"
"4198","1.8164780139923096","1.8164780139923096","1.8164780139923096"
"4199","1.7670263051986694","1.7670263051986694","1.7670263051986694"
"4204","1.7871077060699463","1.7871077060699463","1.7871077060699463"
"4211","1.777396321296692","1.777396321296692","1.777396321296692"
"4213","1.8305891752243042","1.8305891752243042","1.8305891752243042"
"4214","1.7059643268585205","1.7059643268585205","1.7059643268585205"
"4223","1.7812446355819702","1.7812446355819702","1.7812446355819702"
"4226","1.9252105951309204","1.9252105951309204","1.9252105951309204"
"4229","1.8298574686050415","1.8298574686050415","1.8298574686050415"
"4230","1.774928331375122","1.774928331375122","1.774928331375122"
"4243","1.8408117294311523","1.8408117294311523","1.8408117294311523"
"4245","1.713388442993164","1.713388442993164","1.713388442993164"
"4248","1.7074354887008667","1.7074354887008667","1.7074354887008667"
"4252","1.86794114112854","1.86794114112854","1.86794114112854"
"4271","1.8813807964324951","1.8813807964324951","1.8813807964324951"
"4273","1.880925178527832","1.880925178527832","1.880925178527832"
"4276","1.7750927209854126","1.7750927209854126","1.7750927209854126"
"4278","1.822151780128479","1.822151780128479","1.822151780128479"
"4282","1.7314281463623047","1.7314281463623047","1.7314281463623047"
"4296","1.7715709209442139","1.7715709209442139","1.7715709209442139"
"4298","1.7256618738174438","1.7256618738174438","1.7256618738174438"
"4309","1.8431153297424316","1.8431153297424316","1.8431153297424316"
"4315","1.6922136545181274","1.6922136545181274","1.6922136545181274"
"4319","1.7378649711608887","1.7378649711608887","1.7378649711608887"
"4322","1.7617065906524658","1.7617065906524658","1.7617065906524658"
"4327","1.8073866367340088","1.8073866367340088","1.8073866367340088"
"4329","1.6857433319091797","1.6857433319091797","1.6857433319091797"
"4330","1.7823092937469482","1.7823092937469482","1.7823092937469482"
"4336","1.6674209833145142","1.6674209833145142","1.6674209833145142"
"4338","1.7676562070846558","1.7676562070846558","1.7676562070846558"
"4339","1.727149486541748","1.727149486541748","1.727149486541748"
"4342","1.7970643043518066","1.7970643043518066","1.7970643043518066"
"4345","1.8543195724487305","1.8543195724487305","1.8543195724487305"
"4346","1.8831167221069336","1.8831167221069336","1.8831167221069336"
"4350","1.8449406623840332","1.8449406623840332","1.8449406623840332"
"4353","1.7537035942077637","1.7537035942077637","1.7537035942077637"
"4359","1.8148670196533203","1.8148670196533203","1.8148670196533203"
"4360","1.8722915649414062","1.8722915649414062","1.8722915649414062"
"4370","1.672950029373169","1.672950029373169","1.672950029373169"
"4378","1.7655431032180786","1.7655431032180786","1.7655431032180786"
"4380","1.8589558601379395","1.8589558601379395","1.8589558601379395"
"4385","1.8741848468780518","1.8741848468780518","1.8741848468780518"
"4387","1.8848509788513184","1.8848509788513184","1.8848509788513184"
"4391","1.7890580892562866","1.7890580892562866","1.7890580892562866"
"4393","1.6292626857757568","1.6292626857757568","1.6292626857757568"
"4403","1.944645643234253","1.944645643234253","1.944645643234253"
"4405","1.7852221727371216","1.7852221727371216","1.7852221727371216"
"4406","1.7659169435501099","1.7659169435501099","1.7659169435501099"
"4407","1.8290971517562866","1.8290971517562866","1.8290971517562866"
"4409","1.852799415588379","1.852799415588379","1.852799415588379"
"4412","1.714137077331543","1.714137077331543","1.714137077331543"
"4414","1.7315866947174072","1.7315866947174072","1.7315866947174072"
"4416","1.7527706623077393","1.7527706623077393","1.7527706623077393"
"4421","1.926185131072998","1.926185131072998","1.926185131072998"
"4425","1.7945833206176758","1.7945833206176758","1.7945833206176758"
"4426","1.9161813259124756","1.9161813259124756","1.9161813259124756"
"4430","1.7760037183761597","1.7760037183761597","1.7760037183761597"
"4438","1.6538149118423462","1.6538149118423462","1.6538149118423462"
"4444","1.8632659912109375","1.8632659912109375","1.8632659912109375"
"4446","1.8463668823242188","1.8463668823242188","1.8463668823242188"
"4448","1.8179855346679688","1.8179855346679688","1.8179855346679688"
"4449","1.7706248760223389","1.7706248760223389","1.7706248760223389"
"4454","1.7341278791427612","1.7341278791427612","1.7341278791427612"
"4466","1.7292547225952148","1.7292547225952148","1.7292547225952148"
"4469","1.7156814336776733","1.7156814336776733","1.7156814336776733"
"4479","1.8179121017456055","1.8179121017456055","1.8179121017456055"
"4482","1.787287950515747","1.787287950515747","1.787287950515747"
"4487","1.8332116603851318","1.8332116603851318","1.8332116603851318"
"4488","1.8175933361053467","1.8175933361053467","1.8175933361053467"
"4490","1.6608833074569702","1.6608833074569702","1.6608833074569702"
"4492","1.72463059425354","1.72463059425354","1.72463059425354"
"4495","1.7779488563537598","1.7779488563537598","1.7779488563537598"
"4503","1.7106397151947021","1.7106397151947021","1.7106397151947021"
"4504","1.7728641033172607","1.7728641033172607","1.7728641033172607"
"4506","1.8162776231765747","1.8162776231765747","1.8162776231765747"
"4511","1.7288544178009033","1.7288544178009033","1.7288544178009033"
"4513","1.7778505086898804","1.7778505086898804","1.7778505086898804"
"4523","1.8464701175689697","1.8464701175689697","1.8464701175689697"
"4524","1.861959457397461","1.861959457397461","1.861959457397461"
"4527","1.6445560455322266","1.6445560455322266","1.6445560455322266"
"4528","1.688902497291565","1.688902497291565","1.688902497291565"
"4535","1.7613625526428223","1.7613625526428223","1.7613625526428223"
"4540","1.8818367719650269","1.8818367719650269","1.8818367719650269"
"4544","1.8881278038024902","1.8881278038024902","1.8881278038024902"
"4548","1.8523224592208862","1.8523224592208862","1.8523224592208862"
"4554","1.8537678718566895","1.8537678718566895","1.8537678718566895"
"4560","1.7517175674438477","1.7517175674438477","1.7517175674438477"
"4561","1.6704645156860352","1.6704645156860352","1.6704645156860352"
"4565","1.8602967262268066","1.8602967262268066","1.8602967262268066"
"4566","1.858805775642395","1.858805775642395","1.858805775642395"
"4574","1.8902499675750732","1.8902499675750732","1.8902499675750732"
"4578","1.9321777820587158","1.9321777820587158","1.9321777820587158"
"4580","1.7317456007003784","1.7317456007003784","1.7317456007003784"
"4582","1.7031385898590088","1.7031385898590088","1.7031385898590088"
"4583","1.7731425762176514","1.7731425762176514","1.7731425762176514"
"4588","1.9034013748168945","1.9034013748168945","1.9034013748168945"
"4597","1.8569000959396362","1.8569000959396362","1.8569000959396362"
"4607","1.89459228515625","1.89459228515625","1.89459228515625"
"4608","1.8469597101211548","1.8469597101211548","1.8469597101211548"
"4609","1.7578885555267334","1.7578885555267334","1.7578885555267334"
"4610","1.7663793563842773","1.7663793563842773","1.7663793563842773"
"4619","1.8086135387420654","1.8086135387420654","1.8086135387420654"
"4620","1.7190693616867065","1.7190693616867065","1.7190693616867065"
"4628","1.6492903232574463","1.6492903232574463","1.6492903232574463"
"4631","1.6574426889419556","1.6574426889419556","1.6574426889419556"
"4632","1.7408307790756226","1.7408307790756226","1.7408307790756226"
"4634","1.7741806507110596","1.7741806507110596","1.7741806507110596"
"4638","1.8864517211914062","1.8864517211914062","1.8864517211914062"
"4640","1.6617766618728638","1.6617766618728638","1.6617766618728638"
"4648","1.8991373777389526","1.8991373777389526","1.8991373777389526"
"4649","1.7555620670318604","1.7555620670318604","1.7555620670318604"
"4651","1.8825476169586182","1.8825476169586182","1.8825476169586182"
"4652","1.8066561222076416","1.8066561222076416","1.8066561222076416"
"4654","1.7263401746749878","1.7263401746749878","1.7263401746749878"
"4659","1.7960680723190308","1.7960680723190308","1.7960680723190308"
"4660","1.8145596981048584","1.8145596981048584","1.8145596981048584"
"4662","1.7746710777282715","1.7746710777282715","1.7746710777282715"
"4667","1.7776641845703125","1.7776641845703125","1.7776641845703125"
"4673","1.7262742519378662","1.7262742519378662","1.7262742519378662"
"4674","1.6595468521118164","1.6595468521118164","1.6595468521118164"
"4675","1.8065930604934692","1.8065930604934692","1.8065930604934692"
"4677","1.783138632774353","1.783138632774353","1.783138632774353"
"4678","1.8145740032196045","1.8145740032196045","1.8145740032196045"
"4690","1.857008457183838","1.857008457183838","1.857008457183838"
"4695","1.687300205230713","1.687300205230713","1.687300205230713"
"4697","1.8151028156280518","1.8151028156280518","1.8151028156280518"
"4705","1.725938320159912","1.725938320159912","1.725938320159912"
"4706","1.775038242340088","1.775038242340088","1.775038242340088"
"4709","1.746180772781372","1.746180772781372","1.746180772781372"
"4711","1.704427719116211","1.704427719116211","1.704427719116211"
"4713","1.679724931716919","1.679724931716919","1.679724931716919"
"4716","1.8340065479278564","1.8340065479278564","1.8340065479278564"
"4727","1.7509061098098755","1.7509061098098755","1.7509061098098755"
"4728","1.8332035541534424","1.8332035541534424","1.8332035541534424"
"4730","1.87509286403656","1.87509286403656","1.87509286403656"
"4735","1.9143545627593994","1.9143545627593994","1.9143545627593994"
"4736","1.873867392539978","1.873867392539978","1.873867392539978"
"4751","1.6986711025238037","1.6986711025238037","1.6986711025238037"
"4752","1.6575360298156738","1.6575360298156738","1.6575360298156738"
"4753","1.7120845317840576","1.7120845317840576","1.7120845317840576"
"4757","1.750279426574707","1.750279426574707","1.750279426574707"
"4759","1.783524751663208","1.783524751663208","1.783524751663208"
"4763","1.7326242923736572","1.7326242923736572","1.7326242923736572"
"4764","1.9510000944137573","1.9510000944137573","1.9510000944137573"
"4773","1.7087819576263428","1.7087819576263428","1.7087819576263428"
"4774","1.9321953058242798","1.9321953058242798","1.9321953058242798"
"4775","1.7297008037567139","1.7297008037567139","1.7297008037567139"
"4776","1.8002796173095703","1.8002796173095703","1.8002796173095703"
"4779","1.7493499517440796","1.7493499517440796","1.7493499517440796"
"4784","1.7877097129821777","1.7877097129821777","1.7877097129821777"
"4791","1.8517017364501953","1.8517017364501953","1.8517017364501953"
"4793","1.6996909379959106","1.6996909379959106","1.6996909379959106"
"4796","1.8008670806884766","1.8008670806884766","1.8008670806884766"
"4800","1.7643811702728271","1.7643811702728271","1.7643811702728271"
"4801","1.8521902561187744","1.8521902561187744","1.8521902561187744"
"4817","1.8223834037780762","1.8223834037780762","1.8223834037780762"
"4819","1.8263351917266846","1.8263351917266846","1.8263351917266846"
"4823","1.7351014614105225","1.7351014614105225","1.7351014614105225"
"4830","1.7865049839019775","1.7865049839019775","1.7865049839019775"
"4839","1.771237850189209","1.771237850189209","1.771237850189209"
"4840","1.864396572113037","1.864396572113037","1.864396572113037"
"4846","1.7993898391723633","1.7993898391723633","1.7993898391723633"
"4852","1.8157744407653809","1.8157744407653809","1.8157744407653809"
"4853","1.8098043203353882","1.8098043203353882","1.8098043203353882"
"4861","1.8109936714172363","1.8109936714172363","1.8109936714172363"
"4871","1.728708028793335","1.728708028793335","1.728708028793335"
"4876","1.7221120595932007","1.7221120595932007","1.7221120595932007"
"4891","1.7868964672088623","1.7868964672088623","1.7868964672088623"
"4894","1.7899250984191895","1.7899250984191895","1.7899250984191895"
"4897","1.8171899318695068","1.8171899318695068","1.8171899318695068"
"4902","1.7748591899871826","1.7748591899871826","1.7748591899871826"
"4907","1.864211916923523","1.864211916923523","1.864211916923523"
"4910","1.6541969776153564","1.6541969776153564","1.6541969776153564"
"4912","1.7796294689178467","1.7796294689178467","1.7796294689178467"
"4915","1.6455371379852295","1.6455371379852295","1.6455371379852295"
"4918","1.7349388599395752","1.7349388599395752","1.7349388599395752"
"4919","1.7369003295898438","1.7369003295898438","1.7369003295898438"
"4920","1.811912178993225","1.811912178993225","1.811912178993225"
"4924","1.7895468473434448","1.7895468473434448","1.7895468473434448"
"4926","1.6905916929244995","1.6905916929244995","1.6905916929244995"
"4936","1.774564266204834","1.774564266204834","1.774564266204834"
"4938","1.7901020050048828","1.7901020050048828","1.7901020050048828"
"4941","1.8400547504425049","1.8400547504425049","1.8400547504425049"
"4943","1.7821292877197266","1.7821292877197266","1.7821292877197266"
"4944","1.7612255811691284","1.7612255811691284","1.7612255811691284"
"4951","1.8599215745925903","1.8599215745925903","1.8599215745925903"
"4952","1.6741530895233154","1.6741530895233154","1.6741530895233154"
"4958","1.800967812538147","1.800967812538147","1.800967812538147"
"4964","1.8364458084106445","1.8364458084106445","1.8364458084106445"
"4968","1.8890315294265747","1.8890315294265747","1.8890315294265747"
"4969","1.7428697347640991","1.7428697347640991","1.7428697347640991"
"4975","1.8950538635253906","1.8950538635253906","1.8950538635253906"
"4980","1.7793374061584473","1.7793374061584473","1.7793374061584473"
"4984","1.7024811506271362","1.7024811506271362","1.7024811506271362"
"4992","1.7482818365097046","1.7482818365097046","1.7482818365097046"
"4993","1.8660132884979248","1.8660132884979248","1.8660132884979248"
"4995","1.8709726333618164","1.8709726333618164","1.8709726333618164"
"4999","1.73810613155365","1.73810613155365","1.73810613155365"
"5001","1.7576768398284912","1.7576768398284912","1.7576768398284912"
"5005","1.7518072128295898","1.7518072128295898","1.7518072128295898"
"5012","1.8252131938934326","1.8252131938934326","1.8252131938934326"
"5016","1.8705030679702759","1.8705030679702759","1.8705030679702759"
"5017","1.7950356006622314","1.7950356006622314","1.7950356006622314"
"5020","1.7691235542297363","1.7691235542297363","1.7691235542297363"
"5022","1.6719844341278076","1.6719844341278076","1.6719844341278076"
"5025","1.774422287940979","1.774422287940979","1.774422287940979"
"5035","1.837475061416626","1.837475061416626","1.837475061416626"
"5036","1.8112406730651855","1.8112406730651855","1.8112406730651855"
"5038","1.658745288848877","1.658745288848877","1.658745288848877"
"5039","1.7059593200683594","1.7059593200683594","1.7059593200683594"
"5041","1.7638130187988281","1.7638130187988281","1.7638130187988281"
"5042","1.7269439697265625","1.7269439697265625","1.7269439697265625"
"5049","1.7271955013275146","1.7271955013275146","1.7271955013275146"
"5052","1.767878770828247","1.767878770828247","1.767878770828247"
"5054","1.801149845123291","1.801149845123291","1.801149845123291"
"5057","1.8165576457977295","1.8165576457977295","1.8165576457977295"
"5061","1.8388936519622803","1.8388936519622803","1.8388936519622803"
"5063","1.6968896389007568","1.6968896389007568","1.6968896389007568"
"5066","1.8043406009674072","1.8043406009674072","1.8043406009674072"
"5067","1.8223322629928589","1.8223322629928589","1.8223322629928589"
"5075","1.7280824184417725","1.7280824184417725","1.7280824184417725"
"5077","1.800285816192627","1.800285816192627","1.800285816192627"
"5079","1.663553237915039","1.663553237915039","1.663553237915039"
"5087","1.7508049011230469","1.7508049011230469","1.7508049011230469"
"5090","1.7324531078338623","1.7324531078338623","1.7324531078338623"
"5092","1.821572184562683","1.821572184562683","1.821572184562683"
"5094","1.7632920742034912","1.7632920742034912","1.7632920742034912"
"5105","1.8452152013778687","1.8452152013778687","1.8452152013778687"
"5114","1.659627914428711","1.659627914428711","1.659627914428711"
"5120","1.8395202159881592","1.8395202159881592","1.8395202159881592"
"5124","1.7432105541229248","1.7432105541229248","1.7432105541229248"
"5129","1.7534964084625244","1.7534964084625244","1.7534964084625244"
"5131","1.9426910877227783","1.9426910877227783","1.9426910877227783"
"5132","1.855513572692871","1.855513572692871","1.855513572692871"
"5141","1.8013969659805298","1.8013969659805298","1.8013969659805298"
"5143","1.7510347366333008","1.7510347366333008","1.7510347366333008"
"5144","1.7287333011627197","1.7287333011627197","1.7287333011627197"
"5146","1.7691757678985596","1.7691757678985596","1.7691757678985596"
"5151","1.7696415185928345","1.7696415185928345","1.7696415185928345"
"5159","1.6796743869781494","1.6796743869781494","1.6796743869781494"
"5165","1.711747407913208","1.711747407913208","1.711747407913208"
"5168","1.7459337711334229","1.7459337711334229","1.7459337711334229"
"5169","1.7611961364746094","1.7611961364746094","1.7611961364746094"
"5171","1.747450590133667","1.747450590133667","1.747450590133667"
"5173","1.8003000020980835","1.8003000020980835","1.8003000020980835"
"5180","1.7800618410110474","1.7800618410110474","1.7800618410110474"
"5181","1.8547099828720093","1.8547099828720093","1.8547099828720093"
"5183","1.7133431434631348","1.7133431434631348","1.7133431434631348"
"5184","1.6804957389831543","1.6804957389831543","1.6804957389831543"
"5192","1.6616489887237549","1.6616489887237549","1.6616489887237549"
"5195","1.7126967906951904","1.7126967906951904","1.7126967906951904"
"5200","1.6742734909057617","1.6742734909057617","1.6742734909057617"
"5202","1.7371366024017334","1.7371366024017334","1.7371366024017334"
"5208","1.887374758720398","1.887374758720398","1.887374758720398"
"5211","1.7216075658798218","1.7216075658798218","1.7216075658798218"
"5216","1.8256256580352783","1.8256256580352783","1.8256256580352783"
"5219","1.682234287261963","1.682234287261963","1.682234287261963"
"5232","1.805558681488037","1.805558681488037","1.805558681488037"
"5234","1.7464061975479126","1.7464061975479126","1.7464061975479126"
"5240","1.6846435070037842","1.6846435070037842","1.6846435070037842"
"5241","1.7650097608566284","1.7650097608566284","1.7650097608566284"
"5243","1.7511590719223022","1.7511590719223022","1.7511590719223022"
"5249","1.7290072441101074","1.7290072441101074","1.7290072441101074"
"5256","1.6905471086502075","1.6905471086502075","1.6905471086502075"
"5261","1.685537338256836","1.685537338256836","1.685537338256836"
"5262","1.8934978246688843","1.8934978246688843","1.8934978246688843"
"5267","1.7767539024353027","1.7767539024353027","1.7767539024353027"
"5268","1.5946427583694458","1.5946427583694458","1.5946427583694458"
"5269","1.7434463500976562","1.7434463500976562","1.7434463500976562"
"5274","1.8942774534225464","1.8942774534225464","1.8942774534225464"
"5285","1.8666213750839233","1.8666213750839233","1.8666213750839233"
"5286","1.7413482666015625","1.7413482666015625","1.7413482666015625"
"5288","1.7639929056167603","1.7639929056167603","1.7639929056167603"
"5295","1.6813011169433594","1.6813011169433594","1.6813011169433594"
"5297","1.8306093215942383","1.8306093215942383","1.8306093215942383"
"5300","1.8620786666870117","1.8620786666870117","1.8620786666870117"
"5303","1.6767611503601074","1.6767611503601074","1.6767611503601074"
"5305","1.7638306617736816","1.7638306617736816","1.7638306617736816"
"5314","1.8561732769012451","1.8561732769012451","1.8561732769012451"
"5319","1.7547308206558228","1.7547308206558228","1.7547308206558228"
"5323","1.7675073146820068","1.7675073146820068","1.7675073146820068"
"5328","1.8448631763458252","1.8448631763458252","1.8448631763458252"
"5332","1.7446478605270386","1.7446478605270386","1.7446478605270386"
"5334","1.793877363204956","1.793877363204956","1.793877363204956"
"5336","1.707836627960205","1.707836627960205","1.707836627960205"
"5337","1.7764430046081543","1.7764430046081543","1.7764430046081543"
"5341","1.8579156398773193","1.8579156398773193","1.8579156398773193"
"5343","1.6196916103363037","1.6196916103363037","1.6196916103363037"
"5344","1.7480933666229248","1.7480933666229248","1.7480933666229248"
"5347","1.7908223867416382","1.7908223867416382","1.7908223867416382"
"5349","1.8280417919158936","1.8280417919158936","1.8280417919158936"
"5350","1.7906506061553955","1.7906506061553955","1.7906506061553955"
"5356","1.7247817516326904","1.7247817516326904","1.7247817516326904"
"5359","1.6913670301437378","1.6913670301437378","1.6913670301437378"
"5361","1.7952775955200195","1.7952775955200195","1.7952775955200195"
"5362","1.7265777587890625","1.7265777587890625","1.7265777587890625"
"5370","1.6988599300384521","1.6988599300384521","1.6988599300384521"
"5380","1.8215373754501343","1.8215373754501343","1.8215373754501343"
"5389","1.6212530136108398","1.6212530136108398","1.6212530136108398"
"5391","1.7571344375610352","1.7571344375610352","1.7571344375610352"
"5393","1.6977081298828125","1.6977081298828125","1.6977081298828125"
"5396","1.8511935472488403","1.8511935472488403","1.8511935472488403"
"5397","1.700905442237854","1.700905442237854","1.700905442237854"
"5399","1.7462044954299927","1.7462044954299927","1.7462044954299927"
"5407","1.7558958530426025","1.7558958530426025","1.7558958530426025"
"5413","1.7705750465393066","1.7705750465393066","1.7705750465393066"
"5417","1.7293272018432617","1.7293272018432617","1.7293272018432617"
"5420","1.7579822540283203","1.7579822540283203","1.7579822540283203"
"5422","1.7896316051483154","1.7896316051483154","1.7896316051483154"
"5424","1.776614785194397","1.776614785194397","1.776614785194397"
"5428","1.7728551626205444","1.7728551626205444","1.7728551626205444"
"5429","1.7491497993469238","1.7491497993469238","1.7491497993469238"
"5432","1.677020788192749","1.677020788192749","1.677020788192749"
"5435","1.6683682203292847","1.6683682203292847","1.6683682203292847"
"5436","1.7623522281646729","1.7623522281646729","1.7623522281646729"
"5438","1.6790043115615845","1.6790043115615845","1.6790043115615845"
"5439","1.753785252571106","1.753785252571106","1.753785252571106"
"5440","1.772322416305542","1.772322416305542","1.772322416305542"
"5444","1.790597677230835","1.790597677230835","1.790597677230835"
"5445","1.8706190586090088","1.8706190586090088","1.8706190586090088"
"5447","1.66965913772583","1.66965913772583","1.66965913772583"
"5450","1.82572340965271","1.82572340965271","1.82572340965271"
"5457","1.780899167060852","1.780899167060852","1.780899167060852"
"5460","1.818878173828125","1.818878173828125","1.818878173828125"
"5466","1.8074331283569336","1.8074331283569336","1.8074331283569336"
"5474","1.7673689126968384","1.7673689126968384","1.7673689126968384"
"5484","1.7598793506622314","1.7598793506622314","1.7598793506622314"
"5486","1.7111960649490356","1.7111960649490356","1.7111960649490356"
"5487","1.812831163406372","1.812831163406372","1.812831163406372"
"5501","1.8027875423431396","1.8027875423431396","1.8027875423431396"
"5518","1.8229635953903198","1.8229635953903198","1.8229635953903198"
"5521","1.7272528409957886","1.7272528409957886","1.7272528409957886"
"5534","1.7619469165802002","1.7619469165802002","1.7619469165802002"
"5536","1.7692948579788208","1.7692948579788208","1.7692948579788208"
"5545","1.7089587450027466","1.7089587450027466","1.7089587450027466"
"5546","1.8043451309204102","1.8043451309204102","1.8043451309204102"
"5548","1.670780897140503","1.670780897140503","1.670780897140503"
"5562","1.8066222667694092","1.8066222667694092","1.8066222667694092"
"5571","1.691946268081665","1.691946268081665","1.691946268081665"
"5582","1.761568546295166","1.761568546295166","1.761568546295166"
"5584","1.7992979288101196","1.7992979288101196","1.7992979288101196"
"5588","1.7576489448547363","1.7576489448547363","1.7576489448547363"
"5589","1.7331366539001465","1.7331366539001465","1.7331366539001465"
"5593","1.71505606174469","1.71505606174469","1.71505606174469"
"5594","1.6136497259140015","1.6136497259140015","1.6136497259140015"
"5597","1.6967599391937256","1.6967599391937256","1.6967599391937256"
"5603","1.771369457244873","1.771369457244873","1.771369457244873"
"5605","1.7910553216934204","1.7910553216934204","1.7910553216934204"
"5609","1.706235647201538","1.706235647201538","1.706235647201538"
"5611","1.6774990558624268","1.6774990558624268","1.6774990558624268"
"5614","1.7638347148895264","1.7638347148895264","1.7638347148895264"
"5615","1.781255841255188","1.781255841255188","1.781255841255188"
"5617","1.8633701801300049","1.8633701801300049","1.8633701801300049"
"5622","1.7074215412139893","1.7074215412139893","1.7074215412139893"
"5626","1.7392807006835938","1.7392807006835938","1.7392807006835938"
"5629","1.8578274250030518","1.8578274250030518","1.8578274250030518"
"5630","1.7159767150878906","1.7159767150878906","1.7159767150878906"
"5635","1.7114992141723633","1.7114992141723633","1.7114992141723633"
"5641","1.87063729763031","1.87063729763031","1.87063729763031"
"5645","1.6821434497833252","1.6821434497833252","1.6821434497833252"
"5646","1.757176160812378","1.757176160812378","1.757176160812378"
"5649","1.7603166103363037","1.7603166103363037","1.7603166103363037"
"5654","1.8147526979446411","1.8147526979446411","1.8147526979446411"
"5662","1.6893253326416016","1.6893253326416016","1.6893253326416016"
"5665","1.816119909286499","1.816119909286499","1.816119909286499"
"5682","1.6619093418121338","1.6619093418121338","1.6619093418121338"
"5684","1.8886067867279053","1.8886067867279053","1.8886067867279053"
"5686","1.7269189357757568","1.7269189357757568","1.7269189357757568"
"5695","1.7326371669769287","1.7326371669769287","1.7326371669769287"
"5711","1.68571138381958","1.68571138381958","1.68571138381958"
"5715","1.7856441736221313","1.7856441736221313","1.7856441736221313"
"5722","1.724073886871338","1.724073886871338","1.724073886871338"
"5736","1.7100800275802612","1.7100800275802612","1.7100800275802612"
"5742","1.7057719230651855","1.7057719230651855","1.7057719230651855"
"5745","1.8929857015609741","1.8929857015609741","1.8929857015609741"
"5748","1.6501227617263794","1.6501227617263794","1.6501227617263794"
"5754","1.7483344078063965","1.7483344078063965","1.7483344078063965"
"5756","1.7424042224884033","1.7424042224884033","1.7424042224884033"
"5757","1.6895381212234497","1.6895381212234497","1.6895381212234497"
"5758","1.7900654077529907","1.7900654077529907","1.7900654077529907"
"5761","1.7297415733337402","1.7297415733337402","1.7297415733337402"
"5765","1.7401390075683594","1.7401390075683594","1.7401390075683594"
"5766","1.6088511943817139","1.6088511943817139","1.6088511943817139"
"5770","1.7761564254760742","1.7761564254760742","1.7761564254760742"
"5773","1.831075668334961","1.831075668334961","1.831075668334961"
"5774","1.7034255266189575","1.7034255266189575","1.7034255266189575"
"5779","1.8196942806243896","1.8196942806243896","1.8196942806243896"
"5786","1.7496614456176758","1.7496614456176758","1.7496614456176758"
"5796","1.6579394340515137","1.6579394340515137","1.6579394340515137"
"5797","1.8416163921356201","1.8416163921356201","1.8416163921356201"
"5801","1.7305617332458496","1.7305617332458496","1.7305617332458496"
"5802","1.7226057052612305","1.7226057052612305","1.7226057052612305"
"5808","1.792614221572876","1.792614221572876","1.792614221572876"
"5818","1.7511001825332642","1.7511001825332642","1.7511001825332642"
"5820","1.7545490264892578","1.7545490264892578","1.7545490264892578"
"5825","1.661994457244873","1.661994457244873","1.661994457244873"
"5831","1.6980688571929932","1.6980688571929932","1.6980688571929932"
"5836","1.7323358058929443","1.7323358058929443","1.7323358058929443"
"5847","1.6533570289611816","1.6533570289611816","1.6533570289611816"
"5848","1.7107000350952148","1.7107000350952148","1.7107000350952148"
"5849","1.7431378364562988","1.7431378364562988","1.7431378364562988"
"5853","1.730669617652893","1.730669617652893","1.730669617652893"
"5856","1.8877348899841309","1.8877348899841309","1.8877348899841309"
"5857","1.7742559909820557","1.7742559909820557","1.7742559909820557"
"5864","1.713987112045288","1.713987112045288","1.713987112045288"
"5865","1.741114616394043","1.741114616394043","1.741114616394043"
"5868","1.719965934753418","1.719965934753418","1.719965934753418"
"5876","1.7006515264511108","1.7006515264511108","1.7006515264511108"
"5877","1.8994638919830322","1.8994638919830322","1.8994638919830322"
"5880","1.6821272373199463","1.6821272373199463","1.6821272373199463"
"5884","1.8216631412506104","1.8216631412506104","1.8216631412506104"
"5887","1.8033901453018188","1.8033901453018188","1.8033901453018188"
"5890","1.729084849357605","1.729084849357605","1.729084849357605"
"5891","1.649550199508667","1.649550199508667","1.649550199508667"
"5902","1.7933013439178467","1.7933013439178467","1.7933013439178467"
"5905","1.7178690433502197","1.7178690433502197","1.7178690433502197"
"5909","1.8821635246276855","1.8821635246276855","1.8821635246276855"
"5910","1.709214687347412","1.709214687347412","1.709214687347412"
"5916","1.729856252670288","1.729856252670288","1.729856252670288"
"5921","1.7593398094177246","1.7593398094177246","1.7593398094177246"
"5923","1.739579439163208","1.739579439163208","1.739579439163208"
"5928","1.6987897157669067","1.6987897157669067","1.6987897157669067"
"5931","1.7080445289611816","1.7080445289611816","1.7080445289611816"
"5937","1.8024250268936157","1.8024250268936157","1.8024250268936157"
"5938","1.7749478816986084","1.7749478816986084","1.7749478816986084"
"5941","1.6655579805374146","1.6655579805374146","1.6655579805374146"
"5942","1.9174195528030396","1.9174195528030396","1.9174195528030396"
"5943","1.738434910774231","1.738434910774231","1.738434910774231"
"5945","1.8163211345672607","1.8163211345672607","1.8163211345672607"
"5946","1.734007716178894","1.734007716178894","1.734007716178894"
"5948","1.7553870677947998","1.7553870677947998","1.7553870677947998"
"5957","1.813568115234375","1.813568115234375","1.813568115234375"
"5960","1.7572965621948242","1.7572965621948242","1.7572965621948242"
"5967","1.7370339632034302","1.7370339632034302","1.7370339632034302"
"5969","1.639784574508667","1.639784574508667","1.639784574508667"
"5970","1.7781755924224854","1.7781755924224854","1.7781755924224854"
"5973","1.7050201892852783","1.7050201892852783","1.7050201892852783"
"5976","1.7586567401885986","1.7586567401885986","1.7586567401885986"
"5979","1.8424477577209473","1.8424477577209473","1.8424477577209473"
"5980","1.7356451749801636","1.7356451749801636","1.7356451749801636"
"5997","1.7113254070281982","1.7113254070281982","1.7113254070281982"
"6001","1.6964685916900635","1.6964685916900635","1.6964685916900635"
"6008","1.8361772298812866","1.8361772298812866","1.8361772298812866"
"6010","1.7461071014404297","1.7461071014404297","1.7461071014404297"
"6022","1.712193489074707","1.712193489074707","1.712193489074707"
"6023","1.7091618776321411","1.7091618776321411","1.7091618776321411"
"6024","1.7414523363113403","1.7414523363113403","1.7414523363113403"
"6025","1.777115821838379","1.777115821838379","1.777115821838379"
"6027","1.6963802576065063","1.6963802576065063","1.6963802576065063"
"6032","1.6328459978103638","1.6328459978103638","1.6328459978103638"
"6033","1.7328579425811768","1.7328579425811768","1.7328579425811768"
"6044","1.680915117263794","1.680915117263794","1.680915117263794"
"6055","1.7493159770965576","1.7493159770965576","1.7493159770965576"
"6060","1.7976160049438477","1.7976160049438477","1.7976160049438477"
"6061","1.7537405490875244","1.7537405490875244","1.7537405490875244"
"6069","1.7789828777313232","1.7789828777313232","1.7789828777313232"
"6077","1.64423406124115","1.64423406124115","1.64423406124115"
"6079","1.6286033391952515","1.6286033391952515","1.6286033391952515"
"6080","1.6986143589019775","1.6986143589019775","1.6986143589019775"
"6088","1.7413380146026611","1.7413380146026611","1.7413380146026611"
"6090","1.695410966873169","1.695410966873169","1.695410966873169"
"6097","1.7019665241241455","1.7019665241241455","1.7019665241241455"
"6104","1.705434799194336","1.705434799194336","1.705434799194336"
"6107","1.7779736518859863","1.7779736518859863","1.7779736518859863"
"6115","1.7350335121154785","1.7350335121154785","1.7350335121154785"
"6116","1.621477723121643","1.621477723121643","1.621477723121643"
"6118","1.7420052289962769","1.7420052289962769","1.7420052289962769"
"6121","1.756589651107788","1.756589651107788","1.756589651107788"
"6126","1.6962320804595947","1.6962320804595947","1.6962320804595947"
"6138","1.7878899574279785","1.7878899574279785","1.7878899574279785"
"6140","1.8645710945129395","1.8645710945129395","1.8645710945129395"
"6144","1.727341651916504","1.727341651916504","1.727341651916504"
"6147","1.788203477859497","1.788203477859497","1.788203477859497"
"6148","1.7233161926269531","1.7233161926269531","1.7233161926269531"
"6151","1.7025179862976074","1.7025179862976074","1.7025179862976074"
"6153","1.726222276687622","1.726222276687622","1.726222276687622"
"6171","1.5953162908554077","1.5953162908554077","1.5953162908554077"
"6180","1.8233829736709595","1.8233829736709595","1.8233829736709595"
"6184","1.671504259109497","1.671504259109497","1.671504259109497"
"6188","1.679007887840271","1.679007887840271","1.679007887840271"
"6190","1.8122185468673706","1.8122185468673706","1.8122185468673706"
"6194","1.746151328086853","1.746151328086853","1.746151328086853"
"6197","1.6213226318359375","1.6213226318359375","1.6213226318359375"
"6201","1.7350038290023804","1.7350038290023804","1.7350038290023804"
"6202","1.7561203241348267","1.7561203241348267","1.7561203241348267"
"6203","1.7665181159973145","1.7665181159973145","1.7665181159973145"
"6206","1.7418150901794434","1.7418150901794434","1.7418150901794434"
"6209","1.7551738023757935","1.7551738023757935","1.7551738023757935"
"6212","1.666035771369934","1.666035771369934","1.666035771369934"
"6222","1.6487994194030762","1.6487994194030762","1.6487994194030762"
"6226","1.7918288707733154","1.7918288707733154","1.7918288707733154"
"6232","1.8521848917007446","1.8521848917007446","1.8521848917007446"
"6233","1.7630481719970703","1.7630481719970703","1.7630481719970703"
"6237","1.8358919620513916","1.8358919620513916","1.8358919620513916"
"6241","1.6587828397750854","1.6587828397750854","1.6587828397750854"
"6244","1.8796024322509766","1.8796024322509766","1.8796024322509766"
"6246","1.6996790170669556","1.6996790170669556","1.6996790170669556"
"6250","1.622769832611084","1.622769832611084","1.622769832611084"
"6260","1.7184432744979858","1.7184432744979858","1.7184432744979858"
"6262","1.7209415435791016","1.7209415435791016","1.7209415435791016"
"6269","1.6501058340072632","1.6501058340072632","1.6501058340072632"
"6270","1.6766064167022705","1.6766064167022705","1.6766064167022705"
"6281","1.6601710319519043","1.6601710319519043","1.6601710319519043"
"6282","1.8136382102966309","1.8136382102966309","1.8136382102966309"
"6283","1.6019428968429565","1.6019428968429565","1.6019428968429565"
"6290","1.7718780040740967","1.7718780040740967","1.7718780040740967"
"6292","1.7033207416534424","1.7033207416534424","1.7033207416534424"
"6294","1.7352601289749146","1.7352601289749146","1.7352601289749146"
"6298","1.6737699508666992","1.6737699508666992","1.6737699508666992"
"6307","1.6464182138442993","1.6464182138442993","1.6464182138442993"
"6310","1.7455201148986816","1.7455201148986816","1.7455201148986816"
"6311","1.5960183143615723","1.5960183143615723","1.5960183143615723"
"6313","1.6531788110733032","1.6531788110733032","1.6531788110733032"
"6317","1.680936574935913","1.680936574935913","1.680936574935913"
"6319","1.7430371046066284","1.7430371046066284","1.7430371046066284"
"6323","1.8571463823318481","1.8571463823318481","1.8571463823318481"
"6335","1.5934098958969116","1.5934098958969116","1.5934098958969116"
"6338","1.7615535259246826","1.7615535259246826","1.7615535259246826"
"6343","1.7613568305969238","1.7613568305969238","1.7613568305969238"
"6344","1.7172571420669556","1.7172571420669556","1.7172571420669556"
"6350","1.8295583724975586","1.8295583724975586","1.8295583724975586"
"6352","1.670678734779358","1.670678734779358","1.670678734779358"
"6358","1.6817476749420166","1.6817476749420166","1.6817476749420166"
"6363","1.7044823169708252","1.7044823169708252","1.7044823169708252"
"6371","1.6661596298217773","1.6661596298217773","1.6661596298217773"
"6379","1.6708662509918213","1.6708662509918213","1.6708662509918213"
"6381","1.829607367515564","1.829607367515564","1.829607367515564"
"6383","1.801843285560608","1.801843285560608","1.801843285560608"
"6384","1.6052274703979492","1.6052274703979492","1.6052274703979492"
"6388","1.6747677326202393","1.6747677326202393","1.6747677326202393"
"6397","1.7025856971740723","1.7025856971740723","1.7025856971740723"
"6403","1.7154247760772705","1.7154247760772705","1.7154247760772705"
"6415","1.802783489227295","1.802783489227295","1.802783489227295"
"6418","1.6318769454956055","1.6318769454956055","1.6318769454956055"
"6423","1.7654664516448975","1.7654664516448975","1.7654664516448975"
"6427","1.702212929725647","1.702212929725647","1.702212929725647"
"6431","1.6832666397094727","1.6832666397094727","1.6832666397094727"
"6439","1.6850638389587402","1.6850638389587402","1.6850638389587402"
"6441","1.799086570739746","1.799086570739746","1.799086570739746"
"6443","1.7611966133117676","1.7611966133117676","1.7611966133117676"
"6448","1.733595848083496","1.733595848083496","1.733595848083496"
"6454","1.7194695472717285","1.7194695472717285","1.7194695472717285"
"6456","1.7658839225769043","1.7658839225769043","1.7658839225769043"
"6460","1.7740123271942139","1.7740123271942139","1.7740123271942139"
"6466","1.6181086301803589","1.6181086301803589","1.6181086301803589"
"6472","1.7796647548675537","1.7796647548675537","1.7796647548675537"
"6474","1.8015680313110352","1.8015680313110352","1.8015680313110352"
"6478","1.713753581047058","1.713753581047058","1.713753581047058"
"6485","1.7629228830337524","1.7629228830337524","1.7629228830337524"
"6487","1.7454235553741455","1.7454235553741455","1.7454235553741455"
"6491","1.6966629028320312","1.6966629028320312","1.6966629028320312"
"6495","1.6642792224884033","1.6642792224884033","1.6642792224884033"
"6496","1.7274740934371948","1.7274740934371948","1.7274740934371948"
"6511","1.7579970359802246","1.7579970359802246","1.7579970359802246"
"6512","1.7155523300170898","1.7155523300170898","1.7155523300170898"
"6516","1.8010624647140503","1.8010624647140503","1.8010624647140503"
"6521","1.7875893115997314","1.7875893115997314","1.7875893115997314"
"6523","1.6899932622909546","1.6899932622909546","1.6899932622909546"
"6526","1.6205642223358154","1.6205642223358154","1.6205642223358154"
"6527","1.6438320875167847","1.6438320875167847","1.6438320875167847"
"6529","1.7083215713500977","1.7083215713500977","1.7083215713500977"
"6535","1.8600664138793945","1.8600664138793945","1.8600664138793945"
"6536","1.6129451990127563","1.6129451990127563","1.6129451990127563"
"6537","1.738511323928833","1.738511323928833","1.738511323928833"
"6539","1.77303147315979","1.77303147315979","1.77303147315979"
"6540","1.6435548067092896","1.6435548067092896","1.6435548067092896"
"6545","1.6190589666366577","1.6190589666366577","1.6190589666366577"
"6552","1.6199556589126587","1.6199556589126587","1.6199556589126587"
"6553","1.807063102722168","1.807063102722168","1.807063102722168"
"6556","1.6836926937103271","1.6836926937103271","1.6836926937103271"
"6557","1.6184892654418945","1.6184892654418945","1.6184892654418945"
"6563","1.7007795572280884","1.7007795572280884","1.7007795572280884"
"6566","1.618249535560608","1.618249535560608","1.618249535560608"
"6576","1.719461441040039","1.719461441040039","1.719461441040039"
"6579","1.807875633239746","1.807875633239746","1.807875633239746"
"6580","1.691075325012207","1.691075325012207","1.691075325012207"
"6583","1.7441153526306152","1.7441153526306152","1.7441153526306152"
"6584","1.6549725532531738","1.6549725532531738","1.6549725532531738"
"6586","1.7576847076416016","1.7576847076416016","1.7576847076416016"
"6590","1.6636050939559937","1.6636050939559937","1.6636050939559937"
"6591","1.607113003730774","1.607113003730774","1.607113003730774"
"6596","1.689652681350708","1.689652681350708","1.689652681350708"
"6604","1.6573050022125244","1.6573050022125244","1.6573050022125244"
"6607","1.6487716436386108","1.6487716436386108","1.6487716436386108"
"6611","1.7436410188674927","1.7436410188674927","1.7436410188674927"
"6628","1.6815197467803955","1.6815197467803955","1.6815197467803955"
"6631","1.771101951599121","1.771101951599121","1.771101951599121"
"6644","1.5996977090835571","1.5996977090835571","1.5996977090835571"
"6645","1.7282519340515137","1.7282519340515137","1.7282519340515137"
"6646","1.8213911056518555","1.8213911056518555","1.8213911056518555"
"6652","1.7746028900146484","1.7746028900146484","1.7746028900146484"
"6660","1.7257530689239502","1.7257530689239502","1.7257530689239502"
"6671","1.7735179662704468","1.7735179662704468","1.7735179662704468"
"6674","1.7467389106750488","1.7467389106750488","1.7467389106750488"
"6677","1.6149134635925293","1.6149134635925293","1.6149134635925293"
"6679","1.6095165014266968","1.6095165014266968","1.6095165014266968"
"6686","1.6406384706497192","1.6406384706497192","1.6406384706497192"
"6689","1.6054410934448242","1.6054410934448242","1.6054410934448242"
"6692","1.7184991836547852","1.7184991836547852","1.7184991836547852"
"6693","1.7471704483032227","1.7471704483032227","1.7471704483032227"
"6695","1.7461260557174683","1.7461260557174683","1.7461260557174683"
"6696","1.6828505992889404","1.6828505992889404","1.6828505992889404"
"6701","1.778660535812378","1.778660535812378","1.778660535812378"
"6707","1.8047263622283936","1.8047263622283936","1.8047263622283936"
"6710","1.7460910081863403","1.7460910081863403","1.7460910081863403"
"6715","1.7445170879364014","1.7445170879364014","1.7445170879364014"
"6717","1.799122929573059","1.799122929573059","1.799122929573059"
"6720","1.644126296043396","1.644126296043396","1.644126296043396"
"6728","1.6490343809127808","1.6490343809127808","1.6490343809127808"
"6730","1.7073276042938232","1.7073276042938232","1.7073276042938232"
"6737","1.701261281967163","1.701261281967163","1.701261281967163"
"6738","1.8063604831695557","1.8063604831695557","1.8063604831695557"
"6743","1.8864498138427734","1.8864498138427734","1.8864498138427734"
"6748","1.6913429498672485","1.6913429498672485","1.6913429498672485"
"6750","1.7475199699401855","1.7475199699401855","1.7475199699401855"
"6760","1.8022814989089966","1.8022814989089966","1.8022814989089966"
"6763","1.621158242225647","1.621158242225647","1.621158242225647"
"6764","1.775850534439087","1.775850534439087","1.775850534439087"
"6776","1.7815135717391968","1.7815135717391968","1.7815135717391968"
"6781","1.635847806930542","1.635847806930542","1.635847806930542"
"6783","1.6965937614440918","1.6965937614440918","1.6965937614440918"
"6790","1.6732759475708008","1.6732759475708008","1.6732759475708008"
"6795","1.7767329216003418","1.7767329216003418","1.7767329216003418"
"6801","1.6955194473266602","1.6955194473266602","1.6955194473266602"
"6804","1.6732609272003174","1.6732609272003174","1.6732609272003174"
"6806","1.800567626953125","1.800567626953125","1.800567626953125"
"6810","1.6591260433197021","1.6591260433197021","1.6591260433197021"
"6816","1.692852258682251","1.692852258682251","1.692852258682251"
"6820","1.7692267894744873","1.7692267894744873","1.7692267894744873"
"6827","1.8174183368682861","1.8174183368682861","1.8174183368682861"
"6828","1.6610430479049683","1.6610430479049683","1.6610430479049683"
"6829","1.7549216747283936","1.7549216747283936","1.7549216747283936"
"6830","1.5901658535003662","1.5901658535003662","1.5901658535003662"
"6831","1.6811277866363525","1.6811277866363525","1.6811277866363525"
"6835","1.6572306156158447","1.6572306156158447","1.6572306156158447"
"6837","1.7847235202789307","1.7847235202789307","1.7847235202789307"
"6845","1.706825613975525","1.706825613975525","1.706825613975525"
"6851","1.7139395475387573","1.7139395475387573","1.7139395475387573"
"6856","1.6952074766159058","1.6952074766159058","1.6952074766159058"
"6861","1.6799430847167969","1.6799430847167969","1.6799430847167969"
"6868","1.6944329738616943","1.6944329738616943","1.6944329738616943"
"6870","1.6357066631317139","1.6357066631317139","1.6357066631317139"
"6876","1.7368590831756592","1.7368590831756592","1.7368590831756592"
"6886","1.695063829421997","1.695063829421997","1.695063829421997"
"6887","1.7518316507339478","1.7518316507339478","1.7518316507339478"
"6895","1.681751012802124","1.681751012802124","1.681751012802124"
"6899","1.6868120431900024","1.6868120431900024","1.6868120431900024"
"6900","1.6465790271759033","1.6465790271759033","1.6465790271759033"
"6901","1.6278635263442993","1.6278635263442993","1.6278635263442993"
"6903","1.6993974447250366","1.6993974447250366","1.6993974447250366"
"6911","1.7486670017242432","1.7486670017242432","1.7486670017242432"
"6913","1.6983598470687866","1.6983598470687866","1.6983598470687866"
"6915","1.7959330081939697","1.7959330081939697","1.7959330081939697"
"6920","1.773437738418579","1.773437738418579","1.773437738418579"
"6925","1.7097892761230469","1.7097892761230469","1.7097892761230469"
"6935","1.6840770244598389","1.6840770244598389","1.6840770244598389"
"6936","1.7131848335266113","1.7131848335266113","1.7131848335266113"
"6945","1.7120219469070435","1.7120219469070435","1.7120219469070435"
"6948","1.865553379058838","1.865553379058838","1.865553379058838"
"6951","1.6902673244476318","1.6902673244476318","1.6902673244476318"
"6956","1.6944681406021118","1.6944681406021118","1.6944681406021118"
"6959","1.6774909496307373","1.6774909496307373","1.6774909496307373"
"6962","1.7007259130477905","1.7007259130477905","1.7007259130477905"
"6967","1.636177659034729","1.636177659034729","1.636177659034729"
"6969","1.698103904724121","1.698103904724121","1.698103904724121"
"6974","1.6672797203063965","1.6672797203063965","1.6672797203063965"
"6976","1.7243847846984863","1.7243847846984863","1.7243847846984863"
"6981","1.6721985340118408","1.6721985340118408","1.6721985340118408"
"6985","1.7189924716949463","1.7189924716949463","1.7189924716949463"
"6986","1.7290170192718506","1.7290170192718506","1.7290170192718506"
"6988","1.6876673698425293","1.6876673698425293","1.6876673698425293"
"6995","1.752251148223877","1.752251148223877","1.752251148223877"
"7004","1.7117942571640015","1.7117942571640015","1.7117942571640015"
"7005","1.6481859683990479","1.6481859683990479","1.6481859683990479"
"7006","1.8032445907592773","1.8032445907592773","1.8032445907592773"
"7008","1.7069928646087646","1.7069928646087646","1.7069928646087646"
"7011","1.7325749397277832","1.7325749397277832","1.7325749397277832"
"7012","1.7228198051452637","1.7228198051452637","1.7228198051452637"
"7018","1.6425936222076416","1.6425936222076416","1.6425936222076416"
"7019","1.813126802444458","1.813126802444458","1.813126802444458"
"7026","1.7221753597259521","1.7221753597259521","1.7221753597259521"
"7030","1.826795220375061","1.826795220375061","1.826795220375061"
"7042","1.6331778764724731","1.6331778764724731","1.6331778764724731"
"7052","1.7524127960205078","1.7524127960205078","1.7524127960205078"
"7057","1.7039365768432617","1.7039365768432617","1.7039365768432617"
"7060","1.6005330085754395","1.6005330085754395","1.6005330085754395"
"7062","1.6328341960906982","1.6328341960906982","1.6328341960906982"
"7065","1.6986033916473389","1.6986033916473389","1.6986033916473389"
"7067","1.7193506956100464","1.7193506956100464","1.7193506956100464"
"7071","1.6531198024749756","1.6531198024749756","1.6531198024749756"
"7074","1.711991310119629","1.711991310119629","1.711991310119629"
"7078","1.6104614734649658","1.6104614734649658","1.6104614734649658"
"7091","1.8260152339935303","1.8260152339935303","1.8260152339935303"
"7092","1.779946208000183","1.779946208000183","1.779946208000183"
"7095","1.6012802124023438","1.6012802124023438","1.6012802124023438"
"7113","1.7008033990859985","1.7008033990859985","1.7008033990859985"
"7115","1.66872239112854","1.66872239112854","1.66872239112854"
"7122","1.7964202165603638","1.7964202165603638","1.7964202165603638"
"7129","1.7984951734542847","1.7984951734542847","1.7984951734542847"
"7133","1.6661992073059082","1.6661992073059082","1.6661992073059082"
"7138","1.708554983139038","1.708554983139038","1.708554983139038"
"7141","1.7636431455612183","1.7636431455612183","1.7636431455612183"
"7145","1.6856054067611694","1.6856054067611694","1.6856054067611694"
"7150","1.686678409576416","1.686678409576416","1.686678409576416"
"7160","1.6879937648773193","1.6879937648773193","1.6879937648773193"
"7163","1.6777963638305664","1.6777963638305664","1.6777963638305664"
"7167","1.6208372116088867","1.6208372116088867","1.6208372116088867"
"7174","1.6665455102920532","1.6665455102920532","1.6665455102920532"
"7175","1.6431434154510498","1.6431434154510498","1.6431434154510498"
"7177","1.850353717803955","1.850353717803955","1.850353717803955"
"7187","1.5654890537261963","1.5654890537261963","1.5654890537261963"
"7189","1.864460825920105","1.864460825920105","1.864460825920105"
"7197","1.8526349067687988","1.8526349067687988","1.8526349067687988"
"7201","1.7808892726898193","1.7808892726898193","1.7808892726898193"
"7206","1.6736667156219482","1.6736667156219482","1.6736667156219482"
"7207","1.654000997543335","1.654000997543335","1.654000997543335"
"7208","1.6870044469833374","1.6870044469833374","1.6870044469833374"
"7209","1.618563175201416","1.618563175201416","1.618563175201416"
"7211","1.7613670825958252","1.7613670825958252","1.7613670825958252"
"7213","1.7160452604293823","1.7160452604293823","1.7160452604293823"
"7214","1.7917418479919434","1.7917418479919434","1.7917418479919434"
"7215","1.6083863973617554","1.6083863973617554","1.6083863973617554"
"7221","1.792361855506897","1.792361855506897","1.792361855506897"
"7227","1.7879701852798462","1.7879701852798462","1.7879701852798462"
"7237","1.6812652349472046","1.6812652349472046","1.6812652349472046"
"7239","1.7296404838562012","1.7296404838562012","1.7296404838562012"
"7240","1.6352131366729736","1.6352131366729736","1.6352131366729736"
"7242","1.5914008617401123","1.5914008617401123","1.5914008617401123"
"7246","1.66966712474823","1.66966712474823","1.66966712474823"
"7247","1.8523681163787842","1.8523681163787842","1.8523681163787842"
"7248","1.739720106124878","1.739720106124878","1.739720106124878"
"7249","1.7428197860717773","1.7428197860717773","1.7428197860717773"
"7261","1.826090931892395","1.826090931892395","1.826090931892395"
"7265","1.749854326248169","1.749854326248169","1.749854326248169"
"7270","1.6339590549468994","1.6339590549468994","1.6339590549468994"
"7275","1.6741372346878052","1.6741372346878052","1.6741372346878052"
"7276","1.659751534461975","1.659751534461975","1.659751534461975"
"7279","1.5263807773590088","1.5263807773590088","1.5263807773590088"
"7281","1.7934025526046753","1.7934025526046753","1.7934025526046753"
"7287","1.6279431581497192","1.6279431581497192","1.6279431581497192"
"7293","1.659564733505249","1.659564733505249","1.659564733505249"
"7294","1.798393726348877","1.798393726348877","1.798393726348877"
"7296","1.6430622339248657","1.6430622339248657","1.6430622339248657"
"7297","1.6390955448150635","1.6390955448150635","1.6390955448150635"
"7299","1.6976174116134644","1.6976174116134644","1.6976174116134644"
"7300","1.7316304445266724","1.7316304445266724","1.7316304445266724"
"7302","1.6026101112365723","1.6026101112365723","1.6026101112365723"
"7309","1.6901719570159912","1.6901719570159912","1.6901719570159912"
"7316","1.6888933181762695","1.6888933181762695","1.6888933181762695"
"7326","1.70228910446167","1.70228910446167","1.70228910446167"
"7329","1.7105367183685303","1.7105367183685303","1.7105367183685303"
"7330","1.720693588256836","1.720693588256836","1.720693588256836"
"7331","1.6700811386108398","1.6700811386108398","1.6700811386108398"
"7333","1.9052411317825317","1.9052411317825317","1.9052411317825317"
"7341","1.6495758295059204","1.6495758295059204","1.6495758295059204"
"7345","1.7153453826904297","1.7153453826904297","1.7153453826904297"
"7346","1.6724650859832764","1.6724650859832764","1.6724650859832764"
"7350","1.795102596282959","1.795102596282959","1.795102596282959"
"7356","1.7150540351867676","1.7150540351867676","1.7150540351867676"
"7358","1.676762342453003","1.676762342453003","1.676762342453003"
"7362","1.630415439605713","1.630415439605713","1.630415439605713"
"7365","1.7753525972366333","1.7753525972366333","1.7753525972366333"
"7374","1.7875630855560303","1.7875630855560303","1.7875630855560303"
"7379","1.6939550638198853","1.6939550638198853","1.6939550638198853"
"7384","1.6434684991836548","1.6434684991836548","1.6434684991836548"
"7385","1.7113397121429443","1.7113397121429443","1.7113397121429443"
"7390","1.5760927200317383","1.5760927200317383","1.5760927200317383"
"7391","1.7296810150146484","1.7296810150146484","1.7296810150146484"
"7392","1.6131017208099365","1.6131017208099365","1.6131017208099365"
"7400","1.588905692100525","1.588905692100525","1.588905692100525"
"7401","1.6829118728637695","1.6829118728637695","1.6829118728637695"
"7414","1.679904580116272","1.679904580116272","1.679904580116272"
"7416","1.658565878868103","1.658565878868103","1.658565878868103"
"7417","1.7013520002365112","1.7013520002365112","1.7013520002365112"
"7418","1.6138871908187866","1.6138871908187866","1.6138871908187866"
"7423","1.7992926836013794","1.7992926836013794","1.7992926836013794"
"7429","1.7874518632888794","1.7874518632888794","1.7874518632888794"
"7431","1.6554338932037354","1.6554338932037354","1.6554338932037354"
"7432","1.6518670320510864","1.6518670320510864","1.6518670320510864"
"7435","1.6511523723602295","1.6511523723602295","1.6511523723602295"
"7441","1.819964051246643","1.819964051246643","1.819964051246643"
"7442","1.7660942077636719","1.7660942077636719","1.7660942077636719"
"7452","1.5503127574920654","1.5503127574920654","1.5503127574920654"
"7455","1.721775770187378","1.721775770187378","1.721775770187378"
"7458","1.6509495973587036","1.6509495973587036","1.6509495973587036"
"7460","1.6449575424194336","1.6449575424194336","1.6449575424194336"
"7465","1.677513837814331","1.677513837814331","1.677513837814331"
"7471","1.6469953060150146","1.6469953060150146","1.6469953060150146"
"7473","1.670691728591919","1.670691728591919","1.670691728591919"
"7479","1.679665446281433","1.679665446281433","1.679665446281433"
"7482","1.6510915756225586","1.6510915756225586","1.6510915756225586"
"7497","1.6381542682647705","1.6381542682647705","1.6381542682647705"
"7499","1.6109068393707275","1.6109068393707275","1.6109068393707275"
"7507","1.6661659479141235","1.6661659479141235","1.6661659479141235"
"7510","1.7945328950881958","1.7945328950881958","1.7945328950881958"
"7513","1.6628971099853516","1.6628971099853516","1.6628971099853516"
"7515","1.7203590869903564","1.7203590869903564","1.7203590869903564"
"7516","1.6408681869506836","1.6408681869506836","1.6408681869506836"
"7519","1.6665823459625244","1.6665823459625244","1.6665823459625244"
"7521","1.7417850494384766","1.7417850494384766","1.7417850494384766"
"7524","1.814988613128662","1.814988613128662","1.814988613128662"
"7527","1.6457761526107788","1.6457761526107788","1.6457761526107788"
"7537","1.6355280876159668","1.6355280876159668","1.6355280876159668"
"7539","1.649698257446289","1.649698257446289","1.649698257446289"
"7540","1.7249364852905273","1.7249364852905273","1.7249364852905273"
"7548","1.6319801807403564","1.6319801807403564","1.6319801807403564"
"7559","1.657958984375","1.657958984375","1.657958984375"
"7560","1.8359854221343994","1.8359854221343994","1.8359854221343994"
"7567","1.70866858959198","1.70866858959198","1.70866858959198"
"7568","1.7962751388549805","1.7962751388549805","1.7962751388549805"
"7573","1.7711387872695923","1.7711387872695923","1.7711387872695923"
"7575","1.6300609111785889","1.6300609111785889","1.6300609111785889"
"7576","1.8195223808288574","1.8195223808288574","1.8195223808288574"
"7579","1.7907406091690063","1.7907406091690063","1.7907406091690063"
"7588","1.5495126247406006","1.5495126247406006","1.5495126247406006"
"7592","1.7313964366912842","1.7313964366912842","1.7313964366912842"
"7593","1.6892738342285156","1.6892738342285156","1.6892738342285156"
"7600","1.7735029458999634","1.7735029458999634","1.7735029458999634"
"7601","1.8255243301391602","1.8255243301391602","1.8255243301391602"
"7603","1.8376672267913818","1.8376672267913818","1.8376672267913818"
"7607","1.748363971710205","1.748363971710205","1.748363971710205"
"7609","1.7338200807571411","1.7338200807571411","1.7338200807571411"
"7614","1.6263209581375122","1.6263209581375122","1.6263209581375122"
"7615","1.6147621870040894","1.6147621870040894","1.6147621870040894"
"7616","1.700410008430481","1.700410008430481","1.700410008430481"
"7620","1.6653492450714111","1.6653492450714111","1.6653492450714111"
"7622","1.7211718559265137","1.7211718559265137","1.7211718559265137"
"7639","1.6649320125579834","1.6649320125579834","1.6649320125579834"
"7640","1.767026424407959","1.767026424407959","1.767026424407959"
"7642","1.7194814682006836","1.7194814682006836","1.7194814682006836"
"7645","1.6377315521240234","1.6377315521240234","1.6377315521240234"
"7647","1.668025016784668","1.668025016784668","1.668025016784668"
"7651","1.5515724420547485","1.5515724420547485","1.5515724420547485"
"7653","1.6090991497039795","1.6090991497039795","1.6090991497039795"
"7655","1.6874489784240723","1.6874489784240723","1.6874489784240723"
"7657","1.600338101387024","1.600338101387024","1.600338101387024"
"7660","1.6985878944396973","1.6985878944396973","1.6985878944396973"
"7662","1.7662909030914307","1.7662909030914307","1.7662909030914307"
"7668","1.790594458580017","1.790594458580017","1.790594458580017"
"7671","1.7349759340286255","1.7349759340286255","1.7349759340286255"
"7672","1.6464518308639526","1.6464518308639526","1.6464518308639526"
"7675","1.5634994506835938","1.5634994506835938","1.5634994506835938"
"7687","1.6422207355499268","1.6422207355499268","1.6422207355499268"
"7690","1.6703457832336426","1.6703457832336426","1.6703457832336426"
"7691","1.635843276977539","1.635843276977539","1.635843276977539"
"7704","1.6130235195159912","1.6130235195159912","1.6130235195159912"
"7706","1.7482049465179443","1.7482049465179443","1.7482049465179443"
"7709","1.6214442253112793","1.6214442253112793","1.6214442253112793"
"7711","1.659449577331543","1.659449577331543","1.659449577331543"
"7714","1.7366794347763062","1.7366794347763062","1.7366794347763062"
"7718","1.5860841274261475","1.5860841274261475","1.5860841274261475"
"7721","1.7873237133026123","1.7873237133026123","1.7873237133026123"
"7723","1.6192749738693237","1.6192749738693237","1.6192749738693237"
"7727","1.7122970819473267","1.7122970819473267","1.7122970819473267"
"7732","1.7710704803466797","1.7710704803466797","1.7710704803466797"
"7740","1.8925697803497314","1.8925697803497314","1.8925697803497314"
"7756","1.7561709880828857","1.7561709880828857","1.7561709880828857"
"7761","1.738727331161499","1.738727331161499","1.738727331161499"
"7762","1.696939468383789","1.696939468383789","1.696939468383789"
"7764","1.557264804840088","1.557264804840088","1.557264804840088"
"7777","1.5879533290863037","1.5879533290863037","1.5879533290863037"
"7778","1.6363877058029175","1.6363877058029175","1.6363877058029175"
"7793","1.5863854885101318","1.5863854885101318","1.5863854885101318"
"7795","1.6305584907531738","1.6305584907531738","1.6305584907531738"
"7796","1.6521081924438477","1.6521081924438477","1.6521081924438477"
"7800","1.7208137512207031","1.7208137512207031","1.7208137512207031"
"7803","1.7256203889846802","1.7256203889846802","1.7256203889846802"
"7810","1.5838687419891357","1.5838687419891357","1.5838687419891357"
"7811","1.6880619525909424","1.6880619525909424","1.6880619525909424"
"7815","1.7420673370361328","1.7420673370361328","1.7420673370361328"
"7824","1.6162829399108887","1.6162829399108887","1.6162829399108887"
"7825","1.7700262069702148","1.7700262069702148","1.7700262069702148"
"7834","1.7198197841644287","1.7198197841644287","1.7198197841644287"
"7838","1.763535737991333","1.763535737991333","1.763535737991333"
"7839","1.6287932395935059","1.6287932395935059","1.6287932395935059"
"7844","1.6533160209655762","1.6533160209655762","1.6533160209655762"
"7845","1.6232218742370605","1.6232218742370605","1.6232218742370605"
"7849","1.7406580448150635","1.7406580448150635","1.7406580448150635"
"7851","1.5968332290649414","1.5968332290649414","1.5968332290649414"
"7852","1.6260747909545898","1.6260747909545898","1.6260747909545898"
"7853","1.5581951141357422","1.5581951141357422","1.5581951141357422"
"7856","1.6363322734832764","1.6363322734832764","1.6363322734832764"
"7859","1.6788376569747925","1.6788376569747925","1.6788376569747925"
"7864","1.8731346130371094","1.8731346130371094","1.8731346130371094"
"7868","1.8817698955535889","1.8817698955535889","1.8817698955535889"
"7872","1.7564449310302734","1.7564449310302734","1.7564449310302734"
"7875","1.8238070011138916","1.8238070011138916","1.8238070011138916"
"7876","1.7325801849365234","1.7325801849365234","1.7325801849365234"
"7884","1.6407272815704346","1.6407272815704346","1.6407272815704346"
"7886","1.8070926666259766","1.8070926666259766","1.8070926666259766"
"7887","1.7449138164520264","1.7449138164520264","1.7449138164520264"
"7895","1.6337378025054932","1.6337378025054932","1.6337378025054932"
"7899","1.6991602182388306","1.6991602182388306","1.6991602182388306"
"7902","1.7512779235839844","1.7512779235839844","1.7512779235839844"
"7905","1.7285871505737305","1.7285871505737305","1.7285871505737305"
"7909","1.7113165855407715","1.7113165855407715","1.7113165855407715"
"7910","1.7497371435165405","1.7497371435165405","1.7497371435165405"
"7913","1.7039616107940674","1.7039616107940674","1.7039616107940674"
"7914","1.605215311050415","1.605215311050415","1.605215311050415"
"7915","1.631150722503662","1.631150722503662","1.631150722503662"
"7918","1.6167649030685425","1.6167649030685425","1.6167649030685425"
"7925","1.4956443309783936","1.4956443309783936","1.4956443309783936"
"7934","1.60859215259552","1.60859215259552","1.60859215259552"
"7940","1.5797786712646484","1.5797786712646484","1.5797786712646484"
"7942","1.633665680885315","1.633665680885315","1.633665680885315"
"7946","1.6180659532546997","1.6180659532546997","1.6180659532546997"
"7947","1.7167792320251465","1.7167792320251465","1.7167792320251465"
"7954","1.6334731578826904","1.6334731578826904","1.6334731578826904"
"7955","1.6253215074539185","1.6253215074539185","1.6253215074539185"
"7963","1.5884793996810913","1.5884793996810913","1.5884793996810913"
"7966","1.6843106746673584","1.6843106746673584","1.6843106746673584"
"7968","1.730407476425171","1.730407476425171","1.730407476425171"
"7972","1.7147345542907715","1.7147345542907715","1.7147345542907715"
"7973","1.7296491861343384","1.7296491861343384","1.7296491861343384"
"7974","1.5463600158691406","1.5463600158691406","1.5463600158691406"
"7993","1.589617371559143","1.589617371559143","1.589617371559143"
"7995","1.645068645477295","1.645068645477295","1.645068645477295"
"7997","1.7087585926055908","1.7087585926055908","1.7087585926055908"
"8005","1.7370662689208984","1.7370662689208984","1.7370662689208984"
"8009","1.6641751527786255","1.6641751527786255","1.6641751527786255"
"8015","1.683934211730957","1.683934211730957","1.683934211730957"
"8019","1.5966683626174927","1.5966683626174927","1.5966683626174927"
"8023","1.625403642654419","1.625403642654419","1.625403642654419"
"8024","1.6982500553131104","1.6982500553131104","1.6982500553131104"
"8037","1.6338545083999634","1.6338545083999634","1.6338545083999634"
"8049","1.602813482284546","1.602813482284546","1.602813482284546"
"8051","1.768579125404358","1.768579125404358","1.768579125404358"
"8053","1.7418212890625","1.7418212890625","1.7418212890625"
"8056","1.6388576030731201","1.6388576030731201","1.6388576030731201"
"8060","1.6533267498016357","1.6533267498016357","1.6533267498016357"
"8061","1.7825404405593872","1.7825404405593872","1.7825404405593872"
"8065","1.6068416833877563","1.6068416833877563","1.6068416833877563"
"8067","1.6552091836929321","1.6552091836929321","1.6552091836929321"
"8068","1.6891236305236816","1.6891236305236816","1.6891236305236816"
"8074","1.625450611114502","1.625450611114502","1.625450611114502"
"8082","1.6805118322372437","1.6805118322372437","1.6805118322372437"
"8089","1.715524435043335","1.715524435043335","1.715524435043335"
"8091","1.6725754737854004","1.6725754737854004","1.6725754737854004"
"8093","1.6662650108337402","1.6662650108337402","1.6662650108337402"
"8096","1.7092394828796387","1.7092394828796387","1.7092394828796387"
"8097","1.7738912105560303","1.7738912105560303","1.7738912105560303"
"8102","1.6085596084594727","1.6085596084594727","1.6085596084594727"
"8107","1.6361727714538574","1.6361727714538574","1.6361727714538574"
"8109","1.6823456287384033","1.6823456287384033","1.6823456287384033"
"8112","1.7026681900024414","1.7026681900024414","1.7026681900024414"
"8113","1.6576550006866455","1.6576550006866455","1.6576550006866455"
"8119","1.654445767402649","1.654445767402649","1.654445767402649"
"8120","1.6882554292678833","1.6882554292678833","1.6882554292678833"
"8130","1.6761194467544556","1.6761194467544556","1.6761194467544556"
"8134","1.6665899753570557","1.6665899753570557","1.6665899753570557"
"8136","1.6650065183639526","1.6650065183639526","1.6650065183639526"
"8137","1.6434049606323242","1.6434049606323242","1.6434049606323242"
"8140","1.5976483821868896","1.5976483821868896","1.5976483821868896"
"8144","1.7151545286178589","1.7151545286178589","1.7151545286178589"
"8148","1.643846035003662","1.643846035003662","1.643846035003662"
"8149","1.7558050155639648","1.7558050155639648","1.7558050155639648"
"8150","1.658260703086853","1.658260703086853","1.658260703086853"
"8152","1.8588355779647827","1.8588355779647827","1.8588355779647827"
"8153","1.739525318145752","1.739525318145752","1.739525318145752"
"8154","1.7389624118804932","1.7389624118804932","1.7389624118804932"
"8167","1.6816034317016602","1.6816034317016602","1.6816034317016602"
"8176","1.775907278060913","1.775907278060913","1.775907278060913"
"8184","1.772000789642334","1.772000789642334","1.772000789642334"
"8187","1.6677002906799316","1.6677002906799316","1.6677002906799316"
"8189","1.6065504550933838","1.6065504550933838","1.6065504550933838"
"8190","1.7938621044158936","1.7938621044158936","1.7938621044158936"
"8193","1.7989305257797241","1.7989305257797241","1.7989305257797241"
"8196","1.7044379711151123","1.7044379711151123","1.7044379711151123"
"8197","1.573598861694336","1.573598861694336","1.573598861694336"
"8198","1.7498106956481934","1.7498106956481934","1.7498106956481934"
"8199","1.74660062789917","1.74660062789917","1.74660062789917"
"8203","1.6568788290023804","1.6568788290023804","1.6568788290023804"
"8205","1.6425809860229492","1.6425809860229492","1.6425809860229492"
"8207","1.6839277744293213","1.6839277744293213","1.6839277744293213"
"8210","1.679215908050537","1.679215908050537","1.679215908050537"
"8215","1.6415975093841553","1.6415975093841553","1.6415975093841553"
"8216","1.5804165601730347","1.5804165601730347","1.5804165601730347"
"8218","1.7083858251571655","1.7083858251571655","1.7083858251571655"
"8220","1.676069736480713","1.676069736480713","1.676069736480713"
"8224","1.6267447471618652","1.6267447471618652","1.6267447471618652"
"8232","1.7060623168945312","1.7060623168945312","1.7060623168945312"
"8236","1.6147842407226562","1.6147842407226562","1.6147842407226562"
"8239","1.651191234588623","1.651191234588623","1.651191234588623"
"8241","1.6582177877426147","1.6582177877426147","1.6582177877426147"
"8256","1.7274972200393677","1.7274972200393677","1.7274972200393677"
"8257","1.820052146911621","1.820052146911621","1.820052146911621"
"8260","1.6317894458770752","1.6317894458770752","1.6317894458770752"
"8261","1.6379294395446777","1.6379294395446777","1.6379294395446777"
"8264","1.6534550189971924","1.6534550189971924","1.6534550189971924"
"8267","1.827004075050354","1.827004075050354","1.827004075050354"
"8270","1.72831130027771","1.72831130027771","1.72831130027771"
"8271","1.5791690349578857","1.5791690349578857","1.5791690349578857"
"8272","1.830399513244629","1.830399513244629","1.830399513244629"
"8277","1.7195212841033936","1.7195212841033936","1.7195212841033936"
"8280","1.7086529731750488","1.7086529731750488","1.7086529731750488"
"8283","1.632462501525879","1.632462501525879","1.632462501525879"
"8285","1.6660528182983398","1.6660528182983398","1.6660528182983398"
"8288","1.6010148525238037","1.6010148525238037","1.6010148525238037"
"8290","1.7045080661773682","1.7045080661773682","1.7045080661773682"
"8295","1.7213435173034668","1.7213435173034668","1.7213435173034668"
"8296","1.621008038520813","1.621008038520813","1.621008038520813"
"8308","1.6482316255569458","1.6482316255569458","1.6482316255569458"
"8312","1.7312703132629395","1.7312703132629395","1.7312703132629395"
"8319","1.615301251411438","1.615301251411438","1.615301251411438"
"8323","1.6948060989379883","1.6948060989379883","1.6948060989379883"
"8331","1.6056888103485107","1.6056888103485107","1.6056888103485107"
"8332","1.703881025314331","1.703881025314331","1.703881025314331"
"8335","1.6870648860931396","1.6870648860931396","1.6870648860931396"
"8337","1.6365277767181396","1.6365277767181396","1.6365277767181396"
"8340","1.6546213626861572","1.6546213626861572","1.6546213626861572"
"8344","1.502195119857788","1.502195119857788","1.502195119857788"
"8347","1.7730305194854736","1.7730305194854736","1.7730305194854736"
"8348","1.6095991134643555","1.6095991134643555","1.6095991134643555"
"8355","1.6238950490951538","1.6238950490951538","1.6238950490951538"
"8373","1.640803337097168","1.640803337097168","1.640803337097168"
"8374","1.6507127285003662","1.6507127285003662","1.6507127285003662"
"8378","1.617487907409668","1.617487907409668","1.617487907409668"
"8389","1.6504435539245605","1.6504435539245605","1.6504435539245605"
"8391","1.7297613620758057","1.7297613620758057","1.7297613620758057"
"8394","1.5607681274414062","1.5607681274414062","1.5607681274414062"
"8399","1.6165159940719604","1.6165159940719604","1.6165159940719604"
"8414","1.632236361503601","1.632236361503601","1.632236361503601"
"8419","1.6408344507217407","1.6408344507217407","1.6408344507217407"
"8423","1.6416525840759277","1.6416525840759277","1.6416525840759277"
"8424","1.6843187808990479","1.6843187808990479","1.6843187808990479"
"8425","1.8161355257034302","1.8161355257034302","1.8161355257034302"
"8426","1.6346681118011475","1.6346681118011475","1.6346681118011475"
"8428","1.6291916370391846","1.6291916370391846","1.6291916370391846"
"8434","1.7025163173675537","1.7025163173675537","1.7025163173675537"
"8435","1.664947748184204","1.664947748184204","1.664947748184204"
"8436","1.6277427673339844","1.6277427673339844","1.6277427673339844"
"8440","1.6652891635894775","1.6652891635894775","1.6652891635894775"
"8441","1.761681079864502","1.761681079864502","1.761681079864502"
"8449","1.6601086854934692","1.6601086854934692","1.6601086854934692"
"8450","1.661041498184204","1.661041498184204","1.661041498184204"
"8453","1.739499568939209","1.739499568939209","1.739499568939209"
"8457","1.64130699634552","1.64130699634552","1.64130699634552"
"8458","1.6558024883270264","1.6558024883270264","1.6558024883270264"
"8462","1.7949366569519043","1.7949366569519043","1.7949366569519043"
"8468","1.7021700143814087","1.7021700143814087","1.7021700143814087"
"8475","1.6627070903778076","1.6627070903778076","1.6627070903778076"
"8476","1.667558193206787","1.667558193206787","1.667558193206787"
"8486","1.6923818588256836","1.6923818588256836","1.6923818588256836"
"8487","1.6546127796173096","1.6546127796173096","1.6546127796173096"
"8493","1.5470448732376099","1.5470448732376099","1.5470448732376099"
"8495","1.6776463985443115","1.6776463985443115","1.6776463985443115"
"8503","1.709143877029419","1.709143877029419","1.709143877029419"
"8506","1.6921095848083496","1.6921095848083496","1.6921095848083496"
"8510","1.6685724258422852","1.6685724258422852","1.6685724258422852"
"8511","1.7521002292633057","1.7521002292633057","1.7521002292633057"
"8516","1.5772428512573242","1.5772428512573242","1.5772428512573242"
"8523","1.7576115131378174","1.7576115131378174","1.7576115131378174"
"8529","1.7296946048736572","1.7296946048736572","1.7296946048736572"
"8532","1.6388373374938965","1.6388373374938965","1.6388373374938965"
"8533","1.6415177583694458","1.6415177583694458","1.6415177583694458"
"8536","1.5762584209442139","1.5762584209442139","1.5762584209442139"
"8545","1.5875601768493652","1.5875601768493652","1.5875601768493652"
"8548","1.5058388710021973","1.5058388710021973","1.5058388710021973"
"8552","1.6961921453475952","1.6961921453475952","1.6961921453475952"
"8561","1.5782718658447266","1.5782718658447266","1.5782718658447266"
"8569","1.6583744287490845","1.6583744287490845","1.6583744287490845"
"8570","1.5703308582305908","1.5703308582305908","1.5703308582305908"
"8580","1.770612120628357","1.770612120628357","1.770612120628357"
"8585","1.6843844652175903","1.6843844652175903","1.6843844652175903"
"8590","1.7344822883605957","1.7344822883605957","1.7344822883605957"
"8591","1.6679625511169434","1.6679625511169434","1.6679625511169434"
"8592","1.7813198566436768","1.7813198566436768","1.7813198566436768"
"8593","1.6098518371582031","1.6098518371582031","1.6098518371582031"
"8611","1.628220558166504","1.628220558166504","1.628220558166504"
"8620","1.6516705751419067","1.6516705751419067","1.6516705751419067"
"8622","1.6339493989944458","1.6339493989944458","1.6339493989944458"
"8623","1.6484730243682861","1.6484730243682861","1.6484730243682861"
"8628","1.679755449295044","1.679755449295044","1.679755449295044"
"8633","1.6667346954345703","1.6667346954345703","1.6667346954345703"
"8644","1.6768264770507812","1.6768264770507812","1.6768264770507812"
"8646","1.6393870115280151","1.6393870115280151","1.6393870115280151"
"8647","1.610795021057129","1.610795021057129","1.610795021057129"
"8650","1.6794625520706177","1.6794625520706177","1.6794625520706177"
"8658","1.76380455493927","1.76380455493927","1.76380455493927"
"8662","1.6725982427597046","1.6725982427597046","1.6725982427597046"
"8663","1.7437682151794434","1.7437682151794434","1.7437682151794434"
"8667","1.6578588485717773","1.6578588485717773","1.6578588485717773"
"8670","1.6969857215881348","1.6969857215881348","1.6969857215881348"
"8677","1.6579899787902832","1.6579899787902832","1.6579899787902832"
"8678","1.6259233951568604","1.6259233951568604","1.6259233951568604"
"8684","1.7857732772827148","1.7857732772827148","1.7857732772827148"
"8685","1.596968650817871","1.596968650817871","1.596968650817871"
"8688","1.731515884399414","1.731515884399414","1.731515884399414"
"8692","1.792981505393982","1.792981505393982","1.792981505393982"
"8693","1.658888816833496","1.658888816833496","1.658888816833496"
"8700","1.8330167531967163","1.8330167531967163","1.8330167531967163"
"8715","1.7773710489273071","1.7773710489273071","1.7773710489273071"
"8721","1.5973578691482544","1.5973578691482544","1.5973578691482544"
"8723","1.534888505935669","1.534888505935669","1.534888505935669"
"8724","1.6670454740524292","1.6670454740524292","1.6670454740524292"
"8725","1.6386222839355469","1.6386222839355469","1.6386222839355469"
"8728","1.723111629486084","1.723111629486084","1.723111629486084"
"8737","1.7135837078094482","1.7135837078094482","1.7135837078094482"
"8751","1.694387435913086","1.694387435913086","1.694387435913086"
"8753","1.6863670349121094","1.6863670349121094","1.6863670349121094"
"8755","1.569261908531189","1.569261908531189","1.569261908531189"
"8764","1.6688251495361328","1.6688251495361328","1.6688251495361328"
"8774","1.5588597059249878","1.5588597059249878","1.5588597059249878"
"8778","1.6063494682312012","1.6063494682312012","1.6063494682312012"
"8779","1.6731518507003784","1.6731518507003784","1.6731518507003784"
"8784","1.6625702381134033","1.6625702381134033","1.6625702381134033"
"8785","1.7152758836746216","1.7152758836746216","1.7152758836746216"
"8788","1.660442590713501","1.660442590713501","1.660442590713501"
"8789","1.7582833766937256","1.7582833766937256","1.7582833766937256"
"8792","1.538722038269043","1.538722038269043","1.538722038269043"
"8804","1.6273887157440186","1.6273887157440186","1.6273887157440186"
"8815","1.7446928024291992","1.7446928024291992","1.7446928024291992"
"8816","1.6905180215835571","1.6905180215835571","1.6905180215835571"
"8817","1.6938142776489258","1.6938142776489258","1.6938142776489258"
"8825","1.6028103828430176","1.6028103828430176","1.6028103828430176"
"8826","1.633432388305664","1.633432388305664","1.633432388305664"
"8835","1.737735629081726","1.737735629081726","1.737735629081726"
"8840","1.59646737575531","1.59646737575531","1.59646737575531"
"8844","1.6407105922698975","1.6407105922698975","1.6407105922698975"
"8847","1.6024208068847656","1.6024208068847656","1.6024208068847656"
"8857","1.6173515319824219","1.6173515319824219","1.6173515319824219"
"8862","1.6831002235412598","1.6831002235412598","1.6831002235412598"
"8864","1.705504059791565","1.705504059791565","1.705504059791565"
"8866","1.6087117195129395","1.6087117195129395","1.6087117195129395"
"8870","1.7050291299819946","1.7050291299819946","1.7050291299819946"
"8872","1.649186134338379","1.649186134338379","1.649186134338379"
"8874","1.7099484205245972","1.7099484205245972","1.7099484205245972"
"8879","1.7728967666625977","1.7728967666625977","1.7728967666625977"
"8882","1.7222652435302734","1.7222652435302734","1.7222652435302734"
"8887","1.707123041152954","1.707123041152954","1.707123041152954"
"8896","1.7084232568740845","1.7084232568740845","1.7084232568740845"
"8898","1.6483497619628906","1.6483497619628906","1.6483497619628906"
"8901","1.6526844501495361","1.6526844501495361","1.6526844501495361"
"8907","1.6284377574920654","1.6284377574920654","1.6284377574920654"
"8917","1.7230623960494995","1.7230623960494995","1.7230623960494995"
"8920","1.7724831104278564","1.7724831104278564","1.7724831104278564"
"8921","1.6082208156585693","1.6082208156585693","1.6082208156585693"
"8924","1.5873150825500488","1.5873150825500488","1.5873150825500488"
"8929","1.615107774734497","1.615107774734497","1.615107774734497"
"8944","1.6254589557647705","1.6254589557647705","1.6254589557647705"
"8946","1.6234593391418457","1.6234593391418457","1.6234593391418457"
"8948","1.7418181896209717","1.7418181896209717","1.7418181896209717"
"8951","1.6460533142089844","1.6460533142089844","1.6460533142089844"
"8954","1.676462173461914","1.676462173461914","1.676462173461914"
"8960","1.7076382637023926","1.7076382637023926","1.7076382637023926"
"8963","1.6604918241500854","1.6604918241500854","1.6604918241500854"
"8964","1.6926825046539307","1.6926825046539307","1.6926825046539307"
"8967","1.588238000869751","1.588238000869751","1.588238000869751"
"8968","1.6817610263824463","1.6817610263824463","1.6817610263824463"
"8970","1.6491742134094238","1.6491742134094238","1.6491742134094238"
"8972","1.6994869709014893","1.6994869709014893","1.6994869709014893"
"8975","1.697685718536377","1.697685718536377","1.697685718536377"
"8976","1.7248642444610596","1.7248642444610596","1.7248642444610596"
"8977","1.7031450271606445","1.7031450271606445","1.7031450271606445"
"8979","1.7025260925292969","1.7025260925292969","1.7025260925292969"
"8982","1.7433937788009644","1.7433937788009644","1.7433937788009644"
"8983","1.6784329414367676","1.6784329414367676","1.6784329414367676"
"8984","1.6094061136245728","1.6094061136245728","1.6094061136245728"
"8998","1.6649843454360962","1.6649843454360962","1.6649843454360962"
"9003","1.6853077411651611","1.6853077411651611","1.6853077411651611"
"9008","1.6191940307617188","1.6191940307617188","1.6191940307617188"
"9012","1.7312347888946533","1.7312347888946533","1.7312347888946533"
"9017","1.7331273555755615","1.7331273555755615","1.7331273555755615"
"9019","1.7151854038238525","1.7151854038238525","1.7151854038238525"
"9023","1.7112493515014648","1.7112493515014648","1.7112493515014648"
"9026","1.6144702434539795","1.6144702434539795","1.6144702434539795"
"9028","1.654028296470642","1.654028296470642","1.654028296470642"
"9031","1.6777455806732178","1.6777455806732178","1.6777455806732178"
"9032","1.7152329683303833","1.7152329683303833","1.7152329683303833"
"9035","1.6551915407180786","1.6551915407180786","1.6551915407180786"
"9038","1.7515511512756348","1.7515511512756348","1.7515511512756348"
"9055","1.5599271059036255","1.5599271059036255","1.5599271059036255"
"9060","1.6313869953155518","1.6313869953155518","1.6313869953155518"
"9062","1.6197125911712646","1.6197125911712646","1.6197125911712646"
"9065","1.5849549770355225","1.5849549770355225","1.5849549770355225"
"9066","1.7576004266738892","1.7576004266738892","1.7576004266738892"
"9068","1.7126497030258179","1.7126497030258179","1.7126497030258179"
"9069","1.6557254791259766","1.6557254791259766","1.6557254791259766"
"9086","1.6414790153503418","1.6414790153503418","1.6414790153503418"
"9089","1.6315858364105225","1.6315858364105225","1.6315858364105225"
"9092","1.6614140272140503","1.6614140272140503","1.6614140272140503"
"9096","1.6047135591506958","1.6047135591506958","1.6047135591506958"
"9097","1.610762596130371","1.610762596130371","1.610762596130371"
"9103","1.5974164009094238","1.5974164009094238","1.5974164009094238"
"9104","1.7102704048156738","1.7102704048156738","1.7102704048156738"
"9107","1.677139163017273","1.677139163017273","1.677139163017273"
"9114","1.5622940063476562","1.5622940063476562","1.5622940063476562"
"9120","1.590374231338501","1.590374231338501","1.590374231338501"
"9134","1.6009923219680786","1.6009923219680786","1.6009923219680786"
"9135","1.6528398990631104","1.6528398990631104","1.6528398990631104"
"9142","1.6400322914123535","1.6400322914123535","1.6400322914123535"
"9143","1.6707618236541748","1.6707618236541748","1.6707618236541748"
"9144","1.680021047592163","1.680021047592163","1.680021047592163"
"9154","1.6197888851165771","1.6197888851165771","1.6197888851165771"
"9156","1.7616322040557861","1.7616322040557861","1.7616322040557861"
"9163","1.5507489442825317","1.5507489442825317","1.5507489442825317"
"9166","1.7392759323120117","1.7392759323120117","1.7392759323120117"
"9167","1.7813270092010498","1.7813270092010498","1.7813270092010498"
"9168","1.6426218748092651","1.6426218748092651","1.6426218748092651"
"9169","1.580122947692871","1.580122947692871","1.580122947692871"
"9177","1.8074750900268555","1.8074750900268555","1.8074750900268555"
"9178","1.7581037282943726","1.7581037282943726","1.7581037282943726"
"9180","1.6957658529281616","1.6957658529281616","1.6957658529281616"
"9189","1.6548048257827759","1.6548048257827759","1.6548048257827759"
"9190","1.6915576457977295","1.6915576457977295","1.6915576457977295"
"9191","1.7120559215545654","1.7120559215545654","1.7120559215545654"
"9194","1.637133002281189","1.637133002281189","1.637133002281189"
"9198","1.575393795967102","1.575393795967102","1.575393795967102"
"9211","1.6103261709213257","1.6103261709213257","1.6103261709213257"
"9212","1.6770834922790527","1.6770834922790527","1.6770834922790527"
"9214","1.6248925924301147","1.6248925924301147","1.6248925924301147"
"9216","1.6690070629119873","1.6690070629119873","1.6690070629119873"
"9223","1.7404699325561523","1.7404699325561523","1.7404699325561523"
"9237","1.5967395305633545","1.5967395305633545","1.5967395305633545"
"9244","1.6480792760849","1.6480792760849","1.6480792760849"
"9246","1.6540858745574951","1.6540858745574951","1.6540858745574951"
"9248","1.6253046989440918","1.6253046989440918","1.6253046989440918"
"9256","1.6130913496017456","1.6130913496017456","1.6130913496017456"
"9267","1.5516890287399292","1.5516890287399292","1.5516890287399292"
"9269","1.6173810958862305","1.6173810958862305","1.6173810958862305"
"9277","1.6876239776611328","1.6876239776611328","1.6876239776611328"
"9280","1.639406442642212","1.639406442642212","1.639406442642212"
"9290","1.6048215627670288","1.6048215627670288","1.6048215627670288"
"9299","1.7065495252609253","1.7065495252609253","1.7065495252609253"
"9300","1.5599472522735596","1.5599472522735596","1.5599472522735596"
"9304","1.7063806056976318","1.7063806056976318","1.7063806056976318"
"9305","1.6819570064544678","1.6819570064544678","1.6819570064544678"
"9309","1.7229235172271729","1.7229235172271729","1.7229235172271729"
"9310","1.6106127500534058","1.6106127500534058","1.6106127500534058"
"9316","1.7045096158981323","1.7045096158981323","1.7045096158981323"
"9322","1.677513599395752","1.677513599395752","1.677513599395752"
"9332","1.6116509437561035","1.6116509437561035","1.6116509437561035"
"9333","1.6156229972839355","1.6156229972839355","1.6156229972839355"
"9337","1.6521718502044678","1.6521718502044678","1.6521718502044678"
"9338","1.7407547235488892","1.7407547235488892","1.7407547235488892"
"9339","1.739164113998413","1.739164113998413","1.739164113998413"
"9340","1.6780059337615967","1.6780059337615967","1.6780059337615967"
"9341","1.7389219999313354","1.7389219999313354","1.7389219999313354"
"9343","1.680965781211853","1.680965781211853","1.680965781211853"
"9344","1.6038851737976074","1.6038851737976074","1.6038851737976074"
"9347","1.5041145086288452","1.5041145086288452","1.5041145086288452"
"9349","1.5796396732330322","1.5796396732330322","1.5796396732330322"
"9351","1.6247657537460327","1.6247657537460327","1.6247657537460327"
"9353","1.7420713901519775","1.7420713901519775","1.7420713901519775"
"9364","1.606890320777893","1.606890320777893","1.606890320777893"
"9367","1.5761548280715942","1.5761548280715942","1.5761548280715942"
"9371","1.6897404193878174","1.6897404193878174","1.6897404193878174"
"9372","1.5894109010696411","1.5894109010696411","1.5894109010696411"
"9376","1.6783033609390259","1.6783033609390259","1.6783033609390259"
"9380","1.8318047523498535","1.8318047523498535","1.8318047523498535"
"9382","1.7582499980926514","1.7582499980926514","1.7582499980926514"
"9383","1.6612794399261475","1.6612794399261475","1.6612794399261475"
"9385","1.7170785665512085","1.7170785665512085","1.7170785665512085"
"9386","1.5661184787750244","1.5661184787750244","1.5661184787750244"
"9391","1.6487327814102173","1.6487327814102173","1.6487327814102173"
"9395","1.6497993469238281","1.6497993469238281","1.6497993469238281"
"9398","1.7156563997268677","1.7156563997268677","1.7156563997268677"
"9400","1.663986325263977","1.663986325263977","1.663986325263977"
"9401","1.7094686031341553","1.7094686031341553","1.7094686031341553"
"9424","1.666816234588623","1.666816234588623","1.666816234588623"
"9428","1.5876126289367676","1.5876126289367676","1.5876126289367676"
"9435","1.5541694164276123","1.5541694164276123","1.5541694164276123"
"9437","1.775216817855835","1.775216817855835","1.775216817855835"
"9438","1.679891586303711","1.679891586303711","1.679891586303711"
"9439","1.5582642555236816","1.5582642555236816","1.5582642555236816"
"9441","1.620542287826538","1.620542287826538","1.620542287826538"
"9443","1.6968495845794678","1.6968495845794678","1.6968495845794678"
"9445","1.6992652416229248","1.6992652416229248","1.6992652416229248"
"9448","1.6370849609375","1.6370849609375","1.6370849609375"
"9450","1.588711142539978","1.588711142539978","1.588711142539978"
"9457","1.5984420776367188","1.5984420776367188","1.5984420776367188"
"9465","1.6066322326660156","1.6066322326660156","1.6066322326660156"
"9466","1.6731007099151611","1.6731007099151611","1.6731007099151611"
"9468","1.6612722873687744","1.6612722873687744","1.6612722873687744"
"9471","1.5877822637557983","1.5877822637557983","1.5877822637557983"
"9473","1.565617322921753","1.565617322921753","1.565617322921753"
"9474","1.6374740600585938","1.6374740600585938","1.6374740600585938"
"9485","1.6938183307647705","1.6938183307647705","1.6938183307647705"
"9486","1.6591670513153076","1.6591670513153076","1.6591670513153076"
"9487","1.6437900066375732","1.6437900066375732","1.6437900066375732"
"9488","1.6747517585754395","1.6747517585754395","1.6747517585754395"
"9491","1.6864385604858398","1.6864385604858398","1.6864385604858398"
"9496","1.7141802310943604","1.7141802310943604","1.7141802310943604"
"9500","1.6946889162063599","1.6946889162063599","1.6946889162063599"
"9503","1.6901073455810547","1.6901073455810547","1.6901073455810547"
"9523","1.5105541944503784","1.5105541944503784","1.5105541944503784"
"9529","1.6708457469940186","1.6708457469940186","1.6708457469940186"
"9532","1.5209355354309082","1.5209355354309082","1.5209355354309082"
"9533","1.7370589971542358","1.7370589971542358","1.7370589971542358"
"9536","1.719193696975708","1.719193696975708","1.719193696975708"
"9543","1.6802852153778076","1.6802852153778076","1.6802852153778076"
"9549","1.608059287071228","1.608059287071228","1.608059287071228"
"9555","1.5891671180725098","1.5891671180725098","1.5891671180725098"
"9557","1.6310546398162842","1.6310546398162842","1.6310546398162842"
"9559","1.7534698247909546","1.7534698247909546","1.7534698247909546"
"9562","1.638667345046997","1.638667345046997","1.638667345046997"
"9570","1.6568727493286133","1.6568727493286133","1.6568727493286133"
"9572","1.6503947973251343","1.6503947973251343","1.6503947973251343"
"9573","1.5805351734161377","1.5805351734161377","1.5805351734161377"
"9587","1.667746901512146","1.667746901512146","1.667746901512146"
"9590","1.7499890327453613","1.7499890327453613","1.7499890327453613"
"9591","1.6175293922424316","1.6175293922424316","1.6175293922424316"
"9599","1.5732648372650146","1.5732648372650146","1.5732648372650146"
"9600","1.630077838897705","1.630077838897705","1.630077838897705"
"9606","1.6046686172485352","1.6046686172485352","1.6046686172485352"
"9607","1.6812727451324463","1.6812727451324463","1.6812727451324463"
"9608","1.6933828592300415","1.6933828592300415","1.6933828592300415"
"9613","1.6474575996398926","1.6474575996398926","1.6474575996398926"
"9617","1.6180450916290283","1.6180450916290283","1.6180450916290283"
"9620","1.522156834602356","1.522156834602356","1.522156834602356"
"9622","1.6710855960845947","1.6710855960845947","1.6710855960845947"
"9629","1.5439820289611816","1.5439820289611816","1.5439820289611816"
"9630","1.6414780616760254","1.6414780616760254","1.6414780616760254"
"9634","1.6700804233551025","1.6700804233551025","1.6700804233551025"
"9635","1.6534929275512695","1.6534929275512695","1.6534929275512695"
"9636","1.734209656715393","1.734209656715393","1.734209656715393"
"9638","1.5731253623962402","1.5731253623962402","1.5731253623962402"
"9639","1.5735359191894531","1.5735359191894531","1.5735359191894531"
"9646","1.67311692237854","1.67311692237854","1.67311692237854"
"9649","1.6460938453674316","1.6460938453674316","1.6460938453674316"
"9650","1.6730375289916992","1.6730375289916992","1.6730375289916992"
"9652","1.671710729598999","1.671710729598999","1.671710729598999"
"9660","1.7191529273986816","1.7191529273986816","1.7191529273986816"
"9662","1.644026756286621","1.644026756286621","1.644026756286621"
"9663","1.7189306020736694","1.7189306020736694","1.7189306020736694"
"9669","1.6387214660644531","1.6387214660644531","1.6387214660644531"
"9671","1.6803791522979736","1.6803791522979736","1.6803791522979736"
"9673","1.5721713304519653","1.5721713304519653","1.5721713304519653"
"9678","1.6118857860565186","1.6118857860565186","1.6118857860565186"
"9682","1.6089775562286377","1.6089775562286377","1.6089775562286377"
"9685","1.5617883205413818","1.5617883205413818","1.5617883205413818"
"9689","1.6756527423858643","1.6756527423858643","1.6756527423858643"
"9694","1.6179866790771484","1.6179866790771484","1.6179866790771484"
"9695","1.737531304359436","1.737531304359436","1.737531304359436"
"9697","1.594834566116333","1.594834566116333","1.594834566116333"
"9699","1.7442357540130615","1.7442357540130615","1.7442357540130615"
"9706","1.7021173238754272","1.7021173238754272","1.7021173238754272"
"9707","1.6954331398010254","1.6954331398010254","1.6954331398010254"
"9712","1.7682340145111084","1.7682340145111084","1.7682340145111084"
"9714","1.7481032609939575","1.7481032609939575","1.7481032609939575"
"9732","1.5611834526062012","1.5611834526062012","1.5611834526062012"
"9741","1.7396471500396729","1.7396471500396729","1.7396471500396729"
"9744","1.6289135217666626","1.6289135217666626","1.6289135217666626"
"9750","1.65846848487854","1.65846848487854","1.65846848487854"
"9752","1.7393388748168945","1.7393388748168945","1.7393388748168945"
"9753","1.5861985683441162","1.5861985683441162","1.5861985683441162"
"9755","1.6266511678695679","1.6266511678695679","1.6266511678695679"
"9761","1.7510749101638794","1.7510749101638794","1.7510749101638794"
"9765","1.7388088703155518","1.7388088703155518","1.7388088703155518"
"9771","1.634169578552246","1.634169578552246","1.634169578552246"
"9772","1.6590418815612793","1.6590418815612793","1.6590418815612793"
"9773","1.6990578174591064","1.6990578174591064","1.6990578174591064"
"9787","1.7563420534133911","1.7563420534133911","1.7563420534133911"
"9789","1.589603066444397","1.589603066444397","1.589603066444397"
"9790","1.723604440689087","1.723604440689087","1.723604440689087"
"9792","1.6635864973068237","1.6635864973068237","1.6635864973068237"
"9801","1.610087513923645","1.610087513923645","1.610087513923645"
"9819","1.7358671426773071","1.7358671426773071","1.7358671426773071"
"9826","1.6323740482330322","1.6323740482330322","1.6323740482330322"
"9827","1.6483097076416016","1.6483097076416016","1.6483097076416016"
"9837","1.7958780527114868","1.7958780527114868","1.7958780527114868"
"9848","1.7296760082244873","1.7296760082244873","1.7296760082244873"
"9850","1.7779130935668945","1.7779130935668945","1.7779130935668945"
"9853","1.6178723573684692","1.6178723573684692","1.6178723573684692"
"9870","1.6385114192962646","1.6385114192962646","1.6385114192962646"
"9874","1.6117514371871948","1.6117514371871948","1.6117514371871948"
"9878","1.6256659030914307","1.6256659030914307","1.6256659030914307"
"9880","1.6154768466949463","1.6154768466949463","1.6154768466949463"
"9881","1.7440185546875","1.7440185546875","1.7440185546875"
"9882","1.6606014966964722","1.6606014966964722","1.6606014966964722"
"9884","1.704758644104004","1.704758644104004","1.704758644104004"
"9885","1.6955718994140625","1.6955718994140625","1.6955718994140625"
"9896","1.7052136659622192","1.7052136659622192","1.7052136659622192"
"9901","1.647045612335205","1.647045612335205","1.647045612335205"
"9902","1.5587198734283447","1.5587198734283447","1.5587198734283447"
"9904","1.6106220483779907","1.6106220483779907","1.6106220483779907"
"9905","1.7756174802780151","1.7756174802780151","1.7756174802780151"
"9906","1.7398039102554321","1.7398039102554321","1.7398039102554321"
"9907","1.6228667497634888","1.6228667497634888","1.6228667497634888"
"9910","1.6667394638061523","1.6667394638061523","1.6667394638061523"
"9911","1.7192797660827637","1.7192797660827637","1.7192797660827637"
"9916","1.6367502212524414","1.6367502212524414","1.6367502212524414"
"9918","1.5909826755523682","1.5909826755523682","1.5909826755523682"
"9919","1.5307867527008057","1.5307867527008057","1.5307867527008057"
"9920","1.719179630279541","1.719179630279541","1.719179630279541"
"9921","1.6122329235076904","1.6122329235076904","1.6122329235076904"
"9925","1.6661802530288696","1.6661802530288696","1.6661802530288696"
"9934","1.7120039463043213","1.7120039463043213","1.7120039463043213"
"9936","1.6612000465393066","1.6612000465393066","1.6612000465393066"
"9942","1.5717811584472656","1.5717811584472656","1.5717811584472656"
"9953","1.7045332193374634","1.7045332193374634","1.7045332193374634"
"9955","1.7433414459228516","1.7433414459228516","1.7433414459228516"
"9959","1.5983831882476807","1.5983831882476807","1.5983831882476807"
"9966","1.7159068584442139","1.7159068584442139","1.7159068584442139"
"9970","1.6860231161117554","1.6860231161117554","1.6860231161117554"
"9972","1.4803264141082764","1.4803264141082764","1.4803264141082764"
"9980","1.632612943649292","1.632612943649292","1.632612943649292"
"9984","1.5310876369476318","1.5310876369476318","1.5310876369476318"
"9992","1.593207597732544","1.593207597732544","1.593207597732544"
"9993","1.5773810148239136","1.5773810148239136","1.5773810148239136"
"9994","1.6274633407592773","1.6274633407592773","1.6274633407592773"
"10004","1.617842197418213","1.617842197418213","1.617842197418213"
"10008","1.589057207107544","1.589057207107544","1.589057207107544"
"10010","1.7769107818603516","1.7769107818603516","1.7769107818603516"
"10015","1.6878278255462646","1.6878278255462646","1.6878278255462646"
"10016","1.5138447284698486","1.5138447284698486","1.5138447284698486"
"10018","1.6234198808670044","1.6234198808670044","1.6234198808670044"
"10021","1.5754244327545166","1.5754244327545166","1.5754244327545166"
"10024","1.5889699459075928","1.5889699459075928","1.5889699459075928"
"10027","1.5991790294647217","1.5991790294647217","1.5991790294647217"
"10030","1.5462853908538818","1.5462853908538818","1.5462853908538818"
"10036","1.654752492904663","1.654752492904663","1.654752492904663"
"10039","1.6393585205078125","1.6393585205078125","1.6393585205078125"
"10043","1.6701066493988037","1.6701066493988037","1.6701066493988037"
"10045","1.5998098850250244","1.5998098850250244","1.5998098850250244"
"10048","1.5625404119491577","1.5625404119491577","1.5625404119491577"
"10049","1.6039756536483765","1.6039756536483765","1.6039756536483765"
"10053","1.5692917108535767","1.5692917108535767","1.5692917108535767"
"10054","1.581543207168579","1.581543207168579","1.581543207168579"
"10056","1.7490226030349731","1.7490226030349731","1.7490226030349731"
"10058","1.7348426580429077","1.7348426580429077","1.7348426580429077"
"10068","1.68415367603302","1.68415367603302","1.68415367603302"
"10070","1.6048303842544556","1.6048303842544556","1.6048303842544556"
"10072","1.635209321975708","1.635209321975708","1.635209321975708"
"10073","1.683555245399475","1.683555245399475","1.683555245399475"
"10076","1.6375735998153687","1.6375735998153687","1.6375735998153687"
"10077","1.5762269496917725","1.5762269496917725","1.5762269496917725"
"10078","1.6369638442993164","1.6369638442993164","1.6369638442993164"
"10083","1.6257803440093994","1.6257803440093994","1.6257803440093994"
"10085","1.7795252799987793","1.7795252799987793","1.7795252799987793"
"10087","1.5507256984710693","1.5507256984710693","1.5507256984710693"
"10088","1.5320813655853271","1.5320813655853271","1.5320813655853271"
"10090","1.70210862159729","1.70210862159729","1.70210862159729"
"10091","1.6985381841659546","1.6985381841659546","1.6985381841659546"
"10092","1.6997380256652832","1.6997380256652832","1.6997380256652832"
"10098","1.6024527549743652","1.6024527549743652","1.6024527549743652"
"10105","1.6498852968215942","1.6498852968215942","1.6498852968215942"
"10106","1.6708486080169678","1.6708486080169678","1.6708486080169678"
"10107","1.7176198959350586","1.7176198959350586","1.7176198959350586"
"10110","1.6612681150436401","1.6612681150436401","1.6612681150436401"
"10111","1.600295066833496","1.600295066833496","1.600295066833496"
"10113","1.6226489543914795","1.6226489543914795","1.6226489543914795"
"10130","1.5742690563201904","1.5742690563201904","1.5742690563201904"
"10141","1.5735604763031006","1.5735604763031006","1.5735604763031006"
"10143","1.6848055124282837","1.6848055124282837","1.6848055124282837"
"10150","1.507509469985962","1.507509469985962","1.507509469985962"
"10153","1.789013147354126","1.789013147354126","1.789013147354126"
"10154","1.6781079769134521","1.6781079769134521","1.6781079769134521"
"10157","1.6648712158203125","1.6648712158203125","1.6648712158203125"
"10158","1.6219379901885986","1.6219379901885986","1.6219379901885986"
"10159","1.7206451892852783","1.7206451892852783","1.7206451892852783"
"10160","1.6951384544372559","1.6951384544372559","1.6951384544372559"
"10164","1.650939702987671","1.650939702987671","1.650939702987671"
"10167","1.824246883392334","1.824246883392334","1.824246883392334"
"10171","1.6802551746368408","1.6802551746368408","1.6802551746368408"
"10176","1.6788039207458496","1.6788039207458496","1.6788039207458496"
"10178","1.609903335571289","1.609903335571289","1.609903335571289"
"10185","1.6857646703720093","1.6857646703720093","1.6857646703720093"
"10201","1.6149191856384277","1.6149191856384277","1.6149191856384277"
"10207","1.5451200008392334","1.5451200008392334","1.5451200008392334"
"10210","1.6061384677886963","1.6061384677886963","1.6061384677886963"
"10213","1.8767361640930176","1.8767361640930176","1.8767361640930176"
"10227","1.680148959159851","1.680148959159851","1.680148959159851"
"10229","1.7099158763885498","1.7099158763885498","1.7099158763885498"
"10233","1.61183500289917","1.61183500289917","1.61183500289917"
"10235","1.5779824256896973","1.5779824256896973","1.5779824256896973"
"10238","1.6854140758514404","1.6854140758514404","1.6854140758514404"
"10248","1.5726323127746582","1.5726323127746582","1.5726323127746582"
"10249","1.6592140197753906","1.6592140197753906","1.6592140197753906"
"10253","1.5381585359573364","1.5381585359573364","1.5381585359573364"
"10259","1.6227569580078125","1.6227569580078125","1.6227569580078125"
"10265","1.6101338863372803","1.6101338863372803","1.6101338863372803"
"10269","1.5429515838623047","1.5429515838623047","1.5429515838623047"
"10270","1.5386033058166504","1.5386033058166504","1.5386033058166504"
"10271","1.664940595626831","1.664940595626831","1.664940595626831"
"10273","1.5196104049682617","1.5196104049682617","1.5196104049682617"
"10275","1.5947949886322021","1.5947949886322021","1.5947949886322021"
"10281","1.6921272277832031","1.6921272277832031","1.6921272277832031"
"10286","1.624366044998169","1.624366044998169","1.624366044998169"
"10290","1.6571475267410278","1.6571475267410278","1.6571475267410278"
"10291","1.6343790292739868","1.6343790292739868","1.6343790292739868"
"10296","1.6513595581054688","1.6513595581054688","1.6513595581054688"
"10301","1.4996672868728638","1.4996672868728638","1.4996672868728638"
"10304","1.644222378730774","1.644222378730774","1.644222378730774"
"10307","1.7000315189361572","1.7000315189361572","1.7000315189361572"
"10318","1.6524136066436768","1.6524136066436768","1.6524136066436768"
"10320","1.6903213262557983","1.6903213262557983","1.6903213262557983"
"10326","1.591187596321106","1.591187596321106","1.591187596321106"
"10329","1.7037928104400635","1.7037928104400635","1.7037928104400635"
"10330","1.6135997772216797","1.6135997772216797","1.6135997772216797"
"10331","1.6574667692184448","1.6574667692184448","1.6574667692184448"
"10333","1.7024809122085571","1.7024809122085571","1.7024809122085571"
"10335","1.6879088878631592","1.6879088878631592","1.6879088878631592"
"10336","1.602290391921997","1.602290391921997","1.602290391921997"
"10337","1.7120261192321777","1.7120261192321777","1.7120261192321777"
"10350","1.6091797351837158","1.6091797351837158","1.6091797351837158"
"10352","1.6230556964874268","1.6230556964874268","1.6230556964874268"
"10354","1.6292744874954224","1.6292744874954224","1.6292744874954224"
"10356","1.7245866060256958","1.7245866060256958","1.7245866060256958"
"10358","1.5646783113479614","1.5646783113479614","1.5646783113479614"
"10365","1.7279753684997559","1.7279753684997559","1.7279753684997559"
"10369","1.7733235359191895","1.7733235359191895","1.7733235359191895"
"10373","1.7102632522583008","1.7102632522583008","1.7102632522583008"
"10376","1.669565200805664","1.669565200805664","1.669565200805664"
"10381","1.5311936140060425","1.5311936140060425","1.5311936140060425"
"10390","1.6357736587524414","1.6357736587524414","1.6357736587524414"
"10395","1.7039926052093506","1.7039926052093506","1.7039926052093506"
"10399","1.5854244232177734","1.5854244232177734","1.5854244232177734"
"10402","1.6785465478897095","1.6785465478897095","1.6785465478897095"
"10403","1.6482982635498047","1.6482982635498047","1.6482982635498047"
"10404","1.5911216735839844","1.5911216735839844","1.5911216735839844"
"10411","1.7732763290405273","1.7732763290405273","1.7732763290405273"
"10413","1.7189648151397705","1.7189648151397705","1.7189648151397705"
"10414","1.6307380199432373","1.6307380199432373","1.6307380199432373"
"10432","1.6567256450653076","1.6567256450653076","1.6567256450653076"
"10433","1.6273157596588135","1.6273157596588135","1.6273157596588135"
"10436","1.564084529876709","1.564084529876709","1.564084529876709"
"10437","1.7973748445510864","1.7973748445510864","1.7973748445510864"
"10443","1.64898681640625","1.64898681640625","1.64898681640625"
"10446","1.5996296405792236","1.5996296405792236","1.5996296405792236"
"10450","1.626711368560791","1.626711368560791","1.626711368560791"
"10454","1.6187496185302734","1.6187496185302734","1.6187496185302734"
"10459","1.7057247161865234","1.7057247161865234","1.7057247161865234"
"10460","1.7040168046951294","1.7040168046951294","1.7040168046951294"
"10469","1.4751907587051392","1.4751907587051392","1.4751907587051392"
"10470","1.7320530414581299","1.7320530414581299","1.7320530414581299"
"10474","1.6470959186553955","1.6470959186553955","1.6470959186553955"
"10476","1.593132734298706","1.593132734298706","1.593132734298706"
"10481","1.544022560119629","1.544022560119629","1.544022560119629"
"10489","1.6031394004821777","1.6031394004821777","1.6031394004821777"
"10502","1.536176323890686","1.536176323890686","1.536176323890686"
"10504","1.692188024520874","1.692188024520874","1.692188024520874"
"10510","1.6711405515670776","1.6711405515670776","1.6711405515670776"
"10513","1.7197563648223877","1.7197563648223877","1.7197563648223877"
"10515","1.633668303489685","1.633668303489685","1.633668303489685"
"10518","1.6005773544311523","1.6005773544311523","1.6005773544311523"
"10525","1.5827577114105225","1.5827577114105225","1.5827577114105225"
"10526","1.5639368295669556","1.5639368295669556","1.5639368295669556"
"10528","1.6638829708099365","1.6638829708099365","1.6638829708099365"
"10532","1.6317813396453857","1.6317813396453857","1.6317813396453857"
"10534","1.6377040147781372","1.6377040147781372","1.6377040147781372"
"10535","1.6645463705062866","1.6645463705062866","1.6645463705062866"
"10538","1.689874529838562","1.689874529838562","1.689874529838562"
"10541","1.6113489866256714","1.6113489866256714","1.6113489866256714"
"10542","1.598099708557129","1.598099708557129","1.598099708557129"
"10543","1.6098629236221313","1.6098629236221313","1.6098629236221313"
"10555","1.5613831281661987","1.5613831281661987","1.5613831281661987"
"10556","1.5994553565979004","1.5994553565979004","1.5994553565979004"
"10560","1.5328116416931152","1.5328116416931152","1.5328116416931152"
"10564","1.604744791984558","1.604744791984558","1.604744791984558"
"10565","1.7523272037506104","1.7523272037506104","1.7523272037506104"
"10573","1.5879487991333008","1.5879487991333008","1.5879487991333008"
"10578","1.5821999311447144","1.5821999311447144","1.5821999311447144"
"10582","1.6602691411972046","1.6602691411972046","1.6602691411972046"
"10589","1.6665663719177246","1.6665663719177246","1.6665663719177246"
"10593","1.5718705654144287","1.5718705654144287","1.5718705654144287"
"10598","1.6160087585449219","1.6160087585449219","1.6160087585449219"
"10607","1.651977300643921","1.651977300643921","1.651977300643921"
"10617","1.7121148109436035","1.7121148109436035","1.7121148109436035"
"10619","1.5278139114379883","1.5278139114379883","1.5278139114379883"
"10620","1.6108596324920654","1.6108596324920654","1.6108596324920654"
"10628","1.6094096899032593","1.6094096899032593","1.6094096899032593"
"10633","1.6086487770080566","1.6086487770080566","1.6086487770080566"
"10636","1.6228176355361938","1.6228176355361938","1.6228176355361938"
"10637","1.654468059539795","1.654468059539795","1.654468059539795"
"10638","1.5713857412338257","1.5713857412338257","1.5713857412338257"
"10641","1.5893155336380005","1.5893155336380005","1.5893155336380005"
"10662","1.715742826461792","1.715742826461792","1.715742826461792"
"10663","1.643073558807373","1.643073558807373","1.643073558807373"
"10667","1.6643908023834229","1.6643908023834229","1.6643908023834229"
"10674","1.52937650680542","1.52937650680542","1.52937650680542"
"10678","1.7451410293579102","1.7451410293579102","1.7451410293579102"
"10682","1.5817897319793701","1.5817897319793701","1.5817897319793701"
"10689","1.7616865634918213","1.7616865634918213","1.7616865634918213"
"10698","1.56844162940979","1.56844162940979","1.56844162940979"
"10701","1.5983704328536987","1.5983704328536987","1.5983704328536987"
"10706","1.534177541732788","1.534177541732788","1.534177541732788"
"10709","1.6390390396118164","1.6390390396118164","1.6390390396118164"
"10718","1.6911311149597168","1.6911311149597168","1.6911311149597168"
"10727","1.6694741249084473","1.6694741249084473","1.6694741249084473"
"10731","1.6352949142456055","1.6352949142456055","1.6352949142456055"
"10733","1.7962894439697266","1.7962894439697266","1.7962894439697266"
"10735","1.5517756938934326","1.5517756938934326","1.5517756938934326"
"10740","1.7439771890640259","1.7439771890640259","1.7439771890640259"
"10743","1.6025313138961792","1.6025313138961792","1.6025313138961792"
"10744","1.7372437715530396","1.7372437715530396","1.7372437715530396"
"10752","1.5976083278656006","1.5976083278656006","1.5976083278656006"
"10755","1.5903759002685547","1.5903759002685547","1.5903759002685547"
"10758","1.5926802158355713","1.5926802158355713","1.5926802158355713"
"10759","1.6674808263778687","1.6674808263778687","1.6674808263778687"
"10764","1.5443013906478882","1.5443013906478882","1.5443013906478882"
"10765","1.5886268615722656","1.5886268615722656","1.5886268615722656"
"10771","1.6994045972824097","1.6994045972824097","1.6994045972824097"
"10774","1.6350297927856445","1.6350297927856445","1.6350297927856445"
"10775","1.6161086559295654","1.6161086559295654","1.6161086559295654"
"10777","1.5795633792877197","1.5795633792877197","1.5795633792877197"
"10778","1.6412389278411865","1.6412389278411865","1.6412389278411865"
"10780","1.598525047302246","1.598525047302246","1.598525047302246"
"10785","1.638413906097412","1.638413906097412","1.638413906097412"
"10786","1.5877387523651123","1.5877387523651123","1.5877387523651123"
"10799","1.6447734832763672","1.6447734832763672","1.6447734832763672"
"10808","1.5876885652542114","1.5876885652542114","1.5876885652542114"
"10813","1.5508737564086914","1.5508737564086914","1.5508737564086914"
"10814","1.7205913066864014","1.7205913066864014","1.7205913066864014"
"10815","1.5952494144439697","1.5952494144439697","1.5952494144439697"
"10821","1.5696943998336792","1.5696943998336792","1.5696943998336792"
"10823","1.5949651002883911","1.5949651002883911","1.5949651002883911"
"10824","1.7421793937683105","1.7421793937683105","1.7421793937683105"
"10825","1.5272767543792725","1.5272767543792725","1.5272767543792725"
"10828","1.7045073509216309","1.7045073509216309","1.7045073509216309"
"10829","1.713389277458191","1.713389277458191","1.713389277458191"
"10830","1.4986169338226318","1.4986169338226318","1.4986169338226318"
"10834","1.629723072052002","1.629723072052002","1.629723072052002"
"10839","1.691542387008667","1.691542387008667","1.691542387008667"
"10843","1.6414672136306763","1.6414672136306763","1.6414672136306763"
"10848","1.6100256443023682","1.6100256443023682","1.6100256443023682"
"10854","1.6673824787139893","1.6673824787139893","1.6673824787139893"
"10865","1.5152024030685425","1.5152024030685425","1.5152024030685425"
"10875","1.6760542392730713","1.6760542392730713","1.6760542392730713"
"10878","1.6148872375488281","1.6148872375488281","1.6148872375488281"
"10882","1.6597645282745361","1.6597645282745361","1.6597645282745361"
"10884","1.6433650255203247","1.6433650255203247","1.6433650255203247"
"10887","1.6154173612594604","1.6154173612594604","1.6154173612594604"
"10895","1.5875746011734009","1.5875746011734009","1.5875746011734009"
"10896","1.6761609315872192","1.6761609315872192","1.6761609315872192"
"10897","1.6644011735916138","1.6644011735916138","1.6644011735916138"
"10904","1.6577714681625366","1.6577714681625366","1.6577714681625366"
"10906","1.6737183332443237","1.6737183332443237","1.6737183332443237"
"10909","1.598142147064209","1.598142147064209","1.598142147064209"
"10916","1.6021817922592163","1.6021817922592163","1.6021817922592163"
"10917","1.6044492721557617","1.6044492721557617","1.6044492721557617"
"10921","1.532972812652588","1.532972812652588","1.532972812652588"
"10924","1.5373399257659912","1.5373399257659912","1.5373399257659912"
"10926","1.6384615898132324","1.6384615898132324","1.6384615898132324"
"10929","1.583272933959961","1.583272933959961","1.583272933959961"
"10932","1.614485502243042","1.614485502243042","1.614485502243042"
"10935","1.642295002937317","1.642295002937317","1.642295002937317"
"10942","1.7390098571777344","1.7390098571777344","1.7390098571777344"
"10949","1.6706665754318237","1.6706665754318237","1.6706665754318237"
"10950","1.591605305671692","1.591605305671692","1.591605305671692"
"10955","1.6432220935821533","1.6432220935821533","1.6432220935821533"
"10958","1.5666923522949219","1.5666923522949219","1.5666923522949219"
"10963","1.5906423330307007","1.5906423330307007","1.5906423330307007"
"10972","1.6256903409957886","1.6256903409957886","1.6256903409957886"
"10975","1.5776114463806152","1.5776114463806152","1.5776114463806152"
"10980","1.5790621042251587","1.5790621042251587","1.5790621042251587"
"10982","1.5329712629318237","1.5329712629318237","1.5329712629318237"
"10984","1.6116284132003784","1.6116284132003784","1.6116284132003784"
"10985","1.5693421363830566","1.5693421363830566","1.5693421363830566"
"10992","1.6621111631393433","1.6621111631393433","1.6621111631393433"
"10994","1.6595031023025513","1.6595031023025513","1.6595031023025513"
"10998","1.5926926136016846","1.5926926136016846","1.5926926136016846"
"11004","1.579223394393921","1.579223394393921","1.579223394393921"
"11007","1.6941906213760376","1.6941906213760376","1.6941906213760376"
"11009","1.7599172592163086","1.7599172592163086","1.7599172592163086"
"11013","1.660614013671875","1.660614013671875","1.660614013671875"
"11014","1.578155517578125","1.578155517578125","1.578155517578125"
"11015","1.7503420114517212","1.7503420114517212","1.7503420114517212"
"11016","1.6051373481750488","1.6051373481750488","1.6051373481750488"
"11019","1.650003433227539","1.650003433227539","1.650003433227539"
"11024","1.726961612701416","1.726961612701416","1.726961612701416"
"11028","1.7797774076461792","1.7797774076461792","1.7797774076461792"
"11029","1.6339186429977417","1.6339186429977417","1.6339186429977417"
"11031","1.6332409381866455","1.6332409381866455","1.6332409381866455"
"11035","1.6526134014129639","1.6526134014129639","1.6526134014129639"
"11036","1.6225956678390503","1.6225956678390503","1.6225956678390503"
"11039","1.5603299140930176","1.5603299140930176","1.5603299140930176"
"11040","1.6056420803070068","1.6056420803070068","1.6056420803070068"
"11046","1.6689157485961914","1.6689157485961914","1.6689157485961914"
"11051","1.6419434547424316","1.6419434547424316","1.6419434547424316"
"11053","1.682140827178955","1.682140827178955","1.682140827178955"
"11056","1.796152114868164","1.796152114868164","1.796152114868164"
"11058","1.6079024076461792","1.6079024076461792","1.6079024076461792"
"11067","1.6275198459625244","1.6275198459625244","1.6275198459625244"
"11072","1.5668277740478516","1.5668277740478516","1.5668277740478516"
"11075","1.6223270893096924","1.6223270893096924","1.6223270893096924"
"11088","1.625169277191162","1.625169277191162","1.625169277191162"
"11089","1.6381510496139526","1.6381510496139526","1.6381510496139526"
"11091","1.6434931755065918","1.6434931755065918","1.6434931755065918"
"11094","1.6698840856552124","1.6698840856552124","1.6698840856552124"
"11095","1.6972575187683105","1.6972575187683105","1.6972575187683105"
"11098","1.6550774574279785","1.6550774574279785","1.6550774574279785"
"11101","1.6331584453582764","1.6331584453582764","1.6331584453582764"
"11114","1.6127221584320068","1.6127221584320068","1.6127221584320068"
"11115","1.5438214540481567","1.5438214540481567","1.5438214540481567"
"11117","1.5759189128875732","1.5759189128875732","1.5759189128875732"
"11118","1.488104224205017","1.488104224205017","1.488104224205017"
"11124","1.5281989574432373","1.5281989574432373","1.5281989574432373"
"11126","1.6937562227249146","1.6937562227249146","1.6937562227249146"
"11127","1.6598765850067139","1.6598765850067139","1.6598765850067139"
"11134","1.715503215789795","1.715503215789795","1.715503215789795"
"11136","1.638134241104126","1.638134241104126","1.638134241104126"
"11137","1.569140911102295","1.569140911102295","1.569140911102295"
"11145","1.5987837314605713","1.5987837314605713","1.5987837314605713"
"11147","1.6995110511779785","1.6995110511779785","1.6995110511779785"
"11160","1.563033103942871","1.563033103942871","1.563033103942871"
"11161","1.586401343345642","1.586401343345642","1.586401343345642"
"11162","1.6193615198135376","1.6193615198135376","1.6193615198135376"
"11165","1.6444392204284668","1.6444392204284668","1.6444392204284668"
"11175","1.7276376485824585","1.7276376485824585","1.7276376485824585"
"11176","1.6820557117462158","1.6820557117462158","1.6820557117462158"
"11179","1.5785143375396729","1.5785143375396729","1.5785143375396729"
"11180","1.6333935260772705","1.6333935260772705","1.6333935260772705"
"11183","1.5528194904327393","1.5528194904327393","1.5528194904327393"
"11191","1.6123489141464233","1.6123489141464233","1.6123489141464233"
"11194","1.8114076852798462","1.8114076852798462","1.8114076852798462"
"11195","1.6587495803833008","1.6587495803833008","1.6587495803833008"
"11197","1.6890482902526855","1.6890482902526855","1.6890482902526855"
"11204","1.5813839435577393","1.5813839435577393","1.5813839435577393"
"11207","1.653910517692566","1.653910517692566","1.653910517692566"
"11210","1.6355211734771729","1.6355211734771729","1.6355211734771729"
"11215","1.7528549432754517","1.7528549432754517","1.7528549432754517"
"11216","1.5883692502975464","1.5883692502975464","1.5883692502975464"
"11217","1.5448288917541504","1.5448288917541504","1.5448288917541504"
"11219","1.6073471307754517","1.6073471307754517","1.6073471307754517"
"11230","1.6239891052246094","1.6239891052246094","1.6239891052246094"
"11232","1.6105915307998657","1.6105915307998657","1.6105915307998657"
"11233","1.6873623132705688","1.6873623132705688","1.6873623132705688"
"11235","1.7014039754867554","1.7014039754867554","1.7014039754867554"
"11249","1.7282406091690063","1.7282406091690063","1.7282406091690063"
"11256","1.5608723163604736","1.5608723163604736","1.5608723163604736"
"11258","1.6299959421157837","1.6299959421157837","1.6299959421157837"
"11259","1.5353593826293945","1.5353593826293945","1.5353593826293945"
"11262","1.6813721656799316","1.6813721656799316","1.6813721656799316"
"11263","1.6970900297164917","1.6970900297164917","1.6970900297164917"
"11266","1.5143324136734009","1.5143324136734009","1.5143324136734009"
"11269","1.5904968976974487","1.5904968976974487","1.5904968976974487"
"11273","1.691718578338623","1.691718578338623","1.691718578338623"
"11277","1.5846309661865234","1.5846309661865234","1.5846309661865234"
"11278","1.5544707775115967","1.5544707775115967","1.5544707775115967"
"11291","1.787614107131958","1.787614107131958","1.787614107131958"
"11293","1.6260571479797363","1.6260571479797363","1.6260571479797363"
"11296","1.6341736316680908","1.6341736316680908","1.6341736316680908"
"11301","1.615209937095642","1.615209937095642","1.615209937095642"
"11305","1.632370948791504","1.632370948791504","1.632370948791504"
"11306","1.6992814540863037","1.6992814540863037","1.6992814540863037"
"11309","1.639189600944519","1.639189600944519","1.639189600944519"
"11310","1.634832739830017","1.634832739830017","1.634832739830017"
"11312","1.6432292461395264","1.6432292461395264","1.6432292461395264"
"11315","1.6061991453170776","1.6061991453170776","1.6061991453170776"
"11316","1.6875994205474854","1.6875994205474854","1.6875994205474854"
"11328","1.6589980125427246","1.6589980125427246","1.6589980125427246"
"11329","1.6479246616363525","1.6479246616363525","1.6479246616363525"
"11330","1.6261138916015625","1.6261138916015625","1.6261138916015625"
"11338","1.4730494022369385","1.4730494022369385","1.4730494022369385"
"11340","1.641728162765503","1.641728162765503","1.641728162765503"
"11346","1.6070982217788696","1.6070982217788696","1.6070982217788696"
"11348","1.619720458984375","1.619720458984375","1.619720458984375"
"11350","1.570249080657959","1.570249080657959","1.570249080657959"
"11354","1.6694190502166748","1.6694190502166748","1.6694190502166748"
"11355","1.6035547256469727","1.6035547256469727","1.6035547256469727"
"11359","1.7137110233306885","1.7137110233306885","1.7137110233306885"
"11364","1.6619377136230469","1.6619377136230469","1.6619377136230469"
"11365","1.5990345478057861","1.5990345478057861","1.5990345478057861"
"11366","1.6464433670043945","1.6464433670043945","1.6464433670043945"
"11368","1.5257549285888672","1.5257549285888672","1.5257549285888672"
"11370","1.760210633277893","1.760210633277893","1.760210633277893"
"11374","1.719468593597412","1.719468593597412","1.719468593597412"
"11375","1.6366004943847656","1.6366004943847656","1.6366004943847656"
"11381","1.5655744075775146","1.5655744075775146","1.5655744075775146"
"11385","1.7195167541503906","1.7195167541503906","1.7195167541503906"
"11392","1.5776444673538208","1.5776444673538208","1.5776444673538208"
"11397","1.5811693668365479","1.5811693668365479","1.5811693668365479"
"11406","1.6059119701385498","1.6059119701385498","1.6059119701385498"
"11410","1.6032042503356934","1.6032042503356934","1.6032042503356934"
"11413","1.7691013813018799","1.7691013813018799","1.7691013813018799"
"11414","1.5636688470840454","1.5636688470840454","1.5636688470840454"
"11416","1.6137086153030396","1.6137086153030396","1.6137086153030396"
"11423","1.671212077140808","1.671212077140808","1.671212077140808"
"11427","1.632777452468872","1.632777452468872","1.632777452468872"
"11431","1.5273388624191284","1.5273388624191284","1.5273388624191284"
"11434","1.6090933084487915","1.6090933084487915","1.6090933084487915"
"11437","1.5661790370941162","1.5661790370941162","1.5661790370941162"
"11443","1.5984563827514648","1.5984563827514648","1.5984563827514648"
"11444","1.6491014957427979","1.6491014957427979","1.6491014957427979"
"11448","1.648695468902588","1.648695468902588","1.648695468902588"
"11449","1.715104103088379","1.715104103088379","1.715104103088379"
"11459","1.5857353210449219","1.5857353210449219","1.5857353210449219"
"11460","1.5962399244308472","1.5962399244308472","1.5962399244308472"
"11462","1.5474681854248047","1.5474681854248047","1.5474681854248047"
"11463","1.845407485961914","1.845407485961914","1.845407485961914"
"11466","1.7475779056549072","1.7475779056549072","1.7475779056549072"
"11469","1.6657381057739258","1.6657381057739258","1.6657381057739258"
"11471","1.621422529220581","1.621422529220581","1.621422529220581"
"11476","1.7531112432479858","1.7531112432479858","1.7531112432479858"
"11477","1.5324621200561523","1.5324621200561523","1.5324621200561523"
"11478","1.6587769985198975","1.6587769985198975","1.6587769985198975"
"11482","1.5824540853500366","1.5824540853500366","1.5824540853500366"
"11486","1.5409232378005981","1.5409232378005981","1.5409232378005981"
"11497","1.7089173793792725","1.7089173793792725","1.7089173793792725"
"11502","1.5999975204467773","1.5999975204467773","1.5999975204467773"
"11513","1.770597219467163","1.770597219467163","1.770597219467163"
"11515","1.630936861038208","1.630936861038208","1.630936861038208"
"11519","1.7952754497528076","1.7952754497528076","1.7952754497528076"
"11522","1.5259661674499512","1.5259661674499512","1.5259661674499512"
"11530","1.5428557395935059","1.5428557395935059","1.5428557395935059"
"11532","1.6303989887237549","1.6303989887237549","1.6303989887237549"
"11536","1.6129951477050781","1.6129951477050781","1.6129951477050781"
"11540","1.6156415939331055","1.6156415939331055","1.6156415939331055"
"11543","1.5783288478851318","1.5783288478851318","1.5783288478851318"
"11544","1.5817081928253174","1.5817081928253174","1.5817081928253174"
"11551","1.5882136821746826","1.5882136821746826","1.5882136821746826"
"11552","1.6304435729980469","1.6304435729980469","1.6304435729980469"
"11557","1.5811998844146729","1.5811998844146729","1.5811998844146729"
"11560","1.6342723369598389","1.6342723369598389","1.6342723369598389"
"11562","1.5938507318496704","1.5938507318496704","1.5938507318496704"
"11565","1.6157934665679932","1.6157934665679932","1.6157934665679932"
"11568","1.5669188499450684","1.5669188499450684","1.5669188499450684"
"11570","1.5949070453643799","1.5949070453643799","1.5949070453643799"
"11584","1.6129716634750366","1.6129716634750366","1.6129716634750366"
"11587","1.6028034687042236","1.6028034687042236","1.6028034687042236"
"11588","1.5740063190460205","1.5740063190460205","1.5740063190460205"
"11591","1.5803008079528809","1.5803008079528809","1.5803008079528809"
"11594","1.7157692909240723","1.7157692909240723","1.7157692909240723"
"11595","1.6289435625076294","1.6289435625076294","1.6289435625076294"
"11606","1.69088613986969","1.69088613986969","1.69088613986969"
"11607","1.607814073562622","1.607814073562622","1.607814073562622"
"11608","1.5768986940383911","1.5768986940383911","1.5768986940383911"
"11613","1.5403002500534058","1.5403002500534058","1.5403002500534058"
"11616","1.6096421480178833","1.6096421480178833","1.6096421480178833"
"11617","1.6649744510650635","1.6649744510650635","1.6649744510650635"
"11619","1.6144182682037354","1.6144182682037354","1.6144182682037354"
"11620","1.6680761575698853","1.6680761575698853","1.6680761575698853"
"11622","1.5531823635101318","1.5531823635101318","1.5531823635101318"
"11624","1.7341256141662598","1.7341256141662598","1.7341256141662598"
"11626","1.5855214595794678","1.5855214595794678","1.5855214595794678"
"11628","1.6063861846923828","1.6063861846923828","1.6063861846923828"
"11630","1.584394097328186","1.584394097328186","1.584394097328186"
"11633","1.6018844842910767","1.6018844842910767","1.6018844842910767"
"11635","1.5960978269577026","1.5960978269577026","1.5960978269577026"
"11638","1.6413311958312988","1.6413311958312988","1.6413311958312988"
"11639","1.7261104583740234","1.7261104583740234","1.7261104583740234"
"11641","1.6203625202178955","1.6203625202178955","1.6203625202178955"
"11642","1.6617748737335205","1.6617748737335205","1.6617748737335205"
"11643","1.625319004058838","1.625319004058838","1.625319004058838"
"11648","1.606747031211853","1.606747031211853","1.606747031211853"
"11652","1.5534007549285889","1.5534007549285889","1.5534007549285889"
"11657","1.5262231826782227","1.5262231826782227","1.5262231826782227"
"11660","1.6794201135635376","1.6794201135635376","1.6794201135635376"
"11662","1.680196762084961","1.680196762084961","1.680196762084961"
"11666","1.6304936408996582","1.6304936408996582","1.6304936408996582"
"11667","1.5202019214630127","1.5202019214630127","1.5202019214630127"
"11668","1.5609452724456787","1.5609452724456787","1.5609452724456787"
"11670","1.6473422050476074","1.6473422050476074","1.6473422050476074"
"11672","1.5484540462493896","1.5484540462493896","1.5484540462493896"
"11673","1.6754646301269531","1.6754646301269531","1.6754646301269531"
"11676","1.647357702255249","1.647357702255249","1.647357702255249"
"11706","1.6252758502960205","1.6252758502960205","1.6252758502960205"
"11713","1.554210901260376","1.554210901260376","1.554210901260376"
"11718","1.7101709842681885","1.7101709842681885","1.7101709842681885"
"11722","1.5315320491790771","1.5315320491790771","1.5315320491790771"
"11725","1.630009651184082","1.630009651184082","1.630009651184082"
"11728","1.6636669635772705","1.6636669635772705","1.6636669635772705"
"11733","1.5658891201019287","1.5658891201019287","1.5658891201019287"
"11737","1.6611698865890503","1.6611698865890503","1.6611698865890503"
"11743","1.7135281562805176","1.7135281562805176","1.7135281562805176"
"11745","1.6135777235031128","1.6135777235031128","1.6135777235031128"
"11746","1.6980702877044678","1.6980702877044678","1.6980702877044678"
"11748","1.5554858446121216","1.5554858446121216","1.5554858446121216"
"11754","1.6044633388519287","1.6044633388519287","1.6044633388519287"
"11757","1.653855562210083","1.653855562210083","1.653855562210083"
"11768","1.657297134399414","1.657297134399414","1.657297134399414"
"11773","1.656184434890747","1.656184434890747","1.656184434890747"
"11783","1.709942102432251","1.709942102432251","1.709942102432251"
"11789","1.547307014465332","1.547307014465332","1.547307014465332"
"11790","1.7252705097198486","1.7252705097198486","1.7252705097198486"
"11795","1.640263557434082","1.640263557434082","1.640263557434082"
"11798","1.550945520401001","1.550945520401001","1.550945520401001"
"11800","1.621697187423706","1.621697187423706","1.621697187423706"
"11801","1.6337071657180786","1.6337071657180786","1.6337071657180786"
"11810","1.571770191192627","1.571770191192627","1.571770191192627"
"11811","1.675570011138916","1.675570011138916","1.675570011138916"
"11814","1.5133044719696045","1.5133044719696045","1.5133044719696045"
"11815","1.6223714351654053","1.6223714351654053","1.6223714351654053"
"11816","1.6962509155273438","1.6962509155273438","1.6962509155273438"
"11817","1.6860450506210327","1.6860450506210327","1.6860450506210327"
"11828","1.635541319847107","1.635541319847107","1.635541319847107"
"11835","1.6785022020339966","1.6785022020339966","1.6785022020339966"
"11839","1.5585687160491943","1.5585687160491943","1.5585687160491943"
"11849","1.5440077781677246","1.5440077781677246","1.5440077781677246"
"11862","1.5646398067474365","1.5646398067474365","1.5646398067474365"
"11863","1.659726858139038","1.659726858139038","1.659726858139038"
"11864","1.6041152477264404","1.6041152477264404","1.6041152477264404"
"11865","1.6148700714111328","1.6148700714111328","1.6148700714111328"
"11869","1.557939052581787","1.557939052581787","1.557939052581787"
"11873","1.5351576805114746","1.5351576805114746","1.5351576805114746"
"11874","1.6302660703659058","1.6302660703659058","1.6302660703659058"
"11875","1.6438965797424316","1.6438965797424316","1.6438965797424316"
"11877","1.7067707777023315","1.7067707777023315","1.7067707777023315"
"11880","1.6095757484436035","1.6095757484436035","1.6095757484436035"
"11890","1.6500897407531738","1.6500897407531738","1.6500897407531738"
"11891","1.6561691761016846","1.6561691761016846","1.6561691761016846"
"11906","1.604146122932434","1.604146122932434","1.604146122932434"
"11909","1.4819095134735107","1.4819095134735107","1.4819095134735107"
"11920","1.6475622653961182","1.6475622653961182","1.6475622653961182"
"11921","1.5932765007019043","1.5932765007019043","1.5932765007019043"
"11933","1.5322346687316895","1.5322346687316895","1.5322346687316895"
"11934","1.6935957670211792","1.6935957670211792","1.6935957670211792"
"11939","1.529710054397583","1.529710054397583","1.529710054397583"
"11940","1.5736138820648193","1.5736138820648193","1.5736138820648193"
"11944","1.6125391721725464","1.6125391721725464","1.6125391721725464"
"11951","1.6615902185440063","1.6615902185440063","1.6615902185440063"
"11953","1.6852346658706665","1.6852346658706665","1.6852346658706665"
"11954","1.6367313861846924","1.6367313861846924","1.6367313861846924"
"11956","1.553098440170288","1.553098440170288","1.553098440170288"
"11961","1.6970568895339966","1.6970568895339966","1.6970568895339966"
"11969","1.6034164428710938","1.6034164428710938","1.6034164428710938"
"11971","1.655989646911621","1.655989646911621","1.655989646911621"
"11975","1.6413724422454834","1.6413724422454834","1.6413724422454834"
"11983","1.6719882488250732","1.6719882488250732","1.6719882488250732"
"11986","1.6662828922271729","1.6662828922271729","1.6662828922271729"
"11989","1.4512534141540527","1.4512534141540527","1.4512534141540527"
"11990","1.647803783416748","1.647803783416748","1.647803783416748"
"11991","1.5614237785339355","1.5614237785339355","1.5614237785339355"
"11992","1.6197535991668701","1.6197535991668701","1.6197535991668701"
"11993","1.5416563749313354","1.5416563749313354","1.5416563749313354"
"11995","1.590768814086914","1.590768814086914","1.590768814086914"
"11996","1.58651864528656","1.58651864528656","1.58651864528656"
"11997","1.6333153247833252","1.6333153247833252","1.6333153247833252"
"12013","1.6787463426589966","1.6787463426589966","1.6787463426589966"
"12018","1.6969135999679565","1.6969135999679565","1.6969135999679565"
"12019","1.5918747186660767","1.5918747186660767","1.5918747186660767"
"12023","1.6924364566802979","1.6924364566802979","1.6924364566802979"
"12025","1.558120846748352","1.558120846748352","1.558120846748352"
"12039","1.6048997640609741","1.6048997640609741","1.6048997640609741"
"12044","1.6101490259170532","1.6101490259170532","1.6101490259170532"
"12047","1.6278061866760254","1.6278061866760254","1.6278061866760254"
"12048","1.6456148624420166","1.6456148624420166","1.6456148624420166"
"12049","1.6266329288482666","1.6266329288482666","1.6266329288482666"
"12057","1.658820390701294","1.658820390701294","1.658820390701294"
"12059","1.5829036235809326","1.5829036235809326","1.5829036235809326"
"12065","1.681796908378601","1.681796908378601","1.681796908378601"
"12070","1.5504333972930908","1.5504333972930908","1.5504333972930908"
"12079","1.8007923364639282","1.8007923364639282","1.8007923364639282"
"12085","1.694246530532837","1.694246530532837","1.694246530532837"
"12086","1.5866128206253052","1.5866128206253052","1.5866128206253052"
"12087","1.5557355880737305","1.5557355880737305","1.5557355880737305"
"12091","1.5258986949920654","1.5258986949920654","1.5258986949920654"
"12096","1.5598936080932617","1.5598936080932617","1.5598936080932617"
"12099","1.672959804534912","1.672959804534912","1.672959804534912"
"12102","1.5688203573226929","1.5688203573226929","1.5688203573226929"
"12103","1.5536081790924072","1.5536081790924072","1.5536081790924072"
"12108","1.6314154863357544","1.6314154863357544","1.6314154863357544"
"12111","1.6641530990600586","1.6641530990600586","1.6641530990600586"
"12112","1.6205716133117676","1.6205716133117676","1.6205716133117676"
"12113","1.5677144527435303","1.5677144527435303","1.5677144527435303"
"12115","1.649764060974121","1.649764060974121","1.649764060974121"
"12116","1.5862553119659424","1.5862553119659424","1.5862553119659424"
"12120","1.6492184400558472","1.6492184400558472","1.6492184400558472"
"12124","1.5660874843597412","1.5660874843597412","1.5660874843597412"
"12128","1.627459168434143","1.627459168434143","1.627459168434143"
"12129","1.513425588607788","1.513425588607788","1.513425588607788"
"12132","1.485050916671753","1.485050916671753","1.485050916671753"
"12140","1.6727478504180908","1.6727478504180908","1.6727478504180908"
"12141","1.579521656036377","1.579521656036377","1.579521656036377"
"12144","1.5981214046478271","1.5981214046478271","1.5981214046478271"
"12145","1.5759848356246948","1.5759848356246948","1.5759848356246948"
"12152","1.5674481391906738","1.5674481391906738","1.5674481391906738"
"12154","1.5844004154205322","1.5844004154205322","1.5844004154205322"
"12157","1.5408560037612915","1.5408560037612915","1.5408560037612915"
"12161","1.6276602745056152","1.6276602745056152","1.6276602745056152"
"12171","1.5832881927490234","1.5832881927490234","1.5832881927490234"
"12172","1.6405155658721924","1.6405155658721924","1.6405155658721924"
"12173","1.6184161901474","1.6184161901474","1.6184161901474"
"12177","1.631352424621582","1.631352424621582","1.631352424621582"
"12187","1.6390573978424072","1.6390573978424072","1.6390573978424072"
"12189","1.455662488937378","1.455662488937378","1.455662488937378"
"12190","1.5842586755752563","1.5842586755752563","1.5842586755752563"
"12193","1.6791024208068848","1.6791024208068848","1.6791024208068848"
"12197","1.523287296295166","1.523287296295166","1.523287296295166"
"12215","1.6561684608459473","1.6561684608459473","1.6561684608459473"
"12220","1.5690972805023193","1.5690972805023193","1.5690972805023193"
"12226","1.520040512084961","1.520040512084961","1.520040512084961"
"12227","1.5471205711364746","1.5471205711364746","1.5471205711364746"
"12228","1.6093741655349731","1.6093741655349731","1.6093741655349731"
"12239","1.6425315141677856","1.6425315141677856","1.6425315141677856"
"12240","1.5687438249588013","1.5687438249588013","1.5687438249588013"
"12241","1.580107569694519","1.580107569694519","1.580107569694519"
"12243","1.6012189388275146","1.6012189388275146","1.6012189388275146"
"12244","1.6072803735733032","1.6072803735733032","1.6072803735733032"
"12247","1.624045491218567","1.624045491218567","1.624045491218567"
"12257","1.5941307544708252","1.5941307544708252","1.5941307544708252"
"12263","1.6203973293304443","1.6203973293304443","1.6203973293304443"
"12275","1.6391282081604004","1.6391282081604004","1.6391282081604004"
"12277","1.5895287990570068","1.5895287990570068","1.5895287990570068"
"12279","1.5876860618591309","1.5876860618591309","1.5876860618591309"
"12280","1.6534227132797241","1.6534227132797241","1.6534227132797241"
"12293","1.5070385932922363","1.5070385932922363","1.5070385932922363"
"12295","1.5852152109146118","1.5852152109146118","1.5852152109146118"
"12297","1.6119132041931152","1.6119132041931152","1.6119132041931152"
"12305","1.6083543300628662","1.6083543300628662","1.6083543300628662"
"12306","1.5469633340835571","1.5469633340835571","1.5469633340835571"
"12312","1.455613374710083","1.455613374710083","1.455613374710083"
"12313","1.642198085784912","1.642198085784912","1.642198085784912"
"12315","1.5787956714630127","1.5787956714630127","1.5787956714630127"
"12317","1.6446911096572876","1.6446911096572876","1.6446911096572876"
"12319","1.5718824863433838","1.5718824863433838","1.5718824863433838"
"12325","1.6077955961227417","1.6077955961227417","1.6077955961227417"
"12329","1.7000789642333984","1.7000789642333984","1.7000789642333984"
"12330","1.5565189123153687","1.5565189123153687","1.5565189123153687"
"12331","1.5800042152404785","1.5800042152404785","1.5800042152404785"
"12337","1.636354684829712","1.636354684829712","1.636354684829712"
"12340","1.6064894199371338","1.6064894199371338","1.6064894199371338"
"12342","1.627750039100647","1.627750039100647","1.627750039100647"
"12345","1.5862573385238647","1.5862573385238647","1.5862573385238647"
"12346","1.5455207824707031","1.5455207824707031","1.5455207824707031"
"12348","1.640997052192688","1.640997052192688","1.640997052192688"
"12349","1.5082001686096191","1.5082001686096191","1.5082001686096191"
"12353","1.538116455078125","1.538116455078125","1.538116455078125"
"12356","1.6468896865844727","1.6468896865844727","1.6468896865844727"
"12362","1.5829192399978638","1.5829192399978638","1.5829192399978638"
"12367","1.4752514362335205","1.4752514362335205","1.4752514362335205"
"12371","1.5852466821670532","1.5852466821670532","1.5852466821670532"
"12373","1.609925389289856","1.609925389289856","1.609925389289856"
"12378","1.5459916591644287","1.5459916591644287","1.5459916591644287"
"12380","1.6627342700958252","1.6627342700958252","1.6627342700958252"
"12389","1.6451687812805176","1.6451687812805176","1.6451687812805176"
"12397","1.64827299118042","1.64827299118042","1.64827299118042"
"12400","1.6222922801971436","1.6222922801971436","1.6222922801971436"
"12402","1.648708701133728","1.648708701133728","1.648708701133728"
"12411","1.5894725322723389","1.5894725322723389","1.5894725322723389"
"12415","1.579585075378418","1.579585075378418","1.579585075378418"
"12422","1.6563084125518799","1.6563084125518799","1.6563084125518799"
"12429","1.6769237518310547","1.6769237518310547","1.6769237518310547"
"12435","1.663888931274414","1.663888931274414","1.663888931274414"
"12437","1.6743615865707397","1.6743615865707397","1.6743615865707397"
"12453","1.6448707580566406","1.6448707580566406","1.6448707580566406"
"12466","1.527585744857788","1.527585744857788","1.527585744857788"
"12470","1.5716655254364014","1.5716655254364014","1.5716655254364014"
"12472","1.7285993099212646","1.7285993099212646","1.7285993099212646"
"12477","1.6979928016662598","1.6979928016662598","1.6979928016662598"
"12479","1.5969799757003784","1.5969799757003784","1.5969799757003784"
"12498","1.492045521736145","1.492045521736145","1.492045521736145"
"12499","1.639047384262085","1.639047384262085","1.639047384262085"
"12502","1.5313266515731812","1.5313266515731812","1.5313266515731812"
"12503","1.5595673322677612","1.5595673322677612","1.5595673322677612"
"12512","1.5515656471252441","1.5515656471252441","1.5515656471252441"
"12514","1.5831096172332764","1.5831096172332764","1.5831096172332764"
"12517","1.5872600078582764","1.5872600078582764","1.5872600078582764"
"12524","1.6137162446975708","1.6137162446975708","1.6137162446975708"
"12526","1.6004558801651","1.6004558801651","1.6004558801651"
"12527","1.66330885887146","1.66330885887146","1.66330885887146"
"12533","1.62799072265625","1.62799072265625","1.62799072265625"
"12535","1.6888220310211182","1.6888220310211182","1.6888220310211182"
"12540","1.5326744318008423","1.5326744318008423","1.5326744318008423"
"12547","1.6206389665603638","1.6206389665603638","1.6206389665603638"
"12550","1.5579559803009033","1.5579559803009033","1.5579559803009033"
"12560","1.602468729019165","1.602468729019165","1.602468729019165"
"12567","1.5767176151275635","1.5767176151275635","1.5767176151275635"
"12573","1.6834309101104736","1.6834309101104736","1.6834309101104736"
"12574","1.5925945043563843","1.5925945043563843","1.5925945043563843"
"12575","1.5758692026138306","1.5758692026138306","1.5758692026138306"
"12576","1.5761308670043945","1.5761308670043945","1.5761308670043945"
"12580","1.6420961618423462","1.6420961618423462","1.6420961618423462"
"12582","1.5364749431610107","1.5364749431610107","1.5364749431610107"
"12587","1.6277964115142822","1.6277964115142822","1.6277964115142822"
"12595","1.5138987302780151","1.5138987302780151","1.5138987302780151"
"12599","1.619910478591919","1.619910478591919","1.619910478591919"
"12602","1.5935447216033936","1.5935447216033936","1.5935447216033936"
"12609","1.5830332040786743","1.5830332040786743","1.5830332040786743"
"12610","1.5773557424545288","1.5773557424545288","1.5773557424545288"
"12617","1.6136715412139893","1.6136715412139893","1.6136715412139893"
"12620","1.5550304651260376","1.5550304651260376","1.5550304651260376"
"12631","1.5020588636398315","1.5020588636398315","1.5020588636398315"
"12633","1.5422143936157227","1.5422143936157227","1.5422143936157227"
"12639","1.6003388166427612","1.6003388166427612","1.6003388166427612"
"12642","1.5465044975280762","1.5465044975280762","1.5465044975280762"
"12643","1.5444005727767944","1.5444005727767944","1.5444005727767944"
"12644","1.6735618114471436","1.6735618114471436","1.6735618114471436"
"12653","1.7720966339111328","1.7720966339111328","1.7720966339111328"
"12657","1.5611190795898438","1.5611190795898438","1.5611190795898438"
"12663","1.7205926179885864","1.7205926179885864","1.7205926179885864"
"12667","1.5726763010025024","1.5726763010025024","1.5726763010025024"
"12669","1.6710774898529053","1.6710774898529053","1.6710774898529053"
"12672","1.5158168077468872","1.5158168077468872","1.5158168077468872"
"12676","1.6577513217926025","1.6577513217926025","1.6577513217926025"
"12703","1.5087621212005615","1.5087621212005615","1.5087621212005615"
"12708","1.6190377473831177","1.6190377473831177","1.6190377473831177"
"12713","1.5985294580459595","1.5985294580459595","1.5985294580459595"
"12714","1.5947978496551514","1.5947978496551514","1.5947978496551514"
"12721","1.7020241022109985","1.7020241022109985","1.7020241022109985"
"12723","1.61142098903656","1.61142098903656","1.61142098903656"
"12725","1.5591566562652588","1.5591566562652588","1.5591566562652588"
"12731","1.63515043258667","1.63515043258667","1.63515043258667"
"12732","1.6712489128112793","1.6712489128112793","1.6712489128112793"
"12735","1.4971952438354492","1.4971952438354492","1.4971952438354492"
"12736","1.715803861618042","1.715803861618042","1.715803861618042"
"12737","1.7312357425689697","1.7312357425689697","1.7312357425689697"
"12743","1.723203182220459","1.723203182220459","1.723203182220459"
"12747","1.668849229812622","1.668849229812622","1.668849229812622"
"12749","1.589210867881775","1.589210867881775","1.589210867881775"
"12750","1.5819635391235352","1.5819635391235352","1.5819635391235352"
"12753","1.593623161315918","1.593623161315918","1.593623161315918"
"12758","1.7259801626205444","1.7259801626205444","1.7259801626205444"
"12759","1.5382386445999146","1.5382386445999146","1.5382386445999146"
"12766","1.6882331371307373","1.6882331371307373","1.6882331371307373"
"12767","1.6188745498657227","1.6188745498657227","1.6188745498657227"
"12772","1.745998501777649","1.745998501777649","1.745998501777649"
"12773","1.679250955581665","1.679250955581665","1.679250955581665"
"12778","1.5395565032958984","1.5395565032958984","1.5395565032958984"
"12786","1.627524733543396","1.627524733543396","1.627524733543396"
"12790","1.6373631954193115","1.6373631954193115","1.6373631954193115"
"12793","1.5285277366638184","1.5285277366638184","1.5285277366638184"
"12798","1.6102408170700073","1.6102408170700073","1.6102408170700073"
"12807","1.6161390542984009","1.6161390542984009","1.6161390542984009"
"12809","1.696366548538208","1.696366548538208","1.696366548538208"
"12815","1.6364805698394775","1.6364805698394775","1.6364805698394775"
"12816","1.6246527433395386","1.6246527433395386","1.6246527433395386"
"12820","1.5547759532928467","1.5547759532928467","1.5547759532928467"
"12826","1.6644108295440674","1.6644108295440674","1.6644108295440674"
"12829","1.5053997039794922","1.5053997039794922","1.5053997039794922"
"12833","1.5233126878738403","1.5233126878738403","1.5233126878738403"
"12834","1.60768723487854","1.60768723487854","1.60768723487854"
"12838","1.6218647956848145","1.6218647956848145","1.6218647956848145"
"12842","1.6795105934143066","1.6795105934143066","1.6795105934143066"
"12850","1.6065363883972168","1.6065363883972168","1.6065363883972168"
"12851","1.6692312955856323","1.6692312955856323","1.6692312955856323"
"12858","1.606445074081421","1.606445074081421","1.606445074081421"
"12865","1.5444737672805786","1.5444737672805786","1.5444737672805786"
"12867","1.6980608701705933","1.6980608701705933","1.6980608701705933"
"12871","1.5669537782669067","1.5669537782669067","1.5669537782669067"
"12877","1.6782175302505493","1.6782175302505493","1.6782175302505493"
"12881","1.625936508178711","1.625936508178711","1.625936508178711"
"12882","1.7502920627593994","1.7502920627593994","1.7502920627593994"
"12883","1.6337151527404785","1.6337151527404785","1.6337151527404785"
"12885","1.5737431049346924","1.5737431049346924","1.5737431049346924"
"12889","1.6411585807800293","1.6411585807800293","1.6411585807800293"
"12894","1.5728275775909424","1.5728275775909424","1.5728275775909424"
"12898","1.4988808631896973","1.4988808631896973","1.4988808631896973"
"12904","1.5783358812332153","1.5783358812332153","1.5783358812332153"
"12908","1.639420986175537","1.639420986175537","1.639420986175537"
"12918","1.623727798461914","1.623727798461914","1.623727798461914"
"12921","1.645169734954834","1.645169734954834","1.645169734954834"
"12923","1.5099495649337769","1.5099495649337769","1.5099495649337769"
"12924","1.7134246826171875","1.7134246826171875","1.7134246826171875"
"12925","1.5056798458099365","1.5056798458099365","1.5056798458099365"
"12929","1.5835803747177124","1.5835803747177124","1.5835803747177124"
"12930","1.5749255418777466","1.5749255418777466","1.5749255418777466"
"12931","1.591217041015625","1.591217041015625","1.591217041015625"
"12932","1.6889888048171997","1.6889888048171997","1.6889888048171997"
"12934","1.5802721977233887","1.5802721977233887","1.5802721977233887"
"12935","1.5468676090240479","1.5468676090240479","1.5468676090240479"
"12941","1.6630452871322632","1.6630452871322632","1.6630452871322632"
"12942","1.6395025253295898","1.6395025253295898","1.6395025253295898"
"12957","1.7064168453216553","1.7064168453216553","1.7064168453216553"
"12958","1.5524871349334717","1.5524871349334717","1.5524871349334717"
"12960","1.5947405099868774","1.5947405099868774","1.5947405099868774"
"12966","1.661445140838623","1.661445140838623","1.661445140838623"
"12971","1.6302363872528076","1.6302363872528076","1.6302363872528076"
"12972","1.6896724700927734","1.6896724700927734","1.6896724700927734"
"12973","1.570741891860962","1.570741891860962","1.570741891860962"
"12976","1.6297276020050049","1.6297276020050049","1.6297276020050049"
"12982","1.6214468479156494","1.6214468479156494","1.6214468479156494"
"12990","1.5960235595703125","1.5960235595703125","1.5960235595703125"
"12991","1.625567078590393","1.625567078590393","1.625567078590393"
"12993","1.6596055030822754","1.6596055030822754","1.6596055030822754"
"12994","1.6016623973846436","1.6016623973846436","1.6016623973846436"
"12997","1.5875887870788574","1.5875887870788574","1.5875887870788574"
"12998","1.6705808639526367","1.6705808639526367","1.6705808639526367"
"12999","1.543315052986145","1.543315052986145","1.543315052986145"
"13002","1.624581217765808","1.624581217765808","1.624581217765808"
"13004","1.6039718389511108","1.6039718389511108","1.6039718389511108"
"13010","1.621626377105713","1.621626377105713","1.621626377105713"
"13012","1.5389412641525269","1.5389412641525269","1.5389412641525269"
"13013","1.5710289478302002","1.5710289478302002","1.5710289478302002"
"13016","1.683698296546936","1.683698296546936","1.683698296546936"
"13020","1.6858397722244263","1.6858397722244263","1.6858397722244263"
"13021","1.6177133321762085","1.6177133321762085","1.6177133321762085"
"13026","1.5109753608703613","1.5109753608703613","1.5109753608703613"
"13028","1.6736890077590942","1.6736890077590942","1.6736890077590942"
"13031","1.5973848104476929","1.5973848104476929","1.5973848104476929"
"13032","1.5923889875411987","1.5923889875411987","1.5923889875411987"
"13035","1.6806108951568604","1.6806108951568604","1.6806108951568604"
"13036","1.5527921915054321","1.5527921915054321","1.5527921915054321"
"13039","1.5226874351501465","1.5226874351501465","1.5226874351501465"
"13040","1.6485137939453125","1.6485137939453125","1.6485137939453125"
"13042","1.5906212329864502","1.5906212329864502","1.5906212329864502"
"13043","1.694793701171875","1.694793701171875","1.694793701171875"
"13045","1.661086916923523","1.661086916923523","1.661086916923523"
"13047","1.6303660869598389","1.6303660869598389","1.6303660869598389"
"13051","1.567495346069336","1.567495346069336","1.567495346069336"
"13057","1.8054006099700928","1.8054006099700928","1.8054006099700928"
"13062","1.610177755355835","1.610177755355835","1.610177755355835"
"13066","1.6987533569335938","1.6987533569335938","1.6987533569335938"
"13068","1.6762006282806396","1.6762006282806396","1.6762006282806396"
"13073","1.625640630722046","1.625640630722046","1.625640630722046"
"13082","1.506792664527893","1.506792664527893","1.506792664527893"
"13090","1.5325472354888916","1.5325472354888916","1.5325472354888916"
"13091","1.5633902549743652","1.5633902549743652","1.5633902549743652"
"13098","1.6649664640426636","1.6649664640426636","1.6649664640426636"
"13101","1.6659314632415771","1.6659314632415771","1.6659314632415771"
"13102","1.5611786842346191","1.5611786842346191","1.5611786842346191"
"13105","1.6458864212036133","1.6458864212036133","1.6458864212036133"
"13107","1.5971598625183105","1.5971598625183105","1.5971598625183105"
"13110","1.6834161281585693","1.6834161281585693","1.6834161281585693"
"13111","1.7648379802703857","1.7648379802703857","1.7648379802703857"
"13112","1.6162395477294922","1.6162395477294922","1.6162395477294922"
"13114","1.7323659658432007","1.7323659658432007","1.7323659658432007"
"13116","1.6916229724884033","1.6916229724884033","1.6916229724884033"
"13129","1.545559048652649","1.545559048652649","1.545559048652649"
"13130","1.5096884965896606","1.5096884965896606","1.5096884965896606"
"13137","1.663358211517334","1.663358211517334","1.663358211517334"
"13139","1.6647027730941772","1.6647027730941772","1.6647027730941772"
"13143","1.556591510772705","1.556591510772705","1.556591510772705"
"13145","1.5668729543685913","1.5668729543685913","1.5668729543685913"
"13150","1.604383945465088","1.604383945465088","1.604383945465088"
"13151","1.623852252960205","1.623852252960205","1.623852252960205"
"13152","1.5183610916137695","1.5183610916137695","1.5183610916137695"
"13157","1.5161875486373901","1.5161875486373901","1.5161875486373901"
"13159","1.4740657806396484","1.4740657806396484","1.4740657806396484"
"13161","1.5986392498016357","1.5986392498016357","1.5986392498016357"
"13163","1.6622614860534668","1.6622614860534668","1.6622614860534668"
"13167","1.6187400817871094","1.6187400817871094","1.6187400817871094"
"13173","1.4859979152679443","1.4859979152679443","1.4859979152679443"
"13174","1.6557425260543823","1.6557425260543823","1.6557425260543823"
"13175","1.6132838726043701","1.6132838726043701","1.6132838726043701"
"13177","1.6477521657943726","1.6477521657943726","1.6477521657943726"
"13178","1.5967512130737305","1.5967512130737305","1.5967512130737305"
"13180","1.626136064529419","1.626136064529419","1.626136064529419"
"13183","1.6579525470733643","1.6579525470733643","1.6579525470733643"
"13186","1.535592794418335","1.535592794418335","1.535592794418335"
"13191","1.5793862342834473","1.5793862342834473","1.5793862342834473"
"13199","1.699341058731079","1.699341058731079","1.699341058731079"
"13202","1.7009919881820679","1.7009919881820679","1.7009919881820679"
"13205","1.6478540897369385","1.6478540897369385","1.6478540897369385"
"13209","1.5978624820709229","1.5978624820709229","1.5978624820709229"
"13210","1.5486114025115967","1.5486114025115967","1.5486114025115967"
"13223","1.588931679725647","1.588931679725647","1.588931679725647"
"13224","1.551762580871582","1.551762580871582","1.551762580871582"
"13230","1.5974745750427246","1.5974745750427246","1.5974745750427246"
"13232","1.5806485414505005","1.5806485414505005","1.5806485414505005"
"13233","1.4818639755249023","1.4818639755249023","1.4818639755249023"
"13237","1.5583287477493286","1.5583287477493286","1.5583287477493286"
"13238","1.6109167337417603","1.6109167337417603","1.6109167337417603"
"13239","1.456532597541809","1.456532597541809","1.456532597541809"
"13242","1.602358102798462","1.602358102798462","1.602358102798462"
"13253","1.7113583087921143","1.7113583087921143","1.7113583087921143"
"13254","1.5345697402954102","1.5345697402954102","1.5345697402954102"
"13259","1.563993215560913","1.563993215560913","1.563993215560913"
"13261","1.5763981342315674","1.5763981342315674","1.5763981342315674"
"13265","1.660027027130127","1.660027027130127","1.660027027130127"
"13268","1.5693185329437256","1.5693185329437256","1.5693185329437256"
"13274","1.5685369968414307","1.5685369968414307","1.5685369968414307"
"13279","1.6896600723266602","1.6896600723266602","1.6896600723266602"
"13290","1.5628782510757446","1.5628782510757446","1.5628782510757446"
"13291","1.4178787469863892","1.4178787469863892","1.4178787469863892"
"13294","1.5505437850952148","1.5505437850952148","1.5505437850952148"
"13296","1.5549342632293701","1.5549342632293701","1.5549342632293701"
"13300","1.5882549285888672","1.5882549285888672","1.5882549285888672"
"13304","1.4867463111877441","1.4867463111877441","1.4867463111877441"
"13305","1.5071266889572144","1.5071266889572144","1.5071266889572144"
"13307","1.65036940574646","1.65036940574646","1.65036940574646"
"13308","1.5646095275878906","1.5646095275878906","1.5646095275878906"
"13310","1.6398159265518188","1.6398159265518188","1.6398159265518188"
"13311","1.5328664779663086","1.5328664779663086","1.5328664779663086"
"13312","1.6107730865478516","1.6107730865478516","1.6107730865478516"
"13316","1.5248706340789795","1.5248706340789795","1.5248706340789795"
"13318","1.6296566724777222","1.6296566724777222","1.6296566724777222"
"13319","1.5959879159927368","1.5959879159927368","1.5959879159927368"
"13322","1.5688401460647583","1.5688401460647583","1.5688401460647583"
"13324","1.5880118608474731","1.5880118608474731","1.5880118608474731"
"13325","1.5582334995269775","1.5582334995269775","1.5582334995269775"
"13329","1.6877477169036865","1.6877477169036865","1.6877477169036865"
"13333","1.7405107021331787","1.7405107021331787","1.7405107021331787"
"13336","1.653118371963501","1.653118371963501","1.653118371963501"
"13337","1.6345207691192627","1.6345207691192627","1.6345207691192627"
"13339","1.5624134540557861","1.5624134540557861","1.5624134540557861"
"13341","1.7149231433868408","1.7149231433868408","1.7149231433868408"
"13348","1.5649690628051758","1.5649690628051758","1.5649690628051758"
"13350","1.5397535562515259","1.5397535562515259","1.5397535562515259"
"13353","1.515303611755371","1.515303611755371","1.515303611755371"
"13355","1.5823211669921875","1.5823211669921875","1.5823211669921875"
"13358","1.5946227312088013","1.5946227312088013","1.5946227312088013"
"13366","1.6834659576416016","1.6834659576416016","1.6834659576416016"
"13371","1.661426305770874","1.661426305770874","1.661426305770874"
"13372","1.5524858236312866","1.5524858236312866","1.5524858236312866"
"13376","1.5949745178222656","1.5949745178222656","1.5949745178222656"
"13380","1.5945090055465698","1.5945090055465698","1.5945090055465698"
"13382","1.5590711832046509","1.5590711832046509","1.5590711832046509"
"13389","1.5535528659820557","1.5535528659820557","1.5535528659820557"
"13394","1.586923360824585","1.586923360824585","1.586923360824585"
"13399","1.6156257390975952","1.6156257390975952","1.6156257390975952"
"13400","1.590509295463562","1.590509295463562","1.590509295463562"
"13401","1.4941761493682861","1.4941761493682861","1.4941761493682861"
"13403","1.592799425125122","1.592799425125122","1.592799425125122"
"13406","1.671525001525879","1.671525001525879","1.671525001525879"
"13411","1.5896351337432861","1.5896351337432861","1.5896351337432861"
"13418","1.5792816877365112","1.5792816877365112","1.5792816877365112"
"13423","1.6516703367233276","1.6516703367233276","1.6516703367233276"
"13430","1.573418140411377","1.573418140411377","1.573418140411377"
"13453","1.5919312238693237","1.5919312238693237","1.5919312238693237"
"13454","1.5926538705825806","1.5926538705825806","1.5926538705825806"
"13457","1.4608170986175537","1.4608170986175537","1.4608170986175537"
"13459","1.5667052268981934","1.5667052268981934","1.5667052268981934"
"13460","1.5506079196929932","1.5506079196929932","1.5506079196929932"
"13464","1.5843926668167114","1.5843926668167114","1.5843926668167114"
"13466","1.723308801651001","1.723308801651001","1.723308801651001"
"13468","1.5627267360687256","1.5627267360687256","1.5627267360687256"
"13470","1.615921139717102","1.615921139717102","1.615921139717102"
"13473","1.588883399963379","1.588883399963379","1.588883399963379"
"13476","1.546470046043396","1.546470046043396","1.546470046043396"
"13478","1.7102420330047607","1.7102420330047607","1.7102420330047607"
"13480","1.6118531227111816","1.6118531227111816","1.6118531227111816"
"13481","1.5113728046417236","1.5113728046417236","1.5113728046417236"
"13482","1.4853193759918213","1.4853193759918213","1.4853193759918213"
"13488","1.5992226600646973","1.5992226600646973","1.5992226600646973"
"13489","1.6442688703536987","1.6442688703536987","1.6442688703536987"
"13491","1.640265941619873","1.640265941619873","1.640265941619873"
"13494","1.5726191997528076","1.5726191997528076","1.5726191997528076"
"13497","1.6838117837905884","1.6838117837905884","1.6838117837905884"
"13499","1.6534004211425781","1.6534004211425781","1.6534004211425781"
"13501","1.6064095497131348","1.6064095497131348","1.6064095497131348"
"13505","1.4979708194732666","1.4979708194732666","1.4979708194732666"
"13512","1.5749895572662354","1.5749895572662354","1.5749895572662354"
"13513","1.6036484241485596","1.6036484241485596","1.6036484241485596"
"13514","1.782407283782959","1.782407283782959","1.782407283782959"
"13515","1.6785695552825928","1.6785695552825928","1.6785695552825928"
"13519","1.6396187543869019","1.6396187543869019","1.6396187543869019"
"13520","1.7041740417480469","1.7041740417480469","1.7041740417480469"
"13523","1.5778015851974487","1.5778015851974487","1.5778015851974487"
"13533","1.5691709518432617","1.5691709518432617","1.5691709518432617"
"13538","1.61751389503479","1.61751389503479","1.61751389503479"
"13540","1.584092140197754","1.584092140197754","1.584092140197754"
"13543","1.574836015701294","1.574836015701294","1.574836015701294"
"13547","1.5648651123046875","1.5648651123046875","1.5648651123046875"
"13548","1.5178948640823364","1.5178948640823364","1.5178948640823364"
"13551","1.4859304428100586","1.4859304428100586","1.4859304428100586"
"13554","1.593372106552124","1.593372106552124","1.593372106552124"
"13563","1.5980660915374756","1.5980660915374756","1.5980660915374756"
"13564","1.5284438133239746","1.5284438133239746","1.5284438133239746"
"13565","1.6258513927459717","1.6258513927459717","1.6258513927459717"
"13567","1.514564871788025","1.514564871788025","1.514564871788025"
"13569","1.579237461090088","1.579237461090088","1.579237461090088"
"13570","1.6115431785583496","1.6115431785583496","1.6115431785583496"
"13574","1.6351616382598877","1.6351616382598877","1.6351616382598877"
"13578","1.6955478191375732","1.6955478191375732","1.6955478191375732"
"13582","1.6150619983673096","1.6150619983673096","1.6150619983673096"
"13587","1.5262985229492188","1.5262985229492188","1.5262985229492188"
"13591","1.603031873703003","1.603031873703003","1.603031873703003"
"13594","1.579662561416626","1.579662561416626","1.579662561416626"
"13597","1.5907405614852905","1.5907405614852905","1.5907405614852905"
"13598","1.488739013671875","1.488739013671875","1.488739013671875"
"13600","1.5174341201782227","1.5174341201782227","1.5174341201782227"
"13604","1.538121223449707","1.538121223449707","1.538121223449707"
"13605","1.572005271911621","1.572005271911621","1.572005271911621"
"13607","1.4723806381225586","1.4723806381225586","1.4723806381225586"
"13615","1.6048946380615234","1.6048946380615234","1.6048946380615234"
"13617","1.6353657245635986","1.6353657245635986","1.6353657245635986"
"13618","1.5114110708236694","1.5114110708236694","1.5114110708236694"
"13621","1.4960358142852783","1.4960358142852783","1.4960358142852783"
"13625","1.4967541694641113","1.4967541694641113","1.4967541694641113"
"13627","1.5790050029754639","1.5790050029754639","1.5790050029754639"
"13629","1.6136001348495483","1.6136001348495483","1.6136001348495483"
"13632","1.5889017581939697","1.5889017581939697","1.5889017581939697"
"13637","1.7786736488342285","1.7786736488342285","1.7786736488342285"
"13638","1.5346074104309082","1.5346074104309082","1.5346074104309082"
"13648","1.6215940713882446","1.6215940713882446","1.6215940713882446"
"13652","1.453012466430664","1.453012466430664","1.453012466430664"
"13659","1.6301350593566895","1.6301350593566895","1.6301350593566895"
"13660","1.50960373878479","1.50960373878479","1.50960373878479"
"13662","1.5472661256790161","1.5472661256790161","1.5472661256790161"
"13667","1.5669691562652588","1.5669691562652588","1.5669691562652588"
"13668","1.57691490650177","1.57691490650177","1.57691490650177"
"13670","1.6004738807678223","1.6004738807678223","1.6004738807678223"
"13673","1.5100669860839844","1.5100669860839844","1.5100669860839844"
"13681","1.6112985610961914","1.6112985610961914","1.6112985610961914"
"13689","1.582813024520874","1.582813024520874","1.582813024520874"
"13693","1.601370096206665","1.601370096206665","1.601370096206665"
"13698","1.5796260833740234","1.5796260833740234","1.5796260833740234"
"13699","1.71931791305542","1.71931791305542","1.71931791305542"
"13709","1.5496947765350342","1.5496947765350342","1.5496947765350342"
"13716","1.6613179445266724","1.6613179445266724","1.6613179445266724"
"13727","1.6651815176010132","1.6651815176010132","1.6651815176010132"
"13728","1.6244207620620728","1.6244207620620728","1.6244207620620728"
"13738","1.6556577682495117","1.6556577682495117","1.6556577682495117"
"13742","1.585767149925232","1.585767149925232","1.585767149925232"
"13743","1.6341779232025146","1.6341779232025146","1.6341779232025146"
"13747","1.612343192100525","1.612343192100525","1.612343192100525"
"13749","1.5354149341583252","1.5354149341583252","1.5354149341583252"
"13761","1.6570844650268555","1.6570844650268555","1.6570844650268555"
"13768","1.502039909362793","1.502039909362793","1.502039909362793"
"13776","1.5555639266967773","1.5555639266967773","1.5555639266967773"
"13777","1.562610387802124","1.562610387802124","1.562610387802124"
"13783","1.5911080837249756","1.5911080837249756","1.5911080837249756"
"13786","1.5308363437652588","1.5308363437652588","1.5308363437652588"
"13801","1.4924852848052979","1.4924852848052979","1.4924852848052979"
"13802","1.6748056411743164","1.6748056411743164","1.6748056411743164"
"13803","1.5988656282424927","1.5988656282424927","1.5988656282424927"
"13805","1.5459294319152832","1.5459294319152832","1.5459294319152832"
"13813","1.5005264282226562","1.5005264282226562","1.5005264282226562"
"13817","1.707519769668579","1.707519769668579","1.707519769668579"
"13822","1.5279326438903809","1.5279326438903809","1.5279326438903809"
"13823","1.6051783561706543","1.6051783561706543","1.6051783561706543"
"13835","1.5747554302215576","1.5747554302215576","1.5747554302215576"
"13842","1.7112687826156616","1.7112687826156616","1.7112687826156616"
"13843","1.5700336694717407","1.5700336694717407","1.5700336694717407"
"13845","1.533663034439087","1.533663034439087","1.533663034439087"
"13846","1.507308006286621","1.507308006286621","1.507308006286621"
"13849","1.5310492515563965","1.5310492515563965","1.5310492515563965"
"13850","1.6491718292236328","1.6491718292236328","1.6491718292236328"
"13854","1.6118990182876587","1.6118990182876587","1.6118990182876587"
"13856","1.5827511548995972","1.5827511548995972","1.5827511548995972"
"13861","1.596069574356079","1.596069574356079","1.596069574356079"
"13862","1.564011812210083","1.564011812210083","1.564011812210083"
"13867","1.4020404815673828","1.4020404815673828","1.4020404815673828"
"13875","1.519700288772583","1.519700288772583","1.519700288772583"
"13882","1.6081039905548096","1.6081039905548096","1.6081039905548096"
"13888","1.5374419689178467","1.5374419689178467","1.5374419689178467"
"13889","1.5455433130264282","1.5455433130264282","1.5455433130264282"
"13891","1.556504249572754","1.556504249572754","1.556504249572754"
"13901","1.5419560670852661","1.5419560670852661","1.5419560670852661"
"13909","1.5811333656311035","1.5811333656311035","1.5811333656311035"
"13916","1.4924367666244507","1.4924367666244507","1.4924367666244507"
"13922","1.6016545295715332","1.6016545295715332","1.6016545295715332"
"13928","1.565292477607727","1.565292477607727","1.565292477607727"
"13933","1.6684277057647705","1.6684277057647705","1.6684277057647705"
"13935","1.5928528308868408","1.5928528308868408","1.5928528308868408"
"13944","1.6927582025527954","1.6927582025527954","1.6927582025527954"
"13946","1.5539727210998535","1.5539727210998535","1.5539727210998535"
"13948","1.6307857036590576","1.6307857036590576","1.6307857036590576"
"13949","1.6698906421661377","1.6698906421661377","1.6698906421661377"
"13952","1.4985325336456299","1.4985325336456299","1.4985325336456299"
"13958","1.6141324043273926","1.6141324043273926","1.6141324043273926"
"13962","1.6361463069915771","1.6361463069915771","1.6361463069915771"
"13963","1.6395714282989502","1.6395714282989502","1.6395714282989502"
"13969","1.6011104583740234","1.6011104583740234","1.6011104583740234"
"13973","1.610220193862915","1.610220193862915","1.610220193862915"
"13975","1.6785590648651123","1.6785590648651123","1.6785590648651123"
"13977","1.6326117515563965","1.6326117515563965","1.6326117515563965"
"13980","1.5353717803955078","1.5353717803955078","1.5353717803955078"
"13985","1.758833646774292","1.758833646774292","1.758833646774292"
"13986","1.616962194442749","1.616962194442749","1.616962194442749"
"13994","1.6157245635986328","1.6157245635986328","1.6157245635986328"
"13996","1.5330464839935303","1.5330464839935303","1.5330464839935303"
"14000","1.742297887802124","1.742297887802124","1.742297887802124"
"14001","1.5518288612365723","1.5518288612365723","1.5518288612365723"
"14007","1.6385504007339478","1.6385504007339478","1.6385504007339478"
"14008","1.5804451704025269","1.5804451704025269","1.5804451704025269"
"14009","1.629695177078247","1.629695177078247","1.629695177078247"
"14019","1.6717473268508911","1.6717473268508911","1.6717473268508911"
"14026","1.6258816719055176","1.6258816719055176","1.6258816719055176"
"14029","1.7004549503326416","1.7004549503326416","1.7004549503326416"
"14034","1.620579481124878","1.620579481124878","1.620579481124878"
"14050","1.5951608419418335","1.5951608419418335","1.5951608419418335"
"14059","1.5342063903808594","1.5342063903808594","1.5342063903808594"
"14065","1.515503168106079","1.515503168106079","1.515503168106079"
"14066","1.6030099391937256","1.6030099391937256","1.6030099391937256"
"14067","1.5596458911895752","1.5596458911895752","1.5596458911895752"
"14068","1.5221651792526245","1.5221651792526245","1.5221651792526245"
"14079","1.590635895729065","1.590635895729065","1.590635895729065"
"14080","1.4809234142303467","1.4809234142303467","1.4809234142303467"
"14081","1.5987584590911865","1.5987584590911865","1.5987584590911865"
"14083","1.5417134761810303","1.5417134761810303","1.5417134761810303"
"14091","1.561675786972046","1.561675786972046","1.561675786972046"
"14093","1.6138904094696045","1.6138904094696045","1.6138904094696045"
"14094","1.6145517826080322","1.6145517826080322","1.6145517826080322"
"14095","1.6031781435012817","1.6031781435012817","1.6031781435012817"
"14097","1.487053394317627","1.487053394317627","1.487053394317627"
"14100","1.6293370723724365","1.6293370723724365","1.6293370723724365"
"14112","1.6302907466888428","1.6302907466888428","1.6302907466888428"
"14113","1.6087207794189453","1.6087207794189453","1.6087207794189453"
"14115","1.6488865613937378","1.6488865613937378","1.6488865613937378"
"14117","1.6080411672592163","1.6080411672592163","1.6080411672592163"
"14120","1.7596254348754883","1.7596254348754883","1.7596254348754883"
"14130","1.6672624349594116","1.6672624349594116","1.6672624349594116"
"14131","1.6349122524261475","1.6349122524261475","1.6349122524261475"
"14134","1.620872974395752","1.620872974395752","1.620872974395752"
"14137","1.678822636604309","1.678822636604309","1.678822636604309"
"14138","1.562911033630371","1.562911033630371","1.562911033630371"
"14139","1.494030237197876","1.494030237197876","1.494030237197876"
"14142","1.5744540691375732","1.5744540691375732","1.5744540691375732"
"14144","1.605851411819458","1.605851411819458","1.605851411819458"
"14146","1.5870442390441895","1.5870442390441895","1.5870442390441895"
"14149","1.585481882095337","1.585481882095337","1.585481882095337"
"14153","1.5849953889846802","1.5849953889846802","1.5849953889846802"
"14154","1.6188271045684814","1.6188271045684814","1.6188271045684814"
"14162","1.5293514728546143","1.5293514728546143","1.5293514728546143"
"14170","1.623429298400879","1.623429298400879","1.623429298400879"
"14171","1.5833947658538818","1.5833947658538818","1.5833947658538818"
"14178","1.6406276226043701","1.6406276226043701","1.6406276226043701"
"14182","1.5493090152740479","1.5493090152740479","1.5493090152740479"
"14186","1.5350878238677979","1.5350878238677979","1.5350878238677979"
"14192","1.714017629623413","1.714017629623413","1.714017629623413"
"14194","1.6004340648651123","1.6004340648651123","1.6004340648651123"
"14195","1.626962423324585","1.626962423324585","1.626962423324585"
"14207","1.647538423538208","1.647538423538208","1.647538423538208"
"14208","1.573472023010254","1.573472023010254","1.573472023010254"
"14214","1.6148552894592285","1.6148552894592285","1.6148552894592285"
"14220","1.7501475811004639","1.7501475811004639","1.7501475811004639"
"14223","1.6167185306549072","1.6167185306549072","1.6167185306549072"
"14228","1.532470464706421","1.532470464706421","1.532470464706421"
"14230","1.5948153734207153","1.5948153734207153","1.5948153734207153"
"14233","1.583580732345581","1.583580732345581","1.583580732345581"
"14244","1.666679859161377","1.666679859161377","1.666679859161377"
"14246","1.6945375204086304","1.6945375204086304","1.6945375204086304"
"14247","1.60146963596344","1.60146963596344","1.60146963596344"
"14251","1.6360280513763428","1.6360280513763428","1.6360280513763428"
"14253","1.531252145767212","1.531252145767212","1.531252145767212"
"14254","1.5449665784835815","1.5449665784835815","1.5449665784835815"
"14256","1.6007118225097656","1.6007118225097656","1.6007118225097656"
"14263","1.622563123703003","1.622563123703003","1.622563123703003"
"14266","1.5642781257629395","1.5642781257629395","1.5642781257629395"
"14267","1.4498450756072998","1.4498450756072998","1.4498450756072998"
"14276","1.522503137588501","1.522503137588501","1.522503137588501"
"14277","1.522552728652954","1.522552728652954","1.522552728652954"
"14279","1.584324836730957","1.584324836730957","1.584324836730957"
"14280","1.6058640480041504","1.6058640480041504","1.6058640480041504"
"14281","1.5614399909973145","1.5614399909973145","1.5614399909973145"
"14282","1.7262208461761475","1.7262208461761475","1.7262208461761475"
"14283","1.5561566352844238","1.5561566352844238","1.5561566352844238"
"14292","1.6101704835891724","1.6101704835891724","1.6101704835891724"
"14297","1.5368618965148926","1.5368618965148926","1.5368618965148926"
"14298","1.6225779056549072","1.6225779056549072","1.6225779056549072"
"14299","1.621316909790039","1.621316909790039","1.621316909790039"
"14301","1.6165988445281982","1.6165988445281982","1.6165988445281982"
"14303","1.778414249420166","1.778414249420166","1.778414249420166"
"14305","1.624206304550171","1.624206304550171","1.624206304550171"
"14307","1.6140587329864502","1.6140587329864502","1.6140587329864502"
"14319","1.5903058052062988","1.5903058052062988","1.5903058052062988"
"14322","1.5554254055023193","1.5554254055023193","1.5554254055023193"
"14337","1.6062915325164795","1.6062915325164795","1.6062915325164795"
"14338","1.5906556844711304","1.5906556844711304","1.5906556844711304"
"14340","1.655235767364502","1.655235767364502","1.655235767364502"
"14343","1.6351850032806396","1.6351850032806396","1.6351850032806396"
"14344","1.5949318408966064","1.5949318408966064","1.5949318408966064"
"14345","1.5623162984848022","1.5623162984848022","1.5623162984848022"
"14349","1.5103840827941895","1.5103840827941895","1.5103840827941895"
"14359","1.5277564525604248","1.5277564525604248","1.5277564525604248"
"14360","1.6444973945617676","1.6444973945617676","1.6444973945617676"
"14367","1.621119499206543","1.621119499206543","1.621119499206543"
"14378","1.6113500595092773","1.6113500595092773","1.6113500595092773"
"14380","1.616809368133545","1.616809368133545","1.616809368133545"
"14383","1.5834341049194336","1.5834341049194336","1.5834341049194336"
"14388","1.5916495323181152","1.5916495323181152","1.5916495323181152"
"14390","1.6799829006195068","1.6799829006195068","1.6799829006195068"
"14392","1.565842628479004","1.565842628479004","1.565842628479004"
"14395","1.6532728672027588","1.6532728672027588","1.6532728672027588"
"14415","1.5344624519348145","1.5344624519348145","1.5344624519348145"
"14419","1.6045385599136353","1.6045385599136353","1.6045385599136353"
"14423","1.5191268920898438","1.5191268920898438","1.5191268920898438"
"14437","1.6092301607131958","1.6092301607131958","1.6092301607131958"
"14440","1.619308590888977","1.619308590888977","1.619308590888977"
"14443","1.7418479919433594","1.7418479919433594","1.7418479919433594"
"14447","1.5561952590942383","1.5561952590942383","1.5561952590942383"
"14449","1.664473056793213","1.664473056793213","1.664473056793213"
"14452","1.6056134700775146","1.6056134700775146","1.6056134700775146"
"14455","1.6430153846740723","1.6430153846740723","1.6430153846740723"
"14457","1.5120267868041992","1.5120267868041992","1.5120267868041992"
"14458","1.5421528816223145","1.5421528816223145","1.5421528816223145"
"14462","1.5538556575775146","1.5538556575775146","1.5538556575775146"
"14472","1.6873743534088135","1.6873743534088135","1.6873743534088135"
"14478","1.4701638221740723","1.4701638221740723","1.4701638221740723"
"14479","1.5727331638336182","1.5727331638336182","1.5727331638336182"
"14482","1.6184709072113037","1.6184709072113037","1.6184709072113037"
"14483","1.604426622390747","1.604426622390747","1.604426622390747"
"14484","1.5427429676055908","1.5427429676055908","1.5427429676055908"
"14485","1.5619689226150513","1.5619689226150513","1.5619689226150513"
"14486","1.6369259357452393","1.6369259357452393","1.6369259357452393"
"14489","1.6259968280792236","1.6259968280792236","1.6259968280792236"
"14495","1.515380620956421","1.515380620956421","1.515380620956421"
"14508","1.6208994388580322","1.6208994388580322","1.6208994388580322"
"14510","1.5950243473052979","1.5950243473052979","1.5950243473052979"
"14512","1.681511402130127","1.681511402130127","1.681511402130127"
"14513","1.5428366661071777","1.5428366661071777","1.5428366661071777"
"14516","1.5255762338638306","1.5255762338638306","1.5255762338638306"
"14518","1.5950438976287842","1.5950438976287842","1.5950438976287842"
"14528","1.5015366077423096","1.5015366077423096","1.5015366077423096"
"14530","1.6096194982528687","1.6096194982528687","1.6096194982528687"
"14540","1.6229395866394043","1.6229395866394043","1.6229395866394043"
"14541","1.6007459163665771","1.6007459163665771","1.6007459163665771"
"14552","1.5985208749771118","1.5985208749771118","1.5985208749771118"
"14553","1.57179856300354","1.57179856300354","1.57179856300354"
"14556","1.5527912378311157","1.5527912378311157","1.5527912378311157"
"14557","1.698478102684021","1.698478102684021","1.698478102684021"
"14559","1.4959970712661743","1.4959970712661743","1.4959970712661743"
"14563","1.5672056674957275","1.5672056674957275","1.5672056674957275"
"14566","1.5374622344970703","1.5374622344970703","1.5374622344970703"
"14567","1.7206178903579712","1.7206178903579712","1.7206178903579712"
"14568","1.5469905138015747","1.5469905138015747","1.5469905138015747"
"14571","1.6852772235870361","1.6852772235870361","1.6852772235870361"
"14576","1.7186195850372314","1.7186195850372314","1.7186195850372314"
"14581","1.6498656272888184","1.6498656272888184","1.6498656272888184"
"14590","1.6130967140197754","1.6130967140197754","1.6130967140197754"
"14594","1.4798150062561035","1.4798150062561035","1.4798150062561035"
"14600","1.554032802581787","1.554032802581787","1.554032802581787"
"14607","1.5822815895080566","1.5822815895080566","1.5822815895080566"
"14611","1.5914974212646484","1.5914974212646484","1.5914974212646484"
"14612","1.5084425210952759","1.5084425210952759","1.5084425210952759"
"14613","1.5497418642044067","1.5497418642044067","1.5497418642044067"
"14616","1.5265223979949951","1.5265223979949951","1.5265223979949951"
"14627","1.6199305057525635","1.6199305057525635","1.6199305057525635"
"14630","1.6373324394226074","1.6373324394226074","1.6373324394226074"
"14631","1.6832435131072998","1.6832435131072998","1.6832435131072998"
"14635","1.605942726135254","1.605942726135254","1.605942726135254"
"14639","1.6042757034301758","1.6042757034301758","1.6042757034301758"
"14641","1.6816288232803345","1.6816288232803345","1.6816288232803345"
"14647","1.6904613971710205","1.6904613971710205","1.6904613971710205"
"14653","1.5297203063964844","1.5297203063964844","1.5297203063964844"
"14654","1.6072428226470947","1.6072428226470947","1.6072428226470947"
"14655","1.5959415435791016","1.5959415435791016","1.5959415435791016"
"14656","1.5698347091674805","1.5698347091674805","1.5698347091674805"
"14664","1.5688446760177612","1.5688446760177612","1.5688446760177612"
"14666","1.6721560955047607","1.6721560955047607","1.6721560955047607"
"14668","1.5724072456359863","1.5724072456359863","1.5724072456359863"
"14672","1.5491037368774414","1.5491037368774414","1.5491037368774414"
"14673","1.5979915857315063","1.5979915857315063","1.5979915857315063"
"14678","1.666580319404602","1.666580319404602","1.666580319404602"
"14679","1.580289602279663","1.580289602279663","1.580289602279663"
"14683","1.7088379859924316","1.7088379859924316","1.7088379859924316"
"14686","1.639080286026001","1.639080286026001","1.639080286026001"
"14688","1.6842949390411377","1.6842949390411377","1.6842949390411377"
"14690","1.628199815750122","1.628199815750122","1.628199815750122"
"14693","1.5569407939910889","1.5569407939910889","1.5569407939910889"
"14698","1.6187995672225952","1.6187995672225952","1.6187995672225952"
"14700","1.6330482959747314","1.6330482959747314","1.6330482959747314"
"14709","1.5515542030334473","1.5515542030334473","1.5515542030334473"
"14710","1.658226490020752","1.658226490020752","1.658226490020752"
"14711","1.468287467956543","1.468287467956543","1.468287467956543"
"14716","1.4879860877990723","1.4879860877990723","1.4879860877990723"
"14718","1.5377955436706543","1.5377955436706543","1.5377955436706543"
"14719","1.5849575996398926","1.5849575996398926","1.5849575996398926"
"14722","1.597367763519287","1.597367763519287","1.597367763519287"
"14724","1.5590183734893799","1.5590183734893799","1.5590183734893799"
"14725","1.6853747367858887","1.6853747367858887","1.6853747367858887"
"14727","1.6095819473266602","1.6095819473266602","1.6095819473266602"
"14734","1.5526374578475952","1.5526374578475952","1.5526374578475952"
"14737","1.7056180238723755","1.7056180238723755","1.7056180238723755"
"14738","1.583420753479004","1.583420753479004","1.583420753479004"
"14744","1.5786364078521729","1.5786364078521729","1.5786364078521729"
"14747","1.5324047803878784","1.5324047803878784","1.5324047803878784"
"14748","1.5178625583648682","1.5178625583648682","1.5178625583648682"
"14750","1.5247410535812378","1.5247410535812378","1.5247410535812378"
"14753","1.5075068473815918","1.5075068473815918","1.5075068473815918"
"14754","1.5658924579620361","1.5658924579620361","1.5658924579620361"
"14757","1.5773283243179321","1.5773283243179321","1.5773283243179321"
"14758","1.5920531749725342","1.5920531749725342","1.5920531749725342"
"14763","1.583440899848938","1.583440899848938","1.583440899848938"
"14764","1.4823036193847656","1.4823036193847656","1.4823036193847656"
"14772","1.474807620048523","1.474807620048523","1.474807620048523"
"14777","1.5880591869354248","1.5880591869354248","1.5880591869354248"
"14779","1.6324410438537598","1.6324410438537598","1.6324410438537598"
"14783","1.6797270774841309","1.6797270774841309","1.6797270774841309"
"14785","1.5985074043273926","1.5985074043273926","1.5985074043273926"
"14788","1.5256681442260742","1.5256681442260742","1.5256681442260742"
"14793","1.5331416130065918","1.5331416130065918","1.5331416130065918"
"14798","1.5629713535308838","1.5629713535308838","1.5629713535308838"
"14799","1.5990891456604004","1.5990891456604004","1.5990891456604004"
"14801","1.550776481628418","1.550776481628418","1.550776481628418"
"14805","1.5570111274719238","1.5570111274719238","1.5570111274719238"
"14806","1.6216052770614624","1.6216052770614624","1.6216052770614624"
"14810","1.6029274463653564","1.6029274463653564","1.6029274463653564"
"14815","1.5413172245025635","1.5413172245025635","1.5413172245025635"
"14817","1.658113718032837","1.658113718032837","1.658113718032837"
"14826","1.5660755634307861","1.5660755634307861","1.5660755634307861"
"14831","1.6078789234161377","1.6078789234161377","1.6078789234161377"
"14844","1.612282395362854","1.612282395362854","1.612282395362854"
"14850","1.5442414283752441","1.5442414283752441","1.5442414283752441"
"14852","1.5741428136825562","1.5741428136825562","1.5741428136825562"
"14862","1.6051344871520996","1.6051344871520996","1.6051344871520996"
"14864","1.5717419385910034","1.5717419385910034","1.5717419385910034"
"14870","1.5266146659851074","1.5266146659851074","1.5266146659851074"
"14875","1.5530083179473877","1.5530083179473877","1.5530083179473877"
"14876","1.6722134351730347","1.6722134351730347","1.6722134351730347"
"14877","1.634096384048462","1.634096384048462","1.634096384048462"
"14879","1.6009974479675293","1.6009974479675293","1.6009974479675293"
"14885","1.610087275505066","1.610087275505066","1.610087275505066"
"14887","1.6533702611923218","1.6533702611923218","1.6533702611923218"
"14889","1.5500872135162354","1.5500872135162354","1.5500872135162354"
"14895","1.5590602159500122","1.5590602159500122","1.5590602159500122"
"14898","1.5050997734069824","1.5050997734069824","1.5050997734069824"
"14900","1.5741713047027588","1.5741713047027588","1.5741713047027588"
"14903","1.60402512550354","1.60402512550354","1.60402512550354"
"14906","1.6918976306915283","1.6918976306915283","1.6918976306915283"
"14907","1.5525498390197754","1.5525498390197754","1.5525498390197754"
"14908","1.5130207538604736","1.5130207538604736","1.5130207538604736"
"14910","1.5630784034729004","1.5630784034729004","1.5630784034729004"
"14912","1.6142032146453857","1.6142032146453857","1.6142032146453857"
"14915","1.5586402416229248","1.5586402416229248","1.5586402416229248"
"14917","1.5797085762023926","1.5797085762023926","1.5797085762023926"
"14922","1.645271897315979","1.645271897315979","1.645271897315979"
"14925","1.515261173248291","1.515261173248291","1.515261173248291"
"14929","1.5796840190887451","1.5796840190887451","1.5796840190887451"
"14932","1.5569826364517212","1.5569826364517212","1.5569826364517212"
"14935","1.5936768054962158","1.5936768054962158","1.5936768054962158"
"14940","1.479701042175293","1.479701042175293","1.479701042175293"
"14955","1.5446122884750366","1.5446122884750366","1.5446122884750366"
"14956","1.4729796648025513","1.4729796648025513","1.4729796648025513"
"14960","1.473622441291809","1.473622441291809","1.473622441291809"
"14968","1.690436840057373","1.690436840057373","1.690436840057373"
"14978","1.5051501989364624","1.5051501989364624","1.5051501989364624"
"14981","1.4606776237487793","1.4606776237487793","1.4606776237487793"
"14983","1.6939387321472168","1.6939387321472168","1.6939387321472168"
"14984","1.5499463081359863","1.5499463081359863","1.5499463081359863"
"14985","1.5465977191925049","1.5465977191925049","1.5465977191925049"
"14989","1.5742738246917725","1.5742738246917725","1.5742738246917725"
"14992","1.5381344556808472","1.5381344556808472","1.5381344556808472"
"15003","1.5111786127090454","1.5111786127090454","1.5111786127090454"
"15004","1.575074315071106","1.575074315071106","1.575074315071106"
"15008","1.6268997192382812","1.6268997192382812","1.6268997192382812"
"15012","1.607020378112793","1.607020378112793","1.607020378112793"
"15014","1.6315174102783203","1.6315174102783203","1.6315174102783203"
"15017","1.6669578552246094","1.6669578552246094","1.6669578552246094"
"15021","1.4931259155273438","1.4931259155273438","1.4931259155273438"
"15033","1.6338186264038086","1.6338186264038086","1.6338186264038086"
"15034","1.7135331630706787","1.7135331630706787","1.7135331630706787"
"15037","1.4877064228057861","1.4877064228057861","1.4877064228057861"
"15042","1.498748540878296","1.498748540878296","1.498748540878296"
"15044","1.6582967042922974","1.6582967042922974","1.6582967042922974"
"15048","1.532951831817627","1.532951831817627","1.532951831817627"
"15051","1.4932398796081543","1.4932398796081543","1.4932398796081543"
"15055","1.7598564624786377","1.7598564624786377","1.7598564624786377"
"15056","1.5320312976837158","1.5320312976837158","1.5320312976837158"
"15060","1.672743797302246","1.672743797302246","1.672743797302246"
"15064","1.6084154844284058","1.6084154844284058","1.6084154844284058"
"15077","1.5574989318847656","1.5574989318847656","1.5574989318847656"
"15078","1.536694049835205","1.536694049835205","1.536694049835205"
"15084","1.6539123058319092","1.6539123058319092","1.6539123058319092"
"15086","1.6414014101028442","1.6414014101028442","1.6414014101028442"
"15088","1.5196120738983154","1.5196120738983154","1.5196120738983154"
"15089","1.5969617366790771","1.5969617366790771","1.5969617366790771"
"15092","1.568828821182251","1.568828821182251","1.568828821182251"
"15099","1.574840784072876","1.574840784072876","1.574840784072876"
"15100","1.551843523979187","1.551843523979187","1.551843523979187"
"15108","1.5327770709991455","1.5327770709991455","1.5327770709991455"
"15111","1.5765414237976074","1.5765414237976074","1.5765414237976074"
"15114","1.5257550477981567","1.5257550477981567","1.5257550477981567"
"15124","1.59832763671875","1.59832763671875","1.59832763671875"
"15132","1.4547362327575684","1.4547362327575684","1.4547362327575684"
"15138","1.6222883462905884","1.6222883462905884","1.6222883462905884"
"15140","1.5255026817321777","1.5255026817321777","1.5255026817321777"
"15147","1.6182043552398682","1.6182043552398682","1.6182043552398682"
"15150","1.6694879531860352","1.6694879531860352","1.6694879531860352"
"15151","1.4761019945144653","1.4761019945144653","1.4761019945144653"
"15154","1.5540601015090942","1.5540601015090942","1.5540601015090942"
"15157","1.632214069366455","1.632214069366455","1.632214069366455"
"15158","1.5855547189712524","1.5855547189712524","1.5855547189712524"
"15159","1.5712032318115234","1.5712032318115234","1.5712032318115234"
"15165","1.630948543548584","1.630948543548584","1.630948543548584"
"15175","1.554037094116211","1.554037094116211","1.554037094116211"
"15177","1.5373070240020752","1.5373070240020752","1.5373070240020752"
"15179","1.6097791194915771","1.6097791194915771","1.6097791194915771"
"15182","1.579232931137085","1.579232931137085","1.579232931137085"
"15183","1.6058543920516968","1.6058543920516968","1.6058543920516968"
"15186","1.5719823837280273","1.5719823837280273","1.5719823837280273"
"15187","1.6161060333251953","1.6161060333251953","1.6161060333251953"
"15198","1.558464527130127","1.558464527130127","1.558464527130127"
"15207","1.5766619443893433","1.5766619443893433","1.5766619443893433"
"15219","1.6816234588623047","1.6816234588623047","1.6816234588623047"
"15223","1.5729937553405762","1.5729937553405762","1.5729937553405762"
"15226","1.6676132678985596","1.6676132678985596","1.6676132678985596"
"15227","1.6578269004821777","1.6578269004821777","1.6578269004821777"
"15228","1.6702611446380615","1.6702611446380615","1.6702611446380615"
"15230","1.580152988433838","1.580152988433838","1.580152988433838"
"15234","1.5591421127319336","1.5591421127319336","1.5591421127319336"
"15235","1.7027482986450195","1.7027482986450195","1.7027482986450195"
"15236","1.4429094791412354","1.4429094791412354","1.4429094791412354"
"15240","1.7242155075073242","1.7242155075073242","1.7242155075073242"
"15241","1.5890803337097168","1.5890803337097168","1.5890803337097168"
"15243","1.5060794353485107","1.5060794353485107","1.5060794353485107"
"15245","1.5852980613708496","1.5852980613708496","1.5852980613708496"
"15249","1.6635074615478516","1.6635074615478516","1.6635074615478516"
"15261","1.5466537475585938","1.5466537475585938","1.5466537475585938"
"15283","1.57863450050354","1.57863450050354","1.57863450050354"
"15285","1.6727982759475708","1.6727982759475708","1.6727982759475708"
"15290","1.5346884727478027","1.5346884727478027","1.5346884727478027"
"15294","1.5731645822525024","1.5731645822525024","1.5731645822525024"
"15303","1.5443713665008545","1.5443713665008545","1.5443713665008545"
"15307","1.6330177783966064","1.6330177783966064","1.6330177783966064"
"15308","1.6161267757415771","1.6161267757415771","1.6161267757415771"
"15310","1.5324358940124512","1.5324358940124512","1.5324358940124512"
"15314","1.606756567955017","1.606756567955017","1.606756567955017"
"15323","1.690216064453125","1.690216064453125","1.690216064453125"
"15330","1.5563440322875977","1.5563440322875977","1.5563440322875977"
"15333","1.5084707736968994","1.5084707736968994","1.5084707736968994"
"15336","1.6004548072814941","1.6004548072814941","1.6004548072814941"
"15339","1.6667542457580566","1.6667542457580566","1.6667542457580566"
"15347","1.5580532550811768","1.5580532550811768","1.5580532550811768"
"15350","1.5411920547485352","1.5411920547485352","1.5411920547485352"
"15354","1.610843300819397","1.610843300819397","1.610843300819397"
"15363","1.600503921508789","1.600503921508789","1.600503921508789"
"15367","1.5355451107025146","1.5355451107025146","1.5355451107025146"
"15370","1.636092185974121","1.636092185974121","1.636092185974121"
"15374","1.5391230583190918","1.5391230583190918","1.5391230583190918"
"15386","1.5552281141281128","1.5552281141281128","1.5552281141281128"
"15390","1.5357166528701782","1.5357166528701782","1.5357166528701782"
"15405","1.4476984739303589","1.4476984739303589","1.4476984739303589"
"15410","1.5421242713928223","1.5421242713928223","1.5421242713928223"
"15411","1.810451865196228","1.810451865196228","1.810451865196228"
"15417","1.6137990951538086","1.6137990951538086","1.6137990951538086"
"15422","1.554471731185913","1.554471731185913","1.554471731185913"
"15424","1.4917585849761963","1.4917585849761963","1.4917585849761963"
"15429","1.6120234727859497","1.6120234727859497","1.6120234727859497"
"15434","1.568864107131958","1.568864107131958","1.568864107131958"
"15435","1.528780460357666","1.528780460357666","1.528780460357666"
"15442","1.5701857805252075","1.5701857805252075","1.5701857805252075"
"15444","1.7737865447998047","1.7737865447998047","1.7737865447998047"
"15445","1.6177805662155151","1.6177805662155151","1.6177805662155151"
"15447","1.547698974609375","1.547698974609375","1.547698974609375"
"15449","1.6116933822631836","1.6116933822631836","1.6116933822631836"
"15451","1.6360838413238525","1.6360838413238525","1.6360838413238525"
"15455","1.5675870180130005","1.5675870180130005","1.5675870180130005"
"15459","1.6437922716140747","1.6437922716140747","1.6437922716140747"
"15460","1.4609923362731934","1.4609923362731934","1.4609923362731934"
"15465","1.5267486572265625","1.5267486572265625","1.5267486572265625"
"15468","1.5109577178955078","1.5109577178955078","1.5109577178955078"
"15469","1.7353699207305908","1.7353699207305908","1.7353699207305908"
"15470","1.5973737239837646","1.5973737239837646","1.5973737239837646"
"15472","1.6649571657180786","1.6649571657180786","1.6649571657180786"
"15475","1.5810953378677368","1.5810953378677368","1.5810953378677368"
"15476","1.622597336769104","1.622597336769104","1.622597336769104"
"15477","1.4967665672302246","1.4967665672302246","1.4967665672302246"
"15479","1.5819780826568604","1.5819780826568604","1.5819780826568604"
"15482","1.5934009552001953","1.5934009552001953","1.5934009552001953"
"15491","1.596872091293335","1.596872091293335","1.596872091293335"
"15492","1.5707119703292847","1.5707119703292847","1.5707119703292847"
"15498","1.6247116327285767","1.6247116327285767","1.6247116327285767"
"15505","1.6098108291625977","1.6098108291625977","1.6098108291625977"
"15507","1.4681038856506348","1.4681038856506348","1.4681038856506348"
"15513","1.5523183345794678","1.5523183345794678","1.5523183345794678"
"15517","1.525622844696045","1.525622844696045","1.525622844696045"
"15522","1.5528651475906372","1.5528651475906372","1.5528651475906372"
"15536","1.5094314813613892","1.5094314813613892","1.5094314813613892"
"15546","1.63145112991333","1.63145112991333","1.63145112991333"
"15547","1.5113542079925537","1.5113542079925537","1.5113542079925537"
"15550","1.5944942235946655","1.5944942235946655","1.5944942235946655"
"15552","1.566694736480713","1.566694736480713","1.566694736480713"
"15553","1.7067170143127441","1.7067170143127441","1.7067170143127441"
"15559","1.4693183898925781","1.4693183898925781","1.4693183898925781"
"15567","1.5270994901657104","1.5270994901657104","1.5270994901657104"
"15568","1.5544801950454712","1.5544801950454712","1.5544801950454712"
"15571","1.5373501777648926","1.5373501777648926","1.5373501777648926"
"15574","1.6351709365844727","1.6351709365844727","1.6351709365844727"
"15577","1.6269958019256592","1.6269958019256592","1.6269958019256592"
"15582","1.56571364402771","1.56571364402771","1.56571364402771"
"15584","1.6449322700500488","1.6449322700500488","1.6449322700500488"
"15587","1.55867338180542","1.55867338180542","1.55867338180542"
"15594","1.4907435178756714","1.4907435178756714","1.4907435178756714"
"15595","1.6075268983840942","1.6075268983840942","1.6075268983840942"
"15606","1.5660145282745361","1.5660145282745361","1.5660145282745361"
"15607","1.6590808629989624","1.6590808629989624","1.6590808629989624"
"15613","1.6050865650177002","1.6050865650177002","1.6050865650177002"
"15616","1.542562484741211","1.542562484741211","1.542562484741211"
"15620","1.6954481601715088","1.6954481601715088","1.6954481601715088"
"15631","1.6511996984481812","1.6511996984481812","1.6511996984481812"
"15639","1.6226145029067993","1.6226145029067993","1.6226145029067993"
"15641","1.6088106632232666","1.6088106632232666","1.6088106632232666"
"15644","1.5442484617233276","1.5442484617233276","1.5442484617233276"
"15646","1.675183653831482","1.675183653831482","1.675183653831482"
"15656","1.6069047451019287","1.6069047451019287","1.6069047451019287"
"15657","1.545783519744873","1.545783519744873","1.545783519744873"
"15662","1.5620386600494385","1.5620386600494385","1.5620386600494385"
"15663","1.5959045886993408","1.5959045886993408","1.5959045886993408"
"15667","1.577143907546997","1.577143907546997","1.577143907546997"
"15674","1.4758394956588745","1.4758394956588745","1.4758394956588745"
"15682","1.5737665891647339","1.5737665891647339","1.5737665891647339"
"15684","1.5058597326278687","1.5058597326278687","1.5058597326278687"
"15685","1.6042733192443848","1.6042733192443848","1.6042733192443848"
"15687","1.6371216773986816","1.6371216773986816","1.6371216773986816"
"15688","1.475743055343628","1.475743055343628","1.475743055343628"
"15692","1.667266845703125","1.667266845703125","1.667266845703125"
"15693","1.5138733386993408","1.5138733386993408","1.5138733386993408"
"15700","1.5362882614135742","1.5362882614135742","1.5362882614135742"
"15701","1.5117650032043457","1.5117650032043457","1.5117650032043457"
"15707","1.6195188760757446","1.6195188760757446","1.6195188760757446"
"15711","1.499527931213379","1.499527931213379","1.499527931213379"
"15712","1.530403733253479","1.530403733253479","1.530403733253479"
"15713","1.5899620056152344","1.5899620056152344","1.5899620056152344"
"15714","1.5784614086151123","1.5784614086151123","1.5784614086151123"
"15716","1.4635143280029297","1.4635143280029297","1.4635143280029297"
"15717","1.5682333707809448","1.5682333707809448","1.5682333707809448"
"15728","1.5938571691513062","1.5938571691513062","1.5938571691513062"
"15736","1.6594635248184204","1.6594635248184204","1.6594635248184204"
"15741","1.517127513885498","1.517127513885498","1.517127513885498"
"15746","1.6101301908493042","1.6101301908493042","1.6101301908493042"
"15747","1.6010661125183105","1.6010661125183105","1.6010661125183105"
"15748","1.538905143737793","1.538905143737793","1.538905143737793"
"15749","1.544284462928772","1.544284462928772","1.544284462928772"
"15750","1.51102876663208","1.51102876663208","1.51102876663208"
"15761","1.542142391204834","1.542142391204834","1.542142391204834"
"15764","1.5605361461639404","1.5605361461639404","1.5605361461639404"
"15766","1.6309936046600342","1.6309936046600342","1.6309936046600342"
"15774","1.574430227279663","1.574430227279663","1.574430227279663"
"15777","1.4999128580093384","1.4999128580093384","1.4999128580093384"
"15780","1.4747092723846436","1.4747092723846436","1.4747092723846436"
"15785","1.5228785276412964","1.5228785276412964","1.5228785276412964"
"15788","1.5833332538604736","1.5833332538604736","1.5833332538604736"
"15789","1.5786645412445068","1.5786645412445068","1.5786645412445068"
"15799","1.5858150720596313","1.5858150720596313","1.5858150720596313"
"15800","1.3918018341064453","1.3918018341064453","1.3918018341064453"
"15801","1.530723214149475","1.530723214149475","1.530723214149475"
"15803","1.5766468048095703","1.5766468048095703","1.5766468048095703"
"15805","1.5227224826812744","1.5227224826812744","1.5227224826812744"
"15806","1.6036690473556519","1.6036690473556519","1.6036690473556519"
"15808","1.4996920824050903","1.4996920824050903","1.4996920824050903"
"15816","1.6171964406967163","1.6171964406967163","1.6171964406967163"
"15817","1.601888656616211","1.601888656616211","1.601888656616211"
"15819","1.6018176078796387","1.6018176078796387","1.6018176078796387"
"15820","1.5626617670059204","1.5626617670059204","1.5626617670059204"
"15827","1.6332637071609497","1.6332637071609497","1.6332637071609497"
"15829","1.614611029624939","1.614611029624939","1.614611029624939"
"15832","1.5923311710357666","1.5923311710357666","1.5923311710357666"
"15835","1.7375085353851318","1.7375085353851318","1.7375085353851318"
"15837","1.5498135089874268","1.5498135089874268","1.5498135089874268"
"15838","1.5118565559387207","1.5118565559387207","1.5118565559387207"
"15845","1.545483112335205","1.545483112335205","1.545483112335205"
"15846","1.6388895511627197","1.6388895511627197","1.6388895511627197"
"15847","1.5081970691680908","1.5081970691680908","1.5081970691680908"
"15849","1.5843887329101562","1.5843887329101562","1.5843887329101562"
"15857","1.633948802947998","1.633948802947998","1.633948802947998"
"15861","1.5822453498840332","1.5822453498840332","1.5822453498840332"
"15864","1.5810129642486572","1.5810129642486572","1.5810129642486572"
"15866","1.695706844329834","1.695706844329834","1.695706844329834"
"15868","1.5259079933166504","1.5259079933166504","1.5259079933166504"
"15870","1.5845847129821777","1.5845847129821777","1.5845847129821777"
"15879","1.5529624223709106","1.5529624223709106","1.5529624223709106"
"15889","1.5055592060089111","1.5055592060089111","1.5055592060089111"
"15890","1.5218558311462402","1.5218558311462402","1.5218558311462402"
"15891","1.5527222156524658","1.5527222156524658","1.5527222156524658"
"15898","1.5791957378387451","1.5791957378387451","1.5791957378387451"
"15899","1.5499451160430908","1.5499451160430908","1.5499451160430908"
"15900","1.6195032596588135","1.6195032596588135","1.6195032596588135"
"15901","1.5708317756652832","1.5708317756652832","1.5708317756652832"
"15903","1.5864930152893066","1.5864930152893066","1.5864930152893066"
"15904","1.5633052587509155","1.5633052587509155","1.5633052587509155"
"15912","1.5468553304672241","1.5468553304672241","1.5468553304672241"
"15913","1.4494216442108154","1.4494216442108154","1.4494216442108154"
"15917","1.5968797206878662","1.5968797206878662","1.5968797206878662"
"15919","1.4773085117340088","1.4773085117340088","1.4773085117340088"
"15923","1.450682520866394","1.450682520866394","1.450682520866394"
"15924","1.6220009326934814","1.6220009326934814","1.6220009326934814"
"15926","1.5691874027252197","1.5691874027252197","1.5691874027252197"
"15927","1.6059492826461792","1.6059492826461792","1.6059492826461792"
"15928","1.567018985748291","1.567018985748291","1.567018985748291"
"15929","1.4813052415847778","1.4813052415847778","1.4813052415847778"
"15942","1.49781334400177","1.49781334400177","1.49781334400177"
"15953","1.6175916194915771","1.6175916194915771","1.6175916194915771"
"15955","1.5892928838729858","1.5892928838729858","1.5892928838729858"
"15956","1.6320545673370361","1.6320545673370361","1.6320545673370361"
"15957","1.5484092235565186","1.5484092235565186","1.5484092235565186"
"15961","1.4780981540679932","1.4780981540679932","1.4780981540679932"
"15966","1.5610735416412354","1.5610735416412354","1.5610735416412354"
"15969","1.6059396266937256","1.6059396266937256","1.6059396266937256"
"15976","1.5455920696258545","1.5455920696258545","1.5455920696258545"
"15987","1.554540991783142","1.554540991783142","1.554540991783142"
"15992","1.5561339855194092","1.5561339855194092","1.5561339855194092"
"15997","1.4978415966033936","1.4978415966033936","1.4978415966033936"
"16000","1.6046572923660278","1.6046572923660278","1.6046572923660278"
"16001","1.5916913747787476","1.5916913747787476","1.5916913747787476"
"16008","1.5716149806976318","1.5716149806976318","1.5716149806976318"
"16012","1.576869010925293","1.576869010925293","1.576869010925293"
"16020","1.5878653526306152","1.5878653526306152","1.5878653526306152"
"16023","1.557287573814392","1.557287573814392","1.557287573814392"
"16032","1.5898280143737793","1.5898280143737793","1.5898280143737793"
"16036","1.4629144668579102","1.4629144668579102","1.4629144668579102"
"16044","1.5513423681259155","1.5513423681259155","1.5513423681259155"
"16052","1.6187644004821777","1.6187644004821777","1.6187644004821777"
"16053","1.587773323059082","1.587773323059082","1.587773323059082"
"16056","1.6529195308685303","1.6529195308685303","1.6529195308685303"
"16058","1.587071180343628","1.587071180343628","1.587071180343628"
"16059","1.5988082885742188","1.5988082885742188","1.5988082885742188"
"16071","1.5055046081542969","1.5055046081542969","1.5055046081542969"
"16074","1.5665488243103027","1.5665488243103027","1.5665488243103027"
"16076","1.6492862701416016","1.6492862701416016","1.6492862701416016"
"16078","1.6153093576431274","1.6153093576431274","1.6153093576431274"
"16079","1.5703734159469604","1.5703734159469604","1.5703734159469604"
"16082","1.5554544925689697","1.5554544925689697","1.5554544925689697"
"16087","1.6489688158035278","1.6489688158035278","1.6489688158035278"
"16089","1.513068675994873","1.513068675994873","1.513068675994873"
"16092","1.7179819345474243","1.7179819345474243","1.7179819345474243"
"16093","1.512213945388794","1.512213945388794","1.512213945388794"
"16096","1.4638445377349854","1.4638445377349854","1.4638445377349854"
"16101","1.4216830730438232","1.4216830730438232","1.4216830730438232"
"16104","1.5533819198608398","1.5533819198608398","1.5533819198608398"
"16118","1.5339977741241455","1.5339977741241455","1.5339977741241455"
"16120","1.5922787189483643","1.5922787189483643","1.5922787189483643"
"16136","1.4984188079833984","1.4984188079833984","1.4984188079833984"
"16138","1.540372610092163","1.540372610092163","1.540372610092163"
"16143","1.4808053970336914","1.4808053970336914","1.4808053970336914"
"16144","1.5394740104675293","1.5394740104675293","1.5394740104675293"
"16146","1.5986919403076172","1.5986919403076172","1.5986919403076172"
"16148","1.5399360656738281","1.5399360656738281","1.5399360656738281"
"16149","1.5223217010498047","1.5223217010498047","1.5223217010498047"
"16155","1.4585679769515991","1.4585679769515991","1.4585679769515991"
"16156","1.525723934173584","1.525723934173584","1.525723934173584"
"16158","1.5606156587600708","1.5606156587600708","1.5606156587600708"
"16164","1.5997271537780762","1.5997271537780762","1.5997271537780762"
"16165","1.625325083732605","1.625325083732605","1.625325083732605"
"16182","1.5598162412643433","1.5598162412643433","1.5598162412643433"
"16184","1.4719278812408447","1.4719278812408447","1.4719278812408447"
"16190","1.5931092500686646","1.5931092500686646","1.5931092500686646"
"16194","1.5709929466247559","1.5709929466247559","1.5709929466247559"
"16195","1.4811062812805176","1.4811062812805176","1.4811062812805176"
"16198","1.553645372390747","1.553645372390747","1.553645372390747"
"16200","1.563504695892334","1.563504695892334","1.563504695892334"
"16203","1.5034303665161133","1.5034303665161133","1.5034303665161133"
"16204","1.5501203536987305","1.5501203536987305","1.5501203536987305"
"16206","1.570107102394104","1.570107102394104","1.570107102394104"
"16208","1.4428164958953857","1.4428164958953857","1.4428164958953857"
"16215","1.4755866527557373","1.4755866527557373","1.4755866527557373"
"16216","1.5235342979431152","1.5235342979431152","1.5235342979431152"
"16224","1.5387048721313477","1.5387048721313477","1.5387048721313477"
"16226","1.5260581970214844","1.5260581970214844","1.5260581970214844"
"16230","1.6419684886932373","1.6419684886932373","1.6419684886932373"
"16239","1.5590112209320068","1.5590112209320068","1.5590112209320068"
"16241","1.58916175365448","1.58916175365448","1.58916175365448"
"16243","1.5702340602874756","1.5702340602874756","1.5702340602874756"
"16250","1.5664514303207397","1.5664514303207397","1.5664514303207397"
"16255","1.5990980863571167","1.5990980863571167","1.5990980863571167"
"16261","1.4923384189605713","1.4923384189605713","1.4923384189605713"
"16266","1.5638511180877686","1.5638511180877686","1.5638511180877686"
"16269","1.5065521001815796","1.5065521001815796","1.5065521001815796"
"16273","1.6541566848754883","1.6541566848754883","1.6541566848754883"
"16274","1.576111078262329","1.576111078262329","1.576111078262329"
"16275","1.6029565334320068","1.6029565334320068","1.6029565334320068"
"16279","1.508176565170288","1.508176565170288","1.508176565170288"
"16281","1.5652339458465576","1.5652339458465576","1.5652339458465576"
"16283","1.6157294511795044","1.6157294511795044","1.6157294511795044"
"16285","1.5243606567382812","1.5243606567382812","1.5243606567382812"
"16288","1.6219009160995483","1.6219009160995483","1.6219009160995483"
"16291","1.6665650606155396","1.6665650606155396","1.6665650606155396"
"16295","1.622511625289917","1.622511625289917","1.622511625289917"
"16299","1.627937912940979","1.627937912940979","1.627937912940979"
"16300","1.532802939414978","1.532802939414978","1.532802939414978"
"16307","1.5265703201293945","1.5265703201293945","1.5265703201293945"
"16309","1.617905616760254","1.617905616760254","1.617905616760254"
"16313","1.5174380540847778","1.5174380540847778","1.5174380540847778"
"16315","1.6365149021148682","1.6365149021148682","1.6365149021148682"
"16317","1.5675194263458252","1.5675194263458252","1.5675194263458252"
"16319","1.5510530471801758","1.5510530471801758","1.5510530471801758"
"16320","1.596311092376709","1.596311092376709","1.596311092376709"
"16330","1.550125241279602","1.550125241279602","1.550125241279602"
"16334","1.5183757543563843","1.5183757543563843","1.5183757543563843"
"16337","1.5775233507156372","1.5775233507156372","1.5775233507156372"
"16340","1.4544730186462402","1.4544730186462402","1.4544730186462402"
"16342","1.6509318351745605","1.6509318351745605","1.6509318351745605"
"16343","1.6283608675003052","1.6283608675003052","1.6283608675003052"
"16349","1.54105806350708","1.54105806350708","1.54105806350708"
"16351","1.6325418949127197","1.6325418949127197","1.6325418949127197"
"16353","1.4968910217285156","1.4968910217285156","1.4968910217285156"
"16358","1.6033945083618164","1.6033945083618164","1.6033945083618164"
"16363","1.648396611213684","1.648396611213684","1.648396611213684"
"16370","1.5579826831817627","1.5579826831817627","1.5579826831817627"
"16382","1.5057237148284912","1.5057237148284912","1.5057237148284912"
"16390","1.58308744430542","1.58308744430542","1.58308744430542"
"16391","1.4510167837142944","1.4510167837142944","1.4510167837142944"
"16396","1.6068707704544067","1.6068707704544067","1.6068707704544067"
"16400","1.6529805660247803","1.6529805660247803","1.6529805660247803"
"16401","1.6616261005401611","1.6616261005401611","1.6616261005401611"
"16411","1.5466821193695068","1.5466821193695068","1.5466821193695068"
"16412","1.5847866535186768","1.5847866535186768","1.5847866535186768"
"16425","1.4542644023895264","1.4542644023895264","1.4542644023895264"
"16430","1.6099807024002075","1.6099807024002075","1.6099807024002075"
"16431","1.5145115852355957","1.5145115852355957","1.5145115852355957"
"16435","1.5976083278656006","1.5976083278656006","1.5976083278656006"
"16436","1.534999132156372","1.534999132156372","1.534999132156372"
"16453","1.5231869220733643","1.5231869220733643","1.5231869220733643"
"16458","1.4894304275512695","1.4894304275512695","1.4894304275512695"
"16462","1.4937689304351807","1.4937689304351807","1.4937689304351807"
"16467","1.515217661857605","1.515217661857605","1.515217661857605"
"16470","1.579141616821289","1.579141616821289","1.579141616821289"
"16474","1.6193819046020508","1.6193819046020508","1.6193819046020508"
"16484","1.5183453559875488","1.5183453559875488","1.5183453559875488"
"16486","1.516059160232544","1.516059160232544","1.516059160232544"
"16488","1.5375609397888184","1.5375609397888184","1.5375609397888184"
"16489","1.5964205265045166","1.5964205265045166","1.5964205265045166"
"16490","1.4907958507537842","1.4907958507537842","1.4907958507537842"
"16491","1.5246410369873047","1.5246410369873047","1.5246410369873047"
"16492","1.589259386062622","1.589259386062622","1.589259386062622"
"16498","1.5855213403701782","1.5855213403701782","1.5855213403701782"
"16502","1.5505989789962769","1.5505989789962769","1.5505989789962769"
"16503","1.636472463607788","1.636472463607788","1.636472463607788"
"16506","1.581019639968872","1.581019639968872","1.581019639968872"
"16507","1.6987977027893066","1.6987977027893066","1.6987977027893066"
"16511","1.5565259456634521","1.5565259456634521","1.5565259456634521"
"16515","1.6808080673217773","1.6808080673217773","1.6808080673217773"
"16517","1.5694693326950073","1.5694693326950073","1.5694693326950073"
"16519","1.6167353391647339","1.6167353391647339","1.6167353391647339"
"16523","1.5971825122833252","1.5971825122833252","1.5971825122833252"
"16528","1.5853960514068604","1.5853960514068604","1.5853960514068604"
"16530","1.5621271133422852","1.5621271133422852","1.5621271133422852"
"16531","1.6379868984222412","1.6379868984222412","1.6379868984222412"
"16532","1.6483917236328125","1.6483917236328125","1.6483917236328125"
"16535","1.5319312810897827","1.5319312810897827","1.5319312810897827"
"16541","1.489428997039795","1.489428997039795","1.489428997039795"
"16542","1.585051417350769","1.585051417350769","1.585051417350769"
"16544","1.533681869506836","1.533681869506836","1.533681869506836"
"16545","1.6453626155853271","1.6453626155853271","1.6453626155853271"
"16555","1.5378855466842651","1.5378855466842651","1.5378855466842651"
"16557","1.6619164943695068","1.6619164943695068","1.6619164943695068"
"16570","1.6159766912460327","1.6159766912460327","1.6159766912460327"
"16571","1.5836081504821777","1.5836081504821777","1.5836081504821777"
"16572","1.5047539472579956","1.5047539472579956","1.5047539472579956"
"16582","1.5245161056518555","1.5245161056518555","1.5245161056518555"
"16583","1.637972354888916","1.637972354888916","1.637972354888916"
"16586","1.5870842933654785","1.5870842933654785","1.5870842933654785"
"16587","1.527126431465149","1.527126431465149","1.527126431465149"
"16588","1.5221283435821533","1.5221283435821533","1.5221283435821533"
"16595","1.6631758213043213","1.6631758213043213","1.6631758213043213"
"16597","1.5787211656570435","1.5787211656570435","1.5787211656570435"
"16613","1.5014750957489014","1.5014750957489014","1.5014750957489014"
"16614","1.5313137769699097","1.5313137769699097","1.5313137769699097"
"16616","1.6511740684509277","1.6511740684509277","1.6511740684509277"
"16617","1.5940114259719849","1.5940114259719849","1.5940114259719849"
"16618","1.581845998764038","1.581845998764038","1.581845998764038"
"16622","1.602716088294983","1.602716088294983","1.602716088294983"
"16624","1.6000103950500488","1.6000103950500488","1.6000103950500488"
"16626","1.649590253829956","1.649590253829956","1.649590253829956"
"16629","1.5129834413528442","1.5129834413528442","1.5129834413528442"
"16631","1.5610637664794922","1.5610637664794922","1.5610637664794922"
"16635","1.660062551498413","1.660062551498413","1.660062551498413"
"16637","1.486462116241455","1.486462116241455","1.486462116241455"
"16640","1.5457180738449097","1.5457180738449097","1.5457180738449097"
"16642","1.5122570991516113","1.5122570991516113","1.5122570991516113"
"16649","1.5734792947769165","1.5734792947769165","1.5734792947769165"
"16650","1.557560682296753","1.557560682296753","1.557560682296753"
"16655","1.5613772869110107","1.5613772869110107","1.5613772869110107"
"16656","1.5632137060165405","1.5632137060165405","1.5632137060165405"
"16657","1.543315052986145","1.543315052986145","1.543315052986145"
"16660","1.5433173179626465","1.5433173179626465","1.5433173179626465"
"16671","1.628749966621399","1.628749966621399","1.628749966621399"
"16673","1.6491703987121582","1.6491703987121582","1.6491703987121582"
"16686","1.505549430847168","1.505549430847168","1.505549430847168"
"16687","1.5353635549545288","1.5353635549545288","1.5353635549545288"
"16690","1.5561959743499756","1.5561959743499756","1.5561959743499756"
"16692","1.6994516849517822","1.6994516849517822","1.6994516849517822"
"16694","1.5402323007583618","1.5402323007583618","1.5402323007583618"
"16696","1.6420178413391113","1.6420178413391113","1.6420178413391113"
"16697","1.546184778213501","1.546184778213501","1.546184778213501"
"16705","1.6376140117645264","1.6376140117645264","1.6376140117645264"
"16706","1.5810201168060303","1.5810201168060303","1.5810201168060303"
"16708","1.446096420288086","1.446096420288086","1.446096420288086"
"16719","1.5862159729003906","1.5862159729003906","1.5862159729003906"
"16722","1.4743940830230713","1.4743940830230713","1.4743940830230713"
"16725","1.5213600397109985","1.5213600397109985","1.5213600397109985"
"16726","1.579801321029663","1.579801321029663","1.579801321029663"
"16732","1.6357383728027344","1.6357383728027344","1.6357383728027344"
"16735","1.6171075105667114","1.6171075105667114","1.6171075105667114"
"16737","1.6372778415679932","1.6372778415679932","1.6372778415679932"
"16740","1.5105576515197754","1.5105576515197754","1.5105576515197754"
"16746","1.5670223236083984","1.5670223236083984","1.5670223236083984"
"16748","1.515183448791504","1.515183448791504","1.515183448791504"
"16753","1.5895376205444336","1.5895376205444336","1.5895376205444336"
"16759","1.596740961074829","1.596740961074829","1.596740961074829"
"16760","1.6139975786209106","1.6139975786209106","1.6139975786209106"
"16763","1.5603508949279785","1.5603508949279785","1.5603508949279785"
"16765","1.5327889919281006","1.5327889919281006","1.5327889919281006"
"16768","1.6141762733459473","1.6141762733459473","1.6141762733459473"
"16781","1.641671895980835","1.641671895980835","1.641671895980835"
"16784","1.4867379665374756","1.4867379665374756","1.4867379665374756"
"16786","1.562481164932251","1.562481164932251","1.562481164932251"
"16787","1.5682927370071411","1.5682927370071411","1.5682927370071411"
"16788","1.6321759223937988","1.6321759223937988","1.6321759223937988"
"16793","1.58571457862854","1.58571457862854","1.58571457862854"
"16795","1.4862430095672607","1.4862430095672607","1.4862430095672607"
"16796","1.5804272890090942","1.5804272890090942","1.5804272890090942"
"16799","1.5257422924041748","1.5257422924041748","1.5257422924041748"
"16802","1.5226678848266602","1.5226678848266602","1.5226678848266602"
"16805","1.5124704837799072","1.5124704837799072","1.5124704837799072"
"16809","1.6130703687667847","1.6130703687667847","1.6130703687667847"
"16812","1.4850845336914062","1.4850845336914062","1.4850845336914062"
"16815","1.5276821851730347","1.5276821851730347","1.5276821851730347"
"16817","1.6173169612884521","1.6173169612884521","1.6173169612884521"
"16818","1.4839656352996826","1.4839656352996826","1.4839656352996826"
"16819","1.5357232093811035","1.5357232093811035","1.5357232093811035"
"16820","1.62213134765625","1.62213134765625","1.62213134765625"
"16821","1.574681043624878","1.574681043624878","1.574681043624878"
"16823","1.5349555015563965","1.5349555015563965","1.5349555015563965"
"16824","1.5330233573913574","1.5330233573913574","1.5330233573913574"
"16826","1.5572597980499268","1.5572597980499268","1.5572597980499268"
"16833","1.5126596689224243","1.5126596689224243","1.5126596689224243"
"16837","1.4907727241516113","1.4907727241516113","1.4907727241516113"
"16848","1.6225816011428833","1.6225816011428833","1.6225816011428833"
"16854","1.595208764076233","1.595208764076233","1.595208764076233"
"16859","1.6570637226104736","1.6570637226104736","1.6570637226104736"
"16860","1.4613206386566162","1.4613206386566162","1.4613206386566162"
"16861","1.6099433898925781","1.6099433898925781","1.6099433898925781"
"16862","1.4721918106079102","1.4721918106079102","1.4721918106079102"
"16867","1.564885139465332","1.564885139465332","1.564885139465332"
"16876","1.4642643928527832","1.4642643928527832","1.4642643928527832"
"16877","1.5738192796707153","1.5738192796707153","1.5738192796707153"
"16878","1.50001859664917","1.50001859664917","1.50001859664917"
"16879","1.5152645111083984","1.5152645111083984","1.5152645111083984"
"16881","1.4876501560211182","1.4876501560211182","1.4876501560211182"
"16883","1.5285483598709106","1.5285483598709106","1.5285483598709106"
"16885","1.5456690788269043","1.5456690788269043","1.5456690788269043"
"16893","1.5539662837982178","1.5539662837982178","1.5539662837982178"
"16894","1.5553295612335205","1.5553295612335205","1.5553295612335205"
"16900","1.5167779922485352","1.5167779922485352","1.5167779922485352"
"16902","1.649601697921753","1.649601697921753","1.649601697921753"
"16905","1.5663456916809082","1.5663456916809082","1.5663456916809082"
"16909","1.6635431051254272","1.6635431051254272","1.6635431051254272"
"16914","1.5446445941925049","1.5446445941925049","1.5446445941925049"
"16917","1.47232985496521","1.47232985496521","1.47232985496521"
"16919","1.539547085762024","1.539547085762024","1.539547085762024"
"16921","1.522390604019165","1.522390604019165","1.522390604019165"
"16924","1.5732312202453613","1.5732312202453613","1.5732312202453613"
"16925","1.6321008205413818","1.6321008205413818","1.6321008205413818"
"16928","1.4786105155944824","1.4786105155944824","1.4786105155944824"
"16932","1.6603809595108032","1.6603809595108032","1.6603809595108032"
"16933","1.6132138967514038","1.6132138967514038","1.6132138967514038"
"16936","1.6086645126342773","1.6086645126342773","1.6086645126342773"
"16941","1.4922542572021484","1.4922542572021484","1.4922542572021484"
"16945","1.557007908821106","1.557007908821106","1.557007908821106"
"16952","1.4570105075836182","1.4570105075836182","1.4570105075836182"
"16955","1.5161693096160889","1.5161693096160889","1.5161693096160889"
"16971","1.6151546239852905","1.6151546239852905","1.6151546239852905"
"16973","1.576880693435669","1.576880693435669","1.576880693435669"
"16981","1.5651662349700928","1.5651662349700928","1.5651662349700928"
"16982","1.6815474033355713","1.6815474033355713","1.6815474033355713"
"16983","1.517697811126709","1.517697811126709","1.517697811126709"
"16984","1.5737000703811646","1.5737000703811646","1.5737000703811646"
"16990","1.5165824890136719","1.5165824890136719","1.5165824890136719"
"16991","1.5713237524032593","1.5713237524032593","1.5713237524032593"
"16994","1.5510194301605225","1.5510194301605225","1.5510194301605225"
"17001","1.4823634624481201","1.4823634624481201","1.4823634624481201"
"17007","1.5452144145965576","1.5452144145965576","1.5452144145965576"
"17008","1.6477510929107666","1.6477510929107666","1.6477510929107666"
"17014","1.5880237817764282","1.5880237817764282","1.5880237817764282"
"17023","1.5431030988693237","1.5431030988693237","1.5431030988693237"
"17025","1.4362304210662842","1.4362304210662842","1.4362304210662842"
"17026","1.479172945022583","1.479172945022583","1.479172945022583"
"17029","1.5249547958374023","1.5249547958374023","1.5249547958374023"
"17030","1.5963008403778076","1.5963008403778076","1.5963008403778076"
"17031","1.5308252573013306","1.5308252573013306","1.5308252573013306"
"17034","1.5925540924072266","1.5925540924072266","1.5925540924072266"
"17038","1.558727741241455","1.558727741241455","1.558727741241455"
"17042","1.50253164768219","1.50253164768219","1.50253164768219"
"17055","1.502762794494629","1.502762794494629","1.502762794494629"
"17063","1.5043717622756958","1.5043717622756958","1.5043717622756958"
"17064","1.5067299604415894","1.5067299604415894","1.5067299604415894"
"17065","1.5832645893096924","1.5832645893096924","1.5832645893096924"
"17068","1.627841591835022","1.627841591835022","1.627841591835022"
"17078","1.6388728618621826","1.6388728618621826","1.6388728618621826"
"17083","1.567993402481079","1.567993402481079","1.567993402481079"
"17084","1.5464162826538086","1.5464162826538086","1.5464162826538086"
"17086","1.538691520690918","1.538691520690918","1.538691520690918"
"17102","1.5698102712631226","1.5698102712631226","1.5698102712631226"
"17104","1.4944294691085815","1.4944294691085815","1.4944294691085815"
"17112","1.5986802577972412","1.5986802577972412","1.5986802577972412"
"17113","1.4310219287872314","1.4310219287872314","1.4310219287872314"
"17114","1.4994224309921265","1.4994224309921265","1.4994224309921265"
"17133","1.474399209022522","1.474399209022522","1.474399209022522"
"17140","1.491889238357544","1.491889238357544","1.491889238357544"
"17143","1.5862632989883423","1.5862632989883423","1.5862632989883423"
"17151","1.452162742614746","1.452162742614746","1.452162742614746"
"17157","1.5941201448440552","1.5941201448440552","1.5941201448440552"
"17160","1.6546058654785156","1.6546058654785156","1.6546058654785156"
"17161","1.5794825553894043","1.5794825553894043","1.5794825553894043"
"17163","1.5600950717926025","1.5600950717926025","1.5600950717926025"
"17164","1.4798715114593506","1.4798715114593506","1.4798715114593506"
"17165","1.541545033454895","1.541545033454895","1.541545033454895"
"17169","1.5414955615997314","1.5414955615997314","1.5414955615997314"
"17178","1.58241605758667","1.58241605758667","1.58241605758667"
"17179","1.559154987335205","1.559154987335205","1.559154987335205"
"17192","1.6616830825805664","1.6616830825805664","1.6616830825805664"
"17193","1.5028184652328491","1.5028184652328491","1.5028184652328491"
"17197","1.52487051486969","1.52487051486969","1.52487051486969"
"17199","1.5261375904083252","1.5261375904083252","1.5261375904083252"
"17206","1.4138832092285156","1.4138832092285156","1.4138832092285156"
"17207","1.5262408256530762","1.5262408256530762","1.5262408256530762"
"17224","1.5101841688156128","1.5101841688156128","1.5101841688156128"
"17226","1.5940909385681152","1.5940909385681152","1.5940909385681152"
"17229","1.4765114784240723","1.4765114784240723","1.4765114784240723"
"17230","1.4593100547790527","1.4593100547790527","1.4593100547790527"
"17233","1.6586551666259766","1.6586551666259766","1.6586551666259766"
"17236","1.6111648082733154","1.6111648082733154","1.6111648082733154"
"17246","1.6956255435943604","1.6956255435943604","1.6956255435943604"
"17247","1.5056495666503906","1.5056495666503906","1.5056495666503906"
"17248","1.5878520011901855","1.5878520011901855","1.5878520011901855"
"17249","1.5619556903839111","1.5619556903839111","1.5619556903839111"
"17256","1.5229474306106567","1.5229474306106567","1.5229474306106567"
"17257","1.5225098133087158","1.5225098133087158","1.5225098133087158"
"17258","1.7073553800582886","1.7073553800582886","1.7073553800582886"
"17260","1.5141613483428955","1.5141613483428955","1.5141613483428955"
"17268","1.5151925086975098","1.5151925086975098","1.5151925086975098"
"17272","1.517516016960144","1.517516016960144","1.517516016960144"
"17277","1.4194135665893555","1.4194135665893555","1.4194135665893555"
"17286","1.5774999856948853","1.5774999856948853","1.5774999856948853"
"17292","1.5562529563903809","1.5562529563903809","1.5562529563903809"
"17295","1.6052515506744385","1.6052515506744385","1.6052515506744385"
"17299","1.615085244178772","1.615085244178772","1.615085244178772"
"17302","1.4845361709594727","1.4845361709594727","1.4845361709594727"
"17307","1.5500850677490234","1.5500850677490234","1.5500850677490234"
"17313","1.5278306007385254","1.5278306007385254","1.5278306007385254"
"17314","1.5586035251617432","1.5586035251617432","1.5586035251617432"
"17315","1.4968010187149048","1.4968010187149048","1.4968010187149048"
"17317","1.683100938796997","1.683100938796997","1.683100938796997"
"17320","1.5888469219207764","1.5888469219207764","1.5888469219207764"
"17323","1.6268999576568604","1.6268999576568604","1.6268999576568604"
"17324","1.5756595134735107","1.5756595134735107","1.5756595134735107"
"17329","1.5670478343963623","1.5670478343963623","1.5670478343963623"
"17332","1.520226001739502","1.520226001739502","1.520226001739502"
"17337","1.5624172687530518","1.5624172687530518","1.5624172687530518"
"17345","1.5827150344848633","1.5827150344848633","1.5827150344848633"
"17346","1.5640971660614014","1.5640971660614014","1.5640971660614014"
"17348","1.5348975658416748","1.5348975658416748","1.5348975658416748"
"17349","1.580136775970459","1.580136775970459","1.580136775970459"
"17354","1.4784760475158691","1.4784760475158691","1.4784760475158691"
"17357","1.642225742340088","1.642225742340088","1.642225742340088"
"17358","1.5526539087295532","1.5526539087295532","1.5526539087295532"
"17361","1.6165897846221924","1.6165897846221924","1.6165897846221924"
"17364","1.4357256889343262","1.4357256889343262","1.4357256889343262"
"17369","1.527400016784668","1.527400016784668","1.527400016784668"
"17370","1.6362028121948242","1.6362028121948242","1.6362028121948242"
"17373","1.506272315979004","1.506272315979004","1.506272315979004"
"17377","1.622751235961914","1.622751235961914","1.622751235961914"
"17382","1.4901031255722046","1.4901031255722046","1.4901031255722046"
"17384","1.5136258602142334","1.5136258602142334","1.5136258602142334"
"17387","1.5890905857086182","1.5890905857086182","1.5890905857086182"
"17390","1.4820067882537842","1.4820067882537842","1.4820067882537842"
"17393","1.5195872783660889","1.5195872783660889","1.5195872783660889"
"17400","1.4959882497787476","1.4959882497787476","1.4959882497787476"
"17404","1.588505744934082","1.588505744934082","1.588505744934082"
"17406","1.5281352996826172","1.5281352996826172","1.5281352996826172"
"17409","1.4923217296600342","1.4923217296600342","1.4923217296600342"
"17411","1.6274505853652954","1.6274505853652954","1.6274505853652954"
"17416","1.5669318437576294","1.5669318437576294","1.5669318437576294"
"17418","1.5395655632019043","1.5395655632019043","1.5395655632019043"
"17424","1.5025932788848877","1.5025932788848877","1.5025932788848877"
"17425","1.5576567649841309","1.5576567649841309","1.5576567649841309"
"17431","1.5430828332901","1.5430828332901","1.5430828332901"
"17435","1.5408987998962402","1.5408987998962402","1.5408987998962402"
"17438","1.69223153591156","1.69223153591156","1.69223153591156"
"17444","1.5434863567352295","1.5434863567352295","1.5434863567352295"
"17445","1.5769195556640625","1.5769195556640625","1.5769195556640625"
"17449","1.572049856185913","1.572049856185913","1.572049856185913"
"17451","1.511541485786438","1.511541485786438","1.511541485786438"
"17453","1.568089246749878","1.568089246749878","1.568089246749878"
"17454","1.687972068786621","1.687972068786621","1.687972068786621"
"17459","1.432078242301941","1.432078242301941","1.432078242301941"
"17462","1.54032564163208","1.54032564163208","1.54032564163208"
"17464","1.5187597274780273","1.5187597274780273","1.5187597274780273"
"17465","1.4877442121505737","1.4877442121505737","1.4877442121505737"
"17467","1.6558572053909302","1.6558572053909302","1.6558572053909302"
"17473","1.6726024150848389","1.6726024150848389","1.6726024150848389"
"17475","1.6146996021270752","1.6146996021270752","1.6146996021270752"
"17483","1.5538684129714966","1.5538684129714966","1.5538684129714966"
"17485","1.3969330787658691","1.3969330787658691","1.3969330787658691"
"17489","1.6068952083587646","1.6068952083587646","1.6068952083587646"
"17490","1.5301529169082642","1.5301529169082642","1.5301529169082642"
"17493","1.5664119720458984","1.5664119720458984","1.5664119720458984"
"17500","1.5470184087753296","1.5470184087753296","1.5470184087753296"
"17515","1.630012035369873","1.630012035369873","1.630012035369873"
"17516","1.5686984062194824","1.5686984062194824","1.5686984062194824"
"17518","1.6500945091247559","1.6500945091247559","1.6500945091247559"
"17522","1.6858108043670654","1.6858108043670654","1.6858108043670654"
"17523","1.486940622329712","1.486940622329712","1.486940622329712"
"17528","1.4775919914245605","1.4775919914245605","1.4775919914245605"
"17536","1.4913158416748047","1.4913158416748047","1.4913158416748047"
"17541","1.4878076314926147","1.4878076314926147","1.4878076314926147"
"17544","1.568711280822754","1.568711280822754","1.568711280822754"
"17546","1.6067646741867065","1.6067646741867065","1.6067646741867065"
"17549","1.5178265571594238","1.5178265571594238","1.5178265571594238"
"17553","1.601759910583496","1.601759910583496","1.601759910583496"
"17554","1.5176312923431396","1.5176312923431396","1.5176312923431396"
"17565","1.5718441009521484","1.5718441009521484","1.5718441009521484"
"17566","1.5475423336029053","1.5475423336029053","1.5475423336029053"
"17568","1.5860109329223633","1.5860109329223633","1.5860109329223633"
"17571","1.5125062465667725","1.5125062465667725","1.5125062465667725"
"17572","1.6284780502319336","1.6284780502319336","1.6284780502319336"
"17582","1.5644766092300415","1.5644766092300415","1.5644766092300415"
"17584","1.5831413269042969","1.5831413269042969","1.5831413269042969"
"17587","1.4849011898040771","1.4849011898040771","1.4849011898040771"
"17595","1.6773090362548828","1.6773090362548828","1.6773090362548828"
"17600","1.618192434310913","1.618192434310913","1.618192434310913"
"17601","1.6111423969268799","1.6111423969268799","1.6111423969268799"
"17605","1.4601536989212036","1.4601536989212036","1.4601536989212036"
"17609","1.5444644689559937","1.5444644689559937","1.5444644689559937"
"17611","1.59232759475708","1.59232759475708","1.59232759475708"
"17618","1.4964580535888672","1.4964580535888672","1.4964580535888672"
"17621","1.6929885149002075","1.6929885149002075","1.6929885149002075"
"17634","1.6311169862747192","1.6311169862747192","1.6311169862747192"
"17639","1.5805723667144775","1.5805723667144775","1.5805723667144775"
"17640","1.5070719718933105","1.5070719718933105","1.5070719718933105"
"17643","1.5244195461273193","1.5244195461273193","1.5244195461273193"
"17647","1.6278924942016602","1.6278924942016602","1.6278924942016602"
"17650","1.6796493530273438","1.6796493530273438","1.6796493530273438"
"17652","1.5255892276763916","1.5255892276763916","1.5255892276763916"
"17654","1.596125602722168","1.596125602722168","1.596125602722168"
"17658","1.4357843399047852","1.4357843399047852","1.4357843399047852"
"17660","1.4550502300262451","1.4550502300262451","1.4550502300262451"
"17662","1.5264761447906494","1.5264761447906494","1.5264761447906494"
"17665","1.600797176361084","1.600797176361084","1.600797176361084"
"17666","1.4686498641967773","1.4686498641967773","1.4686498641967773"
"17668","1.5177565813064575","1.5177565813064575","1.5177565813064575"
"17673","1.4261767864227295","1.4261767864227295","1.4261767864227295"
"17678","1.5295666456222534","1.5295666456222534","1.5295666456222534"
"17683","1.6123359203338623","1.6123359203338623","1.6123359203338623"
"17685","1.581465244293213","1.581465244293213","1.581465244293213"
"17689","1.6054677963256836","1.6054677963256836","1.6054677963256836"
"17690","1.493456482887268","1.493456482887268","1.493456482887268"
"17693","1.5683584213256836","1.5683584213256836","1.5683584213256836"
"17695","1.5031840801239014","1.5031840801239014","1.5031840801239014"
"17699","1.5751707553863525","1.5751707553863525","1.5751707553863525"
"17702","1.5351845026016235","1.5351845026016235","1.5351845026016235"
"17707","1.5415244102478027","1.5415244102478027","1.5415244102478027"
"17715","1.4742791652679443","1.4742791652679443","1.4742791652679443"
"17719","1.5399965047836304","1.5399965047836304","1.5399965047836304"
"17724","1.4340453147888184","1.4340453147888184","1.4340453147888184"
"17727","1.5536298751831055","1.5536298751831055","1.5536298751831055"
"17734","1.4369080066680908","1.4369080066680908","1.4369080066680908"
"17735","1.566090703010559","1.566090703010559","1.566090703010559"
"17738","1.623748779296875","1.623748779296875","1.623748779296875"
"17739","1.5530952215194702","1.5530952215194702","1.5530952215194702"
"17742","1.5675386190414429","1.5675386190414429","1.5675386190414429"
"17749","1.547743558883667","1.547743558883667","1.547743558883667"
"17750","1.64664888381958","1.64664888381958","1.64664888381958"
"17757","1.5591896772384644","1.5591896772384644","1.5591896772384644"
"17761","1.6444833278656006","1.6444833278656006","1.6444833278656006"
"17763","1.5044941902160645","1.5044941902160645","1.5044941902160645"
"17765","1.6411073207855225","1.6411073207855225","1.6411073207855225"
"17766","1.3796886205673218","1.3796886205673218","1.3796886205673218"
"17768","1.5964069366455078","1.5964069366455078","1.5964069366455078"
"17769","1.5330052375793457","1.5330052375793457","1.5330052375793457"
"17777","1.4767701625823975","1.4767701625823975","1.4767701625823975"
"17779","1.5222551822662354","1.5222551822662354","1.5222551822662354"
"17782","1.5908100605010986","1.5908100605010986","1.5908100605010986"
"17783","1.6186069250106812","1.6186069250106812","1.6186069250106812"
"17785","1.567246437072754","1.567246437072754","1.567246437072754"
"17786","1.5467054843902588","1.5467054843902588","1.5467054843902588"
"17790","1.560546875","1.560546875","1.560546875"
"17792","1.6229808330535889","1.6229808330535889","1.6229808330535889"
"17796","1.5288662910461426","1.5288662910461426","1.5288662910461426"
"17798","1.4842990636825562","1.4842990636825562","1.4842990636825562"
"17799","1.5196675062179565","1.5196675062179565","1.5196675062179565"
"17807","1.5315159559249878","1.5315159559249878","1.5315159559249878"
"17810","1.5888760089874268","1.5888760089874268","1.5888760089874268"
"17820","1.521657943725586","1.521657943725586","1.521657943725586"
"17825","1.5074646472930908","1.5074646472930908","1.5074646472930908"
"17834","1.6127886772155762","1.6127886772155762","1.6127886772155762"
"17836","1.5185185670852661","1.5185185670852661","1.5185185670852661"
"17841","1.5116325616836548","1.5116325616836548","1.5116325616836548"
"17845","1.543487310409546","1.543487310409546","1.543487310409546"
"17848","1.5109018087387085","1.5109018087387085","1.5109018087387085"
"17853","1.6904921531677246","1.6904921531677246","1.6904921531677246"
"17855","1.5115350484848022","1.5115350484848022","1.5115350484848022"
"17858","1.5026302337646484","1.5026302337646484","1.5026302337646484"
"17862","1.448948621749878","1.448948621749878","1.448948621749878"
"17866","1.509760856628418","1.509760856628418","1.509760856628418"
"17867","1.6481432914733887","1.6481432914733887","1.6481432914733887"
"17871","1.571521520614624","1.571521520614624","1.571521520614624"
"17872","1.600346326828003","1.600346326828003","1.600346326828003"
"17874","1.3537020683288574","1.3537020683288574","1.3537020683288574"
"17878","1.6260428428649902","1.6260428428649902","1.6260428428649902"
"17880","1.5561890602111816","1.5561890602111816","1.5561890602111816"
"17884","1.5236941576004028","1.5236941576004028","1.5236941576004028"
"17888","1.481606125831604","1.481606125831604","1.481606125831604"
"17899","1.630185842514038","1.630185842514038","1.630185842514038"
"17904","1.525002360343933","1.525002360343933","1.525002360343933"
"17916","1.5399727821350098","1.5399727821350098","1.5399727821350098"
"17919","1.5975899696350098","1.5975899696350098","1.5975899696350098"
"17926","1.4588243961334229","1.4588243961334229","1.4588243961334229"
"17934","1.5747220516204834","1.5747220516204834","1.5747220516204834"
"17945","1.742113471031189","1.742113471031189","1.742113471031189"
"17950","1.48324453830719","1.48324453830719","1.48324453830719"
"17953","1.463782787322998","1.463782787322998","1.463782787322998"
"17954","1.4793521165847778","1.4793521165847778","1.4793521165847778"
"17962","1.5858607292175293","1.5858607292175293","1.5858607292175293"
"17963","1.5466054677963257","1.5466054677963257","1.5466054677963257"
"17966","1.5574159622192383","1.5574159622192383","1.5574159622192383"
"17971","1.5241751670837402","1.5241751670837402","1.5241751670837402"
"17975","1.5673550367355347","1.5673550367355347","1.5673550367355347"
"17976","1.4443378448486328","1.4443378448486328","1.4443378448486328"
"17982","1.5548158884048462","1.5548158884048462","1.5548158884048462"
"17986","1.5433834791183472","1.5433834791183472","1.5433834791183472"
"17988","1.48256516456604","1.48256516456604","1.48256516456604"
"17991","1.5453301668167114","1.5453301668167114","1.5453301668167114"
"17995","1.5218250751495361","1.5218250751495361","1.5218250751495361"
"17999","1.5641001462936401","1.5641001462936401","1.5641001462936401"
"18001","1.6173515319824219","1.6173515319824219","1.6173515319824219"
"18007","1.5309834480285645","1.5309834480285645","1.5309834480285645"
"18013","1.5136032104492188","1.5136032104492188","1.5136032104492188"
"18023","1.4889519214630127","1.4889519214630127","1.4889519214630127"
"18027","1.508709192276001","1.508709192276001","1.508709192276001"
"18031","1.5716547966003418","1.5716547966003418","1.5716547966003418"
"18034","1.4516608715057373","1.4516608715057373","1.4516608715057373"
"18037","1.6449044942855835","1.6449044942855835","1.6449044942855835"
"18039","1.4696182012557983","1.4696182012557983","1.4696182012557983"
"18041","1.4972155094146729","1.4972155094146729","1.4972155094146729"
"18046","1.4806731939315796","1.4806731939315796","1.4806731939315796"
"18051","1.5268625020980835","1.5268625020980835","1.5268625020980835"
"18054","1.5818512439727783","1.5818512439727783","1.5818512439727783"
"18055","1.5238783359527588","1.5238783359527588","1.5238783359527588"
"18060","1.5417840480804443","1.5417840480804443","1.5417840480804443"
"18062","1.4768195152282715","1.4768195152282715","1.4768195152282715"
"18068","1.6056098937988281","1.6056098937988281","1.6056098937988281"
"18069","1.5281481742858887","1.5281481742858887","1.5281481742858887"
"18076","1.524155855178833","1.524155855178833","1.524155855178833"
"18078","1.5272998809814453","1.5272998809814453","1.5272998809814453"
"18085","1.6129202842712402","1.6129202842712402","1.6129202842712402"
"18086","1.557778239250183","1.557778239250183","1.557778239250183"
"18091","1.507175087928772","1.507175087928772","1.507175087928772"
"18092","1.5694690942764282","1.5694690942764282","1.5694690942764282"
"18094","1.5994303226470947","1.5994303226470947","1.5994303226470947"
"18096","1.6099915504455566","1.6099915504455566","1.6099915504455566"
"18102","1.550001621246338","1.550001621246338","1.550001621246338"
"18103","1.6121599674224854","1.6121599674224854","1.6121599674224854"
"18108","1.4968972206115723","1.4968972206115723","1.4968972206115723"
"18109","1.5344324111938477","1.5344324111938477","1.5344324111938477"
"18117","1.5256267786026","1.5256267786026","1.5256267786026"
"18118","1.500518798828125","1.500518798828125","1.500518798828125"
"18119","1.520080327987671","1.520080327987671","1.520080327987671"
"18121","1.5712847709655762","1.5712847709655762","1.5712847709655762"
"18122","1.519985556602478","1.519985556602478","1.519985556602478"
"18126","1.5073529481887817","1.5073529481887817","1.5073529481887817"
"18136","1.553167700767517","1.553167700767517","1.553167700767517"
"18137","1.5389354228973389","1.5389354228973389","1.5389354228973389"
"18141","1.5653765201568604","1.5653765201568604","1.5653765201568604"
"18144","1.4932129383087158","1.4932129383087158","1.4932129383087158"
"18145","1.4894108772277832","1.4894108772277832","1.4894108772277832"
"18153","1.5690354108810425","1.5690354108810425","1.5690354108810425"
"18159","1.529313087463379","1.529313087463379","1.529313087463379"
"18161","1.540252447128296","1.540252447128296","1.540252447128296"
"18162","1.5139013528823853","1.5139013528823853","1.5139013528823853"
"18163","1.6454781293869019","1.6454781293869019","1.6454781293869019"
"18171","1.5782136917114258","1.5782136917114258","1.5782136917114258"
"18173","1.4986882209777832","1.4986882209777832","1.4986882209777832"
"18177","1.4634699821472168","1.4634699821472168","1.4634699821472168"
"18181","1.561093807220459","1.561093807220459","1.561093807220459"
"18182","1.5257165431976318","1.5257165431976318","1.5257165431976318"
"18185","1.544798493385315","1.544798493385315","1.544798493385315"
"18192","1.6327919960021973","1.6327919960021973","1.6327919960021973"
"18193","1.5763932466506958","1.5763932466506958","1.5763932466506958"
"18197","1.4755828380584717","1.4755828380584717","1.4755828380584717"
"18203","1.5255969762802124","1.5255969762802124","1.5255969762802124"
"18205","1.4652281999588013","1.4652281999588013","1.4652281999588013"
"18217","1.4104247093200684","1.4104247093200684","1.4104247093200684"
"18218","1.443192958831787","1.443192958831787","1.443192958831787"
"18236","1.5883219242095947","1.5883219242095947","1.5883219242095947"
"18246","1.5252797603607178","1.5252797603607178","1.5252797603607178"
"18247","1.474868893623352","1.474868893623352","1.474868893623352"
"18254","1.5469251871109009","1.5469251871109009","1.5469251871109009"
"18256","1.5444200038909912","1.5444200038909912","1.5444200038909912"
"18260","1.549511194229126","1.549511194229126","1.549511194229126"
"18262","1.5116393566131592","1.5116393566131592","1.5116393566131592"
"18265","1.5937823057174683","1.5937823057174683","1.5937823057174683"
"18275","1.580864667892456","1.580864667892456","1.580864667892456"
"18277","1.5279990434646606","1.5279990434646606","1.5279990434646606"
"18279","1.5430723428726196","1.5430723428726196","1.5430723428726196"
"18281","1.549219012260437","1.549219012260437","1.549219012260437"
"18291","1.4519472122192383","1.4519472122192383","1.4519472122192383"
"18293","1.4800324440002441","1.4800324440002441","1.4800324440002441"
"18294","1.6014692783355713","1.6014692783355713","1.6014692783355713"
"18308","1.594468116760254","1.594468116760254","1.594468116760254"
"18312","1.5242962837219238","1.5242962837219238","1.5242962837219238"
"18319","1.5290427207946777","1.5290427207946777","1.5290427207946777"
"18322","1.5098155736923218","1.5098155736923218","1.5098155736923218"
"18329","1.694490671157837","1.694490671157837","1.694490671157837"
"18330","1.4829649925231934","1.4829649925231934","1.4829649925231934"
"18332","1.5939199924468994","1.5939199924468994","1.5939199924468994"
"18334","1.4307913780212402","1.4307913780212402","1.4307913780212402"
"18337","1.3907687664031982","1.3907687664031982","1.3907687664031982"
"18347","1.5525606870651245","1.5525606870651245","1.5525606870651245"
"18351","1.594704031944275","1.594704031944275","1.594704031944275"
"18357","1.402573585510254","1.402573585510254","1.402573585510254"
"18363","1.5612471103668213","1.5612471103668213","1.5612471103668213"
"18364","1.6050770282745361","1.6050770282745361","1.6050770282745361"
"18365","1.5599861145019531","1.5599861145019531","1.5599861145019531"
"18370","1.5477701425552368","1.5477701425552368","1.5477701425552368"
"18372","1.5881597995758057","1.5881597995758057","1.5881597995758057"
"18373","1.4069697856903076","1.4069697856903076","1.4069697856903076"
"18375","1.4181454181671143","1.4181454181671143","1.4181454181671143"
"18385","1.5372241735458374","1.5372241735458374","1.5372241735458374"
"18388","1.4645445346832275","1.4645445346832275","1.4645445346832275"
"18391","1.4918124675750732","1.4918124675750732","1.4918124675750732"
"18397","1.5569676160812378","1.5569676160812378","1.5569676160812378"
"18405","1.467682957649231","1.467682957649231","1.467682957649231"
"18409","1.5116581916809082","1.5116581916809082","1.5116581916809082"
"18413","1.5969154834747314","1.5969154834747314","1.5969154834747314"
"18415","1.4695875644683838","1.4695875644683838","1.4695875644683838"
"18416","1.4804939031600952","1.4804939031600952","1.4804939031600952"
"18418","1.577032446861267","1.577032446861267","1.577032446861267"
"18423","1.5365064144134521","1.5365064144134521","1.5365064144134521"
"18431","1.604962706565857","1.604962706565857","1.604962706565857"
"18432","1.4461709260940552","1.4461709260940552","1.4461709260940552"
"18436","1.4822454452514648","1.4822454452514648","1.4822454452514648"
"18437","1.5305571556091309","1.5305571556091309","1.5305571556091309"
"18438","1.5832805633544922","1.5832805633544922","1.5832805633544922"
"18442","1.5248937606811523","1.5248937606811523","1.5248937606811523"
"18447","1.7009267807006836","1.7009267807006836","1.7009267807006836"
"18449","1.4793875217437744","1.4793875217437744","1.4793875217437744"
"18450","1.4633837938308716","1.4633837938308716","1.4633837938308716"
"18451","1.5775706768035889","1.5775706768035889","1.5775706768035889"
"18452","1.5278838872909546","1.5278838872909546","1.5278838872909546"
"18453","1.533856749534607","1.533856749534607","1.533856749534607"
"18454","1.5286731719970703","1.5286731719970703","1.5286731719970703"
"18456","1.6867625713348389","1.6867625713348389","1.6867625713348389"
"18459","1.4653100967407227","1.4653100967407227","1.4653100967407227"
"18466","1.5859146118164062","1.5859146118164062","1.5859146118164062"
"18471","1.4678834676742554","1.4678834676742554","1.4678834676742554"
"18477","1.4880114793777466","1.4880114793777466","1.4880114793777466"
"18479","1.4863712787628174","1.4863712787628174","1.4863712787628174"
"18483","1.4404908418655396","1.4404908418655396","1.4404908418655396"
"18487","1.4442548751831055","1.4442548751831055","1.4442548751831055"
"18489","1.5594688653945923","1.5594688653945923","1.5594688653945923"
"18492","1.667155385017395","1.667155385017395","1.667155385017395"
"18494","1.4786121845245361","1.4786121845245361","1.4786121845245361"
"18500","1.503695011138916","1.503695011138916","1.503695011138916"
"18503","1.638129711151123","1.638129711151123","1.638129711151123"
"18507","1.461723804473877","1.461723804473877","1.461723804473877"
"18510","1.6015150547027588","1.6015150547027588","1.6015150547027588"
"18517","1.512175440788269","1.512175440788269","1.512175440788269"
"18521","1.6469398736953735","1.6469398736953735","1.6469398736953735"
"18522","1.5714669227600098","1.5714669227600098","1.5714669227600098"
"18531","1.5822927951812744","1.5822927951812744","1.5822927951812744"
"18532","1.4898710250854492","1.4898710250854492","1.4898710250854492"
"18533","1.521170735359192","1.521170735359192","1.521170735359192"
"18536","1.5421438217163086","1.5421438217163086","1.5421438217163086"
"18542","1.602834939956665","1.602834939956665","1.602834939956665"
"18543","1.5622162818908691","1.5622162818908691","1.5622162818908691"
"18550","1.4403810501098633","1.4403810501098633","1.4403810501098633"
"18551","1.507336139678955","1.507336139678955","1.507336139678955"
"18553","1.602827787399292","1.602827787399292","1.602827787399292"
"18568","1.5602020025253296","1.5602020025253296","1.5602020025253296"
"18571","1.5735026597976685","1.5735026597976685","1.5735026597976685"
"18577","1.5765581130981445","1.5765581130981445","1.5765581130981445"
"18581","1.5308074951171875","1.5308074951171875","1.5308074951171875"
"18584","1.4436174631118774","1.4436174631118774","1.4436174631118774"
"18585","1.476969599723816","1.476969599723816","1.476969599723816"
"18588","1.3975317478179932","1.3975317478179932","1.3975317478179932"
"18590","1.5595484972000122","1.5595484972000122","1.5595484972000122"
"18594","1.5644611120224","1.5644611120224","1.5644611120224"
"18605","1.516226053237915","1.516226053237915","1.516226053237915"
"18606","1.5549447536468506","1.5549447536468506","1.5549447536468506"
"18611","1.5147418975830078","1.5147418975830078","1.5147418975830078"
"18613","1.5293669700622559","1.5293669700622559","1.5293669700622559"
"18620","1.442851185798645","1.442851185798645","1.442851185798645"
"18635","1.518934965133667","1.518934965133667","1.518934965133667"
"18637","1.5845533609390259","1.5845533609390259","1.5845533609390259"
"18648","1.482656717300415","1.482656717300415","1.482656717300415"
"18651","1.457973599433899","1.457973599433899","1.457973599433899"
"18653","1.6159822940826416","1.6159822940826416","1.6159822940826416"
"18657","1.5055874586105347","1.5055874586105347","1.5055874586105347"
"18664","1.4742213487625122","1.4742213487625122","1.4742213487625122"
"18667","1.5580775737762451","1.5580775737762451","1.5580775737762451"
"18668","1.5879223346710205","1.5879223346710205","1.5879223346710205"
"18669","1.4900153875350952","1.4900153875350952","1.4900153875350952"
"18670","1.5770423412322998","1.5770423412322998","1.5770423412322998"
"18672","1.6688212156295776","1.6688212156295776","1.6688212156295776"
"18673","1.4827896356582642","1.4827896356582642","1.4827896356582642"
"18678","1.6012850999832153","1.6012850999832153","1.6012850999832153"
"18685","1.47768235206604","1.47768235206604","1.47768235206604"
"18689","1.5072822570800781","1.5072822570800781","1.5072822570800781"
"18692","1.4974173307418823","1.4974173307418823","1.4974173307418823"
"18705","1.6309151649475098","1.6309151649475098","1.6309151649475098"
"18710","1.5259943008422852","1.5259943008422852","1.5259943008422852"
"18711","1.5537426471710205","1.5537426471710205","1.5537426471710205"
"18716","1.502387285232544","1.502387285232544","1.502387285232544"
"18717","1.6022236347198486","1.6022236347198486","1.6022236347198486"
"18722","1.4823594093322754","1.4823594093322754","1.4823594093322754"
"18728","1.5108946561813354","1.5108946561813354","1.5108946561813354"
"18730","1.5955455303192139","1.5955455303192139","1.5955455303192139"
"18734","1.4985573291778564","1.4985573291778564","1.4985573291778564"
"18740","1.5562019348144531","1.5562019348144531","1.5562019348144531"
"18743","1.4932489395141602","1.4932489395141602","1.4932489395141602"
"18755","1.5568526983261108","1.5568526983261108","1.5568526983261108"
"18763","1.472825288772583","1.472825288772583","1.472825288772583"
"18769","1.5760643482208252","1.5760643482208252","1.5760643482208252"
"18776","1.47212815284729","1.47212815284729","1.47212815284729"
"18780","1.4984267950057983","1.4984267950057983","1.4984267950057983"
"18781","1.4799844026565552","1.4799844026565552","1.4799844026565552"
"18788","1.5664048194885254","1.5664048194885254","1.5664048194885254"
"18793","1.5735878944396973","1.5735878944396973","1.5735878944396973"
"18795","1.5672590732574463","1.5672590732574463","1.5672590732574463"
"18796","1.657427191734314","1.657427191734314","1.657427191734314"
"18799","1.4213283061981201","1.4213283061981201","1.4213283061981201"
"18800","1.4675124883651733","1.4675124883651733","1.4675124883651733"
"18803","1.64798903465271","1.64798903465271","1.64798903465271"
"18806","1.5290346145629883","1.5290346145629883","1.5290346145629883"
"18811","1.4453938007354736","1.4453938007354736","1.4453938007354736"
"18818","1.5348724126815796","1.5348724126815796","1.5348724126815796"
"18820","1.5761653184890747","1.5761653184890747","1.5761653184890747"
"18821","1.495051383972168","1.495051383972168","1.495051383972168"
"18825","1.5059876441955566","1.5059876441955566","1.5059876441955566"
"18826","1.510136365890503","1.510136365890503","1.510136365890503"
"18841","1.482375144958496","1.482375144958496","1.482375144958496"
"18844","1.482722282409668","1.482722282409668","1.482722282409668"
"18849","1.6100834608078003","1.6100834608078003","1.6100834608078003"
"18864","1.5259101390838623","1.5259101390838623","1.5259101390838623"
"18865","1.6025482416152954","1.6025482416152954","1.6025482416152954"
"18868","1.6330699920654297","1.6330699920654297","1.6330699920654297"
"18870","1.4982731342315674","1.4982731342315674","1.4982731342315674"
"18872","1.5464186668395996","1.5464186668395996","1.5464186668395996"
"18874","1.4644176959991455","1.4644176959991455","1.4644176959991455"
"18876","1.6006600856781006","1.6006600856781006","1.6006600856781006"
"18878","1.482666015625","1.482666015625","1.482666015625"
"18879","1.5404633283615112","1.5404633283615112","1.5404633283615112"
"18881","1.6069014072418213","1.6069014072418213","1.6069014072418213"
"18883","1.5208364725112915","1.5208364725112915","1.5208364725112915"
"18888","1.5706450939178467","1.5706450939178467","1.5706450939178467"
"18891","1.629138708114624","1.629138708114624","1.629138708114624"
"18893","1.590195894241333","1.590195894241333","1.590195894241333"
"18894","1.4642906188964844","1.4642906188964844","1.4642906188964844"
"18898","1.4773420095443726","1.4773420095443726","1.4773420095443726"
"18904","1.5330374240875244","1.5330374240875244","1.5330374240875244"
"18909","1.516701340675354","1.516701340675354","1.516701340675354"
"18913","1.5694160461425781","1.5694160461425781","1.5694160461425781"
"18918","1.6152598857879639","1.6152598857879639","1.6152598857879639"
"18920","1.4570499658584595","1.4570499658584595","1.4570499658584595"
"18923","1.496199131011963","1.496199131011963","1.496199131011963"
"18925","1.5647807121276855","1.5647807121276855","1.5647807121276855"
"18926","1.4986883401870728","1.4986883401870728","1.4986883401870728"
"18934","1.6178810596466064","1.6178810596466064","1.6178810596466064"
"18935","1.4077813625335693","1.4077813625335693","1.4077813625335693"
"18938","1.5489416122436523","1.5489416122436523","1.5489416122436523"
"18946","1.5986371040344238","1.5986371040344238","1.5986371040344238"
"18949","1.6118130683898926","1.6118130683898926","1.6118130683898926"
"18950","1.4606914520263672","1.4606914520263672","1.4606914520263672"
"18951","1.5352534055709839","1.5352534055709839","1.5352534055709839"
"18963","1.5162062644958496","1.5162062644958496","1.5162062644958496"
"18975","1.4364701509475708","1.4364701509475708","1.4364701509475708"
"18976","1.5756280422210693","1.5756280422210693","1.5756280422210693"
"18983","1.5694553852081299","1.5694553852081299","1.5694553852081299"
"18984","1.4891297817230225","1.4891297817230225","1.4891297817230225"
"18985","1.7671611309051514","1.7671611309051514","1.7671611309051514"
"18987","1.5609521865844727","1.5609521865844727","1.5609521865844727"
"18990","1.5612483024597168","1.5612483024597168","1.5612483024597168"
"18996","1.5473544597625732","1.5473544597625732","1.5473544597625732"
"19003","1.4431785345077515","1.4431785345077515","1.4431785345077515"
"19006","1.4651823043823242","1.4651823043823242","1.4651823043823242"
"19007","1.5576534271240234","1.5576534271240234","1.5576534271240234"
"19010","1.5156937837600708","1.5156937837600708","1.5156937837600708"
"19026","1.4706151485443115","1.4706151485443115","1.4706151485443115"
"19027","1.5743794441223145","1.5743794441223145","1.5743794441223145"
"19032","1.4827978610992432","1.4827978610992432","1.4827978610992432"
"19040","1.5291937589645386","1.5291937589645386","1.5291937589645386"
"19042","1.4525384902954102","1.4525384902954102","1.4525384902954102"
"19044","1.5755023956298828","1.5755023956298828","1.5755023956298828"
"19046","1.4672561883926392","1.4672561883926392","1.4672561883926392"
"19051","1.4541716575622559","1.4541716575622559","1.4541716575622559"
"19062","1.4321069717407227","1.4321069717407227","1.4321069717407227"
"19069","1.536073923110962","1.536073923110962","1.536073923110962"
"19073","1.5341144800186157","1.5341144800186157","1.5341144800186157"
"19076","1.5371367931365967","1.5371367931365967","1.5371367931365967"
"19080","1.5513105392456055","1.5513105392456055","1.5513105392456055"
"19087","1.5901470184326172","1.5901470184326172","1.5901470184326172"
"19093","1.5755562782287598","1.5755562782287598","1.5755562782287598"
"19095","1.4287066459655762","1.4287066459655762","1.4287066459655762"
"19098","1.5728654861450195","1.5728654861450195","1.5728654861450195"
"19099","1.454953670501709","1.454953670501709","1.454953670501709"
"19109","1.4446605443954468","1.4446605443954468","1.4446605443954468"
"19111","1.5419150590896606","1.5419150590896606","1.5419150590896606"
"19115","1.4489555358886719","1.4489555358886719","1.4489555358886719"
"19116","1.4993820190429688","1.4993820190429688","1.4993820190429688"
"19125","1.5699007511138916","1.5699007511138916","1.5699007511138916"
"19126","1.5738297700881958","1.5738297700881958","1.5738297700881958"
"19127","1.580010175704956","1.580010175704956","1.580010175704956"
"19136","1.417041301727295","1.417041301727295","1.417041301727295"
"19139","1.4274541139602661","1.4274541139602661","1.4274541139602661"
"19140","1.600195050239563","1.600195050239563","1.600195050239563"
"19142","1.554284691810608","1.554284691810608","1.554284691810608"
"19145","1.52742338180542","1.52742338180542","1.52742338180542"
"19148","1.4571890830993652","1.4571890830993652","1.4571890830993652"
"19159","1.584547758102417","1.584547758102417","1.584547758102417"
"19167","1.5861315727233887","1.5861315727233887","1.5861315727233887"
"19168","1.5722461938858032","1.5722461938858032","1.5722461938858032"
"19170","1.4695464372634888","1.4695464372634888","1.4695464372634888"
"19176","1.5315724611282349","1.5315724611282349","1.5315724611282349"
"19177","1.5388062000274658","1.5388062000274658","1.5388062000274658"
"19180","1.489377498626709","1.489377498626709","1.489377498626709"
"19197","1.4897525310516357","1.4897525310516357","1.4897525310516357"
"19199","1.6261253356933594","1.6261253356933594","1.6261253356933594"
"19201","1.496651291847229","1.496651291847229","1.496651291847229"
"19204","1.6165683269500732","1.6165683269500732","1.6165683269500732"
"19208","1.5243940353393555","1.5243940353393555","1.5243940353393555"
"19210","1.5895254611968994","1.5895254611968994","1.5895254611968994"
"19216","1.4960730075836182","1.4960730075836182","1.4960730075836182"
"19222","1.5262699127197266","1.5262699127197266","1.5262699127197266"
"19224","1.5393439531326294","1.5393439531326294","1.5393439531326294"
"19225","1.591598391532898","1.591598391532898","1.591598391532898"
"19230","1.5028140544891357","1.5028140544891357","1.5028140544891357"
"19234","1.4485418796539307","1.4485418796539307","1.4485418796539307"
"19236","1.4413161277770996","1.4413161277770996","1.4413161277770996"
"19251","1.5109665393829346","1.5109665393829346","1.5109665393829346"
"19256","1.6450355052947998","1.6450355052947998","1.6450355052947998"
"19258","1.5053141117095947","1.5053141117095947","1.5053141117095947"
"19261","1.5355355739593506","1.5355355739593506","1.5355355739593506"
"19263","1.5053826570510864","1.5053826570510864","1.5053826570510864"
"19266","1.5289174318313599","1.5289174318313599","1.5289174318313599"
"19267","1.5540118217468262","1.5540118217468262","1.5540118217468262"
"19269","1.570069432258606","1.570069432258606","1.570069432258606"
"19275","1.4404520988464355","1.4404520988464355","1.4404520988464355"
"19277","1.631953239440918","1.631953239440918","1.631953239440918"
"19281","1.4765796661376953","1.4765796661376953","1.4765796661376953"
"19289","1.5780112743377686","1.5780112743377686","1.5780112743377686"
"19290","1.5437158346176147","1.5437158346176147","1.5437158346176147"
"19296","1.4899370670318604","1.4899370670318604","1.4899370670318604"
"19297","1.6278754472732544","1.6278754472732544","1.6278754472732544"
"19300","1.5138453245162964","1.5138453245162964","1.5138453245162964"
"19304","1.4938673973083496","1.4938673973083496","1.4938673973083496"
"19313","1.506864070892334","1.506864070892334","1.506864070892334"
"19315","1.5148546695709229","1.5148546695709229","1.5148546695709229"
"19320","1.4981549978256226","1.4981549978256226","1.4981549978256226"
"19326","1.6168932914733887","1.6168932914733887","1.6168932914733887"
"19331","1.5616915225982666","1.5616915225982666","1.5616915225982666"
"19343","1.4931823015213013","1.4931823015213013","1.4931823015213013"
"19350","1.5465394258499146","1.5465394258499146","1.5465394258499146"
"19352","1.5180668830871582","1.5180668830871582","1.5180668830871582"
"19359","1.609710693359375","1.609710693359375","1.609710693359375"
"19361","1.557356357574463","1.557356357574463","1.557356357574463"
"19371","1.5998328924179077","1.5998328924179077","1.5998328924179077"
"19377","1.5449734926223755","1.5449734926223755","1.5449734926223755"
"19381","1.5353442430496216","1.5353442430496216","1.5353442430496216"
"19388","1.6549021005630493","1.6549021005630493","1.6549021005630493"
"19389","1.4045381546020508","1.4045381546020508","1.4045381546020508"
"19396","1.5083510875701904","1.5083510875701904","1.5083510875701904"
"19402","1.556330919265747","1.556330919265747","1.556330919265747"
"19405","1.4750189781188965","1.4750189781188965","1.4750189781188965"
"19408","1.4615507125854492","1.4615507125854492","1.4615507125854492"
"19411","1.503467321395874","1.503467321395874","1.503467321395874"
"19414","1.6346787214279175","1.6346787214279175","1.6346787214279175"
"19416","1.4749925136566162","1.4749925136566162","1.4749925136566162"
"19423","1.4866656064987183","1.4866656064987183","1.4866656064987183"
"19435","1.540910243988037","1.540910243988037","1.540910243988037"
"19436","1.5433939695358276","1.5433939695358276","1.5433939695358276"
"19437","1.630136489868164","1.630136489868164","1.630136489868164"
"19438","1.5762715339660645","1.5762715339660645","1.5762715339660645"
"19446","1.5977236032485962","1.5977236032485962","1.5977236032485962"
"19450","1.493777871131897","1.493777871131897","1.493777871131897"
"19453","1.65853750705719","1.65853750705719","1.65853750705719"
"19460","1.599034309387207","1.599034309387207","1.599034309387207"
"19464","1.4137890338897705","1.4137890338897705","1.4137890338897705"
"19471","1.4238636493682861","1.4238636493682861","1.4238636493682861"
"19478","1.5177950859069824","1.5177950859069824","1.5177950859069824"
"19481","1.468632698059082","1.468632698059082","1.468632698059082"
"19485","1.5650436878204346","1.5650436878204346","1.5650436878204346"
"19486","1.547579288482666","1.547579288482666","1.547579288482666"
"19489","1.5891578197479248","1.5891578197479248","1.5891578197479248"
"19494","1.5638387203216553","1.5638387203216553","1.5638387203216553"
"19499","1.5066739320755005","1.5066739320755005","1.5066739320755005"
"19500","1.4806443452835083","1.4806443452835083","1.4806443452835083"
"19502","1.5651823282241821","1.5651823282241821","1.5651823282241821"
"19506","1.578108310699463","1.578108310699463","1.578108310699463"
"19507","1.537337064743042","1.537337064743042","1.537337064743042"
"19510","1.5201997756958008","1.5201997756958008","1.5201997756958008"
"19511","1.6807911396026611","1.6807911396026611","1.6807911396026611"
"19516","1.4953111410140991","1.4953111410140991","1.4953111410140991"
"19518","1.5264824628829956","1.5264824628829956","1.5264824628829956"
"19520","1.6302452087402344","1.6302452087402344","1.6302452087402344"
"19521","1.567730188369751","1.567730188369751","1.567730188369751"
"19525","1.5675253868103027","1.5675253868103027","1.5675253868103027"
"19529","1.4604359865188599","1.4604359865188599","1.4604359865188599"
"19534","1.4451043605804443","1.4451043605804443","1.4451043605804443"
"19544","1.4765336513519287","1.4765336513519287","1.4765336513519287"
"19545","1.593700647354126","1.593700647354126","1.593700647354126"
"19546","1.5970491170883179","1.5970491170883179","1.5970491170883179"
"19548","1.5123929977416992","1.5123929977416992","1.5123929977416992"
"19557","1.6280019283294678","1.6280019283294678","1.6280019283294678"
"19562","1.6540024280548096","1.6540024280548096","1.6540024280548096"
"19563","1.4617657661437988","1.4617657661437988","1.4617657661437988"
"19564","1.5899064540863037","1.5899064540863037","1.5899064540863037"
"19565","1.5573980808258057","1.5573980808258057","1.5573980808258057"
"19567","1.5837461948394775","1.5837461948394775","1.5837461948394775"
"19570","1.5981595516204834","1.5981595516204834","1.5981595516204834"
"19571","1.4745618104934692","1.4745618104934692","1.4745618104934692"
"19572","1.5466538667678833","1.5466538667678833","1.5466538667678833"
"19573","1.522589087486267","1.522589087486267","1.522589087486267"
"19581","1.535243034362793","1.535243034362793","1.535243034362793"
"19582","1.581998348236084","1.581998348236084","1.581998348236084"
"19585","1.405065894126892","1.405065894126892","1.405065894126892"
"19592","1.465242624282837","1.465242624282837","1.465242624282837"
"19593","1.4865981340408325","1.4865981340408325","1.4865981340408325"
"19594","1.4909484386444092","1.4909484386444092","1.4909484386444092"
"19595","1.5427905321121216","1.5427905321121216","1.5427905321121216"
"19602","1.5754183530807495","1.5754183530807495","1.5754183530807495"
"19603","1.5652892589569092","1.5652892589569092","1.5652892589569092"
"19604","1.506622314453125","1.506622314453125","1.506622314453125"
"19618","1.396079182624817","1.396079182624817","1.396079182624817"
"19620","1.5392043590545654","1.5392043590545654","1.5392043590545654"
"19627","1.5054069757461548","1.5054069757461548","1.5054069757461548"
"19628","1.5006763935089111","1.5006763935089111","1.5006763935089111"
"19634","1.4385781288146973","1.4385781288146973","1.4385781288146973"
"19650","1.559079647064209","1.559079647064209","1.559079647064209"
"19653","1.4546419382095337","1.4546419382095337","1.4546419382095337"
"19654","1.6459424495697021","1.6459424495697021","1.6459424495697021"
"19659","1.5126609802246094","1.5126609802246094","1.5126609802246094"
"19660","1.6692981719970703","1.6692981719970703","1.6692981719970703"
"19664","1.5629651546478271","1.5629651546478271","1.5629651546478271"
"19673","1.3926780223846436","1.3926780223846436","1.3926780223846436"
"19676","1.508649230003357","1.508649230003357","1.508649230003357"
"19680","1.461824893951416","1.461824893951416","1.461824893951416"
"19681","1.4665570259094238","1.4665570259094238","1.4665570259094238"
"19682","1.5260977745056152","1.5260977745056152","1.5260977745056152"
"19683","1.585962176322937","1.585962176322937","1.585962176322937"
"19686","1.4744932651519775","1.4744932651519775","1.4744932651519775"
"19695","1.4983770847320557","1.4983770847320557","1.4983770847320557"
"19696","1.48093843460083","1.48093843460083","1.48093843460083"
"19704","1.5619069337844849","1.5619069337844849","1.5619069337844849"
"19709","1.5977966785430908","1.5977966785430908","1.5977966785430908"
"19711","1.5369963645935059","1.5369963645935059","1.5369963645935059"
"19712","1.580467700958252","1.580467700958252","1.580467700958252"
"19715","1.4808975458145142","1.4808975458145142","1.4808975458145142"
"19716","1.4888676404953003","1.4888676404953003","1.4888676404953003"
"19718","1.5260207653045654","1.5260207653045654","1.5260207653045654"
"19719","1.5018424987792969","1.5018424987792969","1.5018424987792969"
"19725","1.5131053924560547","1.5131053924560547","1.5131053924560547"
"19740","1.5076277256011963","1.5076277256011963","1.5076277256011963"
"19752","1.538740873336792","1.538740873336792","1.538740873336792"
"19758","1.500462532043457","1.500462532043457","1.500462532043457"
"19761","1.3839221000671387","1.3839221000671387","1.3839221000671387"
"19763","1.5869932174682617","1.5869932174682617","1.5869932174682617"
"19768","1.5263606309890747","1.5263606309890747","1.5263606309890747"
"19771","1.5541725158691406","1.5541725158691406","1.5541725158691406"
"19774","1.4085429906845093","1.4085429906845093","1.4085429906845093"
"19777","1.6050235033035278","1.6050235033035278","1.6050235033035278"
"19784","1.64047110080719","1.64047110080719","1.64047110080719"
"19787","1.5375930070877075","1.5375930070877075","1.5375930070877075"
"19789","1.635667085647583","1.635667085647583","1.635667085647583"
"19805","1.5736212730407715","1.5736212730407715","1.5736212730407715"
"19809","1.5495624542236328","1.5495624542236328","1.5495624542236328"
"19818","1.638691782951355","1.638691782951355","1.638691782951355"
"19836","1.6057194471359253","1.6057194471359253","1.6057194471359253"
"19838","1.5727307796478271","1.5727307796478271","1.5727307796478271"
"19839","1.4474458694458008","1.4474458694458008","1.4474458694458008"
"19841","1.4635932445526123","1.4635932445526123","1.4635932445526123"
"19843","1.6114897727966309","1.6114897727966309","1.6114897727966309"
"19852","1.5948703289031982","1.5948703289031982","1.5948703289031982"
"19864","1.5521459579467773","1.5521459579467773","1.5521459579467773"
"19865","1.6204895973205566","1.6204895973205566","1.6204895973205566"
"19867","1.4767093658447266","1.4767093658447266","1.4767093658447266"
"19868","1.5279148817062378","1.5279148817062378","1.5279148817062378"
"19878","1.5697290897369385","1.5697290897369385","1.5697290897369385"
"19879","1.6120390892028809","1.6120390892028809","1.6120390892028809"
"19880","1.607574224472046","1.607574224472046","1.607574224472046"
"19883","1.5158495903015137","1.5158495903015137","1.5158495903015137"
"19888","1.5592797994613647","1.5592797994613647","1.5592797994613647"
"19891","1.4879330396652222","1.4879330396652222","1.4879330396652222"
"19899","1.470642328262329","1.470642328262329","1.470642328262329"
"19900","1.4552381038665771","1.4552381038665771","1.4552381038665771"
"19901","1.6309993267059326","1.6309993267059326","1.6309993267059326"
"19906","1.6701668500900269","1.6701668500900269","1.6701668500900269"
"19909","1.4972155094146729","1.4972155094146729","1.4972155094146729"
"19911","1.5726428031921387","1.5726428031921387","1.5726428031921387"
"19912","1.587202548980713","1.587202548980713","1.587202548980713"
"19916","1.6254676580429077","1.6254676580429077","1.6254676580429077"
"19918","1.7105295658111572","1.7105295658111572","1.7105295658111572"
"19921","1.6413533687591553","1.6413533687591553","1.6413533687591553"
"19924","1.5622611045837402","1.5622611045837402","1.5622611045837402"
"19929","1.569395899772644","1.569395899772644","1.569395899772644"
"19931","1.5015381574630737","1.5015381574630737","1.5015381574630737"
"19934","1.5271141529083252","1.5271141529083252","1.5271141529083252"
"19935","1.549502968788147","1.549502968788147","1.549502968788147"
"19937","1.475017786026001","1.475017786026001","1.475017786026001"
"19938","1.5312073230743408","1.5312073230743408","1.5312073230743408"
"19939","1.6384527683258057","1.6384527683258057","1.6384527683258057"
"19943","1.6016590595245361","1.6016590595245361","1.6016590595245361"
"19945","1.6379201412200928","1.6379201412200928","1.6379201412200928"
"19946","1.5132145881652832","1.5132145881652832","1.5132145881652832"
"19950","1.5357500314712524","1.5357500314712524","1.5357500314712524"
"19964","1.5853922367095947","1.5853922367095947","1.5853922367095947"
"19973","1.6582731008529663","1.6582731008529663","1.6582731008529663"
"19981","1.5604865550994873","1.5604865550994873","1.5604865550994873"
"19986","1.5203062295913696","1.5203062295913696","1.5203062295913696"
"19988","1.5629903078079224","1.5629903078079224","1.5629903078079224"
"19992","1.4711189270019531","1.4711189270019531","1.4711189270019531"
"20001","1.549235463142395","1.549235463142395","1.549235463142395"
"20010","1.502185583114624","1.502185583114624","1.502185583114624"
"20011","1.5576963424682617","1.5576963424682617","1.5576963424682617"
"20014","1.5161149501800537","1.5161149501800537","1.5161149501800537"
"20018","1.555133581161499","1.555133581161499","1.555133581161499"
"20019","1.543750524520874","1.543750524520874","1.543750524520874"
"20023","1.5296003818511963","1.5296003818511963","1.5296003818511963"
"20026","1.4293432235717773","1.4293432235717773","1.4293432235717773"
"20027","1.5320336818695068","1.5320336818695068","1.5320336818695068"
"20029","1.5484076738357544","1.5484076738357544","1.5484076738357544"
"20032","1.5878032445907593","1.5878032445907593","1.5878032445907593"
"20033","1.506047010421753","1.506047010421753","1.506047010421753"
"20041","1.622595191001892","1.622595191001892","1.622595191001892"
"20043","1.5070183277130127","1.5070183277130127","1.5070183277130127"
"20044","1.5582141876220703","1.5582141876220703","1.5582141876220703"
"20046","1.5094621181488037","1.5094621181488037","1.5094621181488037"
"20054","1.5396852493286133","1.5396852493286133","1.5396852493286133"
"20062","1.47826087474823","1.47826087474823","1.47826087474823"
"20066","1.6037778854370117","1.6037778854370117","1.6037778854370117"
"20069","1.626238226890564","1.626238226890564","1.626238226890564"
"20072","1.4111032485961914","1.4111032485961914","1.4111032485961914"
"20079","1.488899827003479","1.488899827003479","1.488899827003479"
"20088","1.5564817190170288","1.5564817190170288","1.5564817190170288"
"20092","1.5219783782958984","1.5219783782958984","1.5219783782958984"
"20101","1.5928834676742554","1.5928834676742554","1.5928834676742554"
"20115","1.5642223358154297","1.5642223358154297","1.5642223358154297"
"20118","1.5916359424591064","1.5916359424591064","1.5916359424591064"
"20120","1.5515635013580322","1.5515635013580322","1.5515635013580322"
"20122","1.6056681871414185","1.6056681871414185","1.6056681871414185"
"20129","1.5273473262786865","1.5273473262786865","1.5273473262786865"
"20130","1.5579710006713867","1.5579710006713867","1.5579710006713867"
"20131","1.6130506992340088","1.6130506992340088","1.6130506992340088"
"20135","1.4699516296386719","1.4699516296386719","1.4699516296386719"
"20137","1.4687880277633667","1.4687880277633667","1.4687880277633667"
"20153","1.5433974266052246","1.5433974266052246","1.5433974266052246"
"20156","1.4326221942901611","1.4326221942901611","1.4326221942901611"
"20157","1.544623851776123","1.544623851776123","1.544623851776123"
"20166","1.6173888444900513","1.6173888444900513","1.6173888444900513"
"20169","1.5463306903839111","1.5463306903839111","1.5463306903839111"
"20170","1.4768683910369873","1.4768683910369873","1.4768683910369873"
"20171","1.5121283531188965","1.5121283531188965","1.5121283531188965"
"20173","1.5485832691192627","1.5485832691192627","1.5485832691192627"
"20177","1.5159525871276855","1.5159525871276855","1.5159525871276855"
"20178","1.546292781829834","1.546292781829834","1.546292781829834"
"20179","1.505969524383545","1.505969524383545","1.505969524383545"
"20183","1.6481497287750244","1.6481497287750244","1.6481497287750244"
"20184","1.4920228719711304","1.4920228719711304","1.4920228719711304"
"20191","1.5380206108093262","1.5380206108093262","1.5380206108093262"
"20192","1.4148484468460083","1.4148484468460083","1.4148484468460083"
"20199","1.4815282821655273","1.4815282821655273","1.4815282821655273"
"20205","1.5796537399291992","1.5796537399291992","1.5796537399291992"
"20208","1.5662873983383179","1.5662873983383179","1.5662873983383179"
"20209","1.5740258693695068","1.5740258693695068","1.5740258693695068"
"20211","1.5315675735473633","1.5315675735473633","1.5315675735473633"
"20213","1.4696388244628906","1.4696388244628906","1.4696388244628906"
"20223","1.5135364532470703","1.5135364532470703","1.5135364532470703"
"20225","1.4089727401733398","1.4089727401733398","1.4089727401733398"
"20226","1.5041738748550415","1.5041738748550415","1.5041738748550415"
"20228","1.5351738929748535","1.5351738929748535","1.5351738929748535"
"20231","1.5163350105285645","1.5163350105285645","1.5163350105285645"
"20232","1.5941188335418701","1.5941188335418701","1.5941188335418701"
"20233","1.560356855392456","1.560356855392456","1.560356855392456"
"20237","1.4381892681121826","1.4381892681121826","1.4381892681121826"
"20239","1.5289299488067627","1.5289299488067627","1.5289299488067627"
"20241","1.5090956687927246","1.5090956687927246","1.5090956687927246"
"20249","1.6047942638397217","1.6047942638397217","1.6047942638397217"
"20252","1.4860053062438965","1.4860053062438965","1.4860053062438965"
"20253","1.5385050773620605","1.5385050773620605","1.5385050773620605"
"20257","1.3836848735809326","1.3836848735809326","1.3836848735809326"
"20259","1.5323460102081299","1.5323460102081299","1.5323460102081299"
"20265","1.5739378929138184","1.5739378929138184","1.5739378929138184"
"20266","1.4717971086502075","1.4717971086502075","1.4717971086502075"
"20268","1.6179126501083374","1.6179126501083374","1.6179126501083374"
"20271","1.5614347457885742","1.5614347457885742","1.5614347457885742"
"20273","1.5390214920043945","1.5390214920043945","1.5390214920043945"
"20277","1.5124744176864624","1.5124744176864624","1.5124744176864624"
"20278","1.5670497417449951","1.5670497417449951","1.5670497417449951"
"20280","1.5107920169830322","1.5107920169830322","1.5107920169830322"
"20285","1.5240962505340576","1.5240962505340576","1.5240962505340576"
"20288","1.576678991317749","1.576678991317749","1.576678991317749"
"20289","1.6656270027160645","1.6656270027160645","1.6656270027160645"
"20290","1.5156011581420898","1.5156011581420898","1.5156011581420898"
"20292","1.6714980602264404","1.6714980602264404","1.6714980602264404"
"20297","1.4700438976287842","1.4700438976287842","1.4700438976287842"
"20302","1.48035728931427","1.48035728931427","1.48035728931427"
"20305","1.6009135246276855","1.6009135246276855","1.6009135246276855"
"20311","1.575121521949768","1.575121521949768","1.575121521949768"
"20315","1.5044276714324951","1.5044276714324951","1.5044276714324951"
"20317","1.5886800289154053","1.5886800289154053","1.5886800289154053"
"20318","1.5428717136383057","1.5428717136383057","1.5428717136383057"
"20320","1.3749186992645264","1.3749186992645264","1.3749186992645264"
"20334","1.5908687114715576","1.5908687114715576","1.5908687114715576"
"20337","1.578420639038086","1.578420639038086","1.578420639038086"
"20338","1.6403353214263916","1.6403353214263916","1.6403353214263916"
"20341","1.538304090499878","1.538304090499878","1.538304090499878"
"20345","1.5934334993362427","1.5934334993362427","1.5934334993362427"
"20349","1.5265703201293945","1.5265703201293945","1.5265703201293945"
"20350","1.5312983989715576","1.5312983989715576","1.5312983989715576"
"20355","1.5379338264465332","1.5379338264465332","1.5379338264465332"
"20369","1.4842904806137085","1.4842904806137085","1.4842904806137085"
"20372","1.5525965690612793","1.5525965690612793","1.5525965690612793"
"20373","1.5580488443374634","1.5580488443374634","1.5580488443374634"
"20381","1.6089016199111938","1.6089016199111938","1.6089016199111938"
"20384","1.4219985008239746","1.4219985008239746","1.4219985008239746"
"20385","1.5344722270965576","1.5344722270965576","1.5344722270965576"
"20386","1.5454037189483643","1.5454037189483643","1.5454037189483643"
"20387","1.4570696353912354","1.4570696353912354","1.4570696353912354"
"20390","1.4246121644973755","1.4246121644973755","1.4246121644973755"
"20392","1.579754114151001","1.579754114151001","1.579754114151001"
"20393","1.589394450187683","1.589394450187683","1.589394450187683"
"20397","1.4291880130767822","1.4291880130767822","1.4291880130767822"
"20399","1.4837288856506348","1.4837288856506348","1.4837288856506348"
"20401","1.624537467956543","1.624537467956543","1.624537467956543"
"20407","1.5836985111236572","1.5836985111236572","1.5836985111236572"
"20411","1.5521873235702515","1.5521873235702515","1.5521873235702515"
"20416","1.4887876510620117","1.4887876510620117","1.4887876510620117"
"20418","1.5166301727294922","1.5166301727294922","1.5166301727294922"
"20421","1.4797974824905396","1.4797974824905396","1.4797974824905396"
"20423","1.6232872009277344","1.6232872009277344","1.6232872009277344"
"20425","1.417757511138916","1.417757511138916","1.417757511138916"
"20431","1.5174647569656372","1.5174647569656372","1.5174647569656372"
"20434","1.653377890586853","1.653377890586853","1.653377890586853"
"20435","1.418129563331604","1.418129563331604","1.418129563331604"
"20437","1.5874552726745605","1.5874552726745605","1.5874552726745605"
"20442","1.4830799102783203","1.4830799102783203","1.4830799102783203"
"20448","1.4642701148986816","1.4642701148986816","1.4642701148986816"
"20452","1.513738989830017","1.513738989830017","1.513738989830017"
"20454","1.4933233261108398","1.4933233261108398","1.4933233261108398"
"20459","1.4776148796081543","1.4776148796081543","1.4776148796081543"
"20462","1.5357575416564941","1.5357575416564941","1.5357575416564941"
"20463","1.5165398120880127","1.5165398120880127","1.5165398120880127"
"20476","1.432936668395996","1.432936668395996","1.432936668395996"
"20484","1.439785361289978","1.439785361289978","1.439785361289978"
"20489","1.5164518356323242","1.5164518356323242","1.5164518356323242"
"20491","1.5095555782318115","1.5095555782318115","1.5095555782318115"
"20493","1.5595901012420654","1.5595901012420654","1.5595901012420654"
"20494","1.510913610458374","1.510913610458374","1.510913610458374"
"20511","1.5659517049789429","1.5659517049789429","1.5659517049789429"
"20515","1.520905613899231","1.520905613899231","1.520905613899231"
"20525","1.4711583852767944","1.4711583852767944","1.4711583852767944"
"20532","1.4991741180419922","1.4991741180419922","1.4991741180419922"
"20535","1.5230262279510498","1.5230262279510498","1.5230262279510498"
"20538","1.5061018466949463","1.5061018466949463","1.5061018466949463"
"20539","1.43784761428833","1.43784761428833","1.43784761428833"
"20548","1.5077638626098633","1.5077638626098633","1.5077638626098633"
"20550","1.5296316146850586","1.5296316146850586","1.5296316146850586"
"20554","1.52784264087677","1.52784264087677","1.52784264087677"
"20557","1.5669926404953003","1.5669926404953003","1.5669926404953003"
"20564","1.4705259799957275","1.4705259799957275","1.4705259799957275"
"20568","1.479609727859497","1.479609727859497","1.479609727859497"
"20569","1.5747737884521484","1.5747737884521484","1.5747737884521484"
"20573","1.5756168365478516","1.5756168365478516","1.5756168365478516"
"20574","1.5855183601379395","1.5855183601379395","1.5855183601379395"
"20577","1.5910744667053223","1.5910744667053223","1.5910744667053223"
"20579","1.4482098817825317","1.4482098817825317","1.4482098817825317"
"20586","1.5368229150772095","1.5368229150772095","1.5368229150772095"
"20587","1.448115348815918","1.448115348815918","1.448115348815918"
"20588","1.569467306137085","1.569467306137085","1.569467306137085"
"20591","1.5366363525390625","1.5366363525390625","1.5366363525390625"
"20596","1.4968043565750122","1.4968043565750122","1.4968043565750122"
"20597","1.61018705368042","1.61018705368042","1.61018705368042"
"20602","1.5721855163574219","1.5721855163574219","1.5721855163574219"
"20607","1.49551260471344","1.49551260471344","1.49551260471344"
"20609","1.480135440826416","1.480135440826416","1.480135440826416"
"20616","1.4641283750534058","1.4641283750534058","1.4641283750534058"
"20618","1.438119649887085","1.438119649887085","1.438119649887085"
"20621","1.5849347114562988","1.5849347114562988","1.5849347114562988"
"20627","1.4580292701721191","1.4580292701721191","1.4580292701721191"
"20628","1.539337396621704","1.539337396621704","1.539337396621704"
"20633","1.6683628559112549","1.6683628559112549","1.6683628559112549"
"20636","1.519798994064331","1.519798994064331","1.519798994064331"
"20652","1.5913406610488892","1.5913406610488892","1.5913406610488892"
"20653","1.5215234756469727","1.5215234756469727","1.5215234756469727"
"20655","1.5970215797424316","1.5970215797424316","1.5970215797424316"
"20659","1.5581414699554443","1.5581414699554443","1.5581414699554443"
"20667","1.5340155363082886","1.5340155363082886","1.5340155363082886"
"20668","1.5077900886535645","1.5077900886535645","1.5077900886535645"
"20672","1.578432321548462","1.578432321548462","1.578432321548462"
"20683","1.5710220336914062","1.5710220336914062","1.5710220336914062"
"20690","1.5827069282531738","1.5827069282531738","1.5827069282531738"
"20693","1.5160775184631348","1.5160775184631348","1.5160775184631348"
"20695","1.4934477806091309","1.4934477806091309","1.4934477806091309"
"20706","1.5416369438171387","1.5416369438171387","1.5416369438171387"
"20708","1.5232632160186768","1.5232632160186768","1.5232632160186768"
"20709","1.4602866172790527","1.4602866172790527","1.4602866172790527"
"20713","1.489020586013794","1.489020586013794","1.489020586013794"
"20721","1.4877145290374756","1.4877145290374756","1.4877145290374756"
"20723","1.5068082809448242","1.5068082809448242","1.5068082809448242"
"20725","1.544965147972107","1.544965147972107","1.544965147972107"
"20728","1.4857139587402344","1.4857139587402344","1.4857139587402344"
"20731","1.5223289728164673","1.5223289728164673","1.5223289728164673"
"20748","1.556030035018921","1.556030035018921","1.556030035018921"
"20756","1.4868135452270508","1.4868135452270508","1.4868135452270508"
"20763","1.4349827766418457","1.4349827766418457","1.4349827766418457"
"20765","1.5646337270736694","1.5646337270736694","1.5646337270736694"
"20766","1.5172007083892822","1.5172007083892822","1.5172007083892822"
"20772","1.5722280740737915","1.5722280740737915","1.5722280740737915"
"20774","1.5533177852630615","1.5533177852630615","1.5533177852630615"
"20781","1.5147172212600708","1.5147172212600708","1.5147172212600708"
"20792","1.5743520259857178","1.5743520259857178","1.5743520259857178"
"20795","1.4891910552978516","1.4891910552978516","1.4891910552978516"
"20797","1.4623887538909912","1.4623887538909912","1.4623887538909912"
"20814","1.5031031370162964","1.5031031370162964","1.5031031370162964"
"20817","1.5373578071594238","1.5373578071594238","1.5373578071594238"
"20820","1.439166784286499","1.439166784286499","1.439166784286499"
"20828","1.5646626949310303","1.5646626949310303","1.5646626949310303"
"20831","1.4843103885650635","1.4843103885650635","1.4843103885650635"
"20833","1.488208293914795","1.488208293914795","1.488208293914795"
"20835","1.3841947317123413","1.3841947317123413","1.3841947317123413"
"20840","1.5024328231811523","1.5024328231811523","1.5024328231811523"
"20842","1.5043189525604248","1.5043189525604248","1.5043189525604248"
"20847","1.5837664604187012","1.5837664604187012","1.5837664604187012"
"20851","1.4955766201019287","1.4955766201019287","1.4955766201019287"
"20852","1.4909379482269287","1.4909379482269287","1.4909379482269287"
"20853","1.4600766897201538","1.4600766897201538","1.4600766897201538"
"20854","1.4574992656707764","1.4574992656707764","1.4574992656707764"
"20855","1.4669833183288574","1.4669833183288574","1.4669833183288574"
"20858","1.5087748765945435","1.5087748765945435","1.5087748765945435"
"20864","1.5102969408035278","1.5102969408035278","1.5102969408035278"
"20865","1.550316572189331","1.550316572189331","1.550316572189331"
"20866","1.5273410081863403","1.5273410081863403","1.5273410081863403"
"20868","1.5282652378082275","1.5282652378082275","1.5282652378082275"
"20872","1.5222959518432617","1.5222959518432617","1.5222959518432617"
"20873","1.4617518186569214","1.4617518186569214","1.4617518186569214"
"20880","1.5685884952545166","1.5685884952545166","1.5685884952545166"
"20884","1.4703655242919922","1.4703655242919922","1.4703655242919922"
"20891","1.5116684436798096","1.5116684436798096","1.5116684436798096"
"20893","1.526937484741211","1.526937484741211","1.526937484741211"
"20895","1.4450938701629639","1.4450938701629639","1.4450938701629639"
"20896","1.5422017574310303","1.5422017574310303","1.5422017574310303"
"20918","1.5102365016937256","1.5102365016937256","1.5102365016937256"
"20926","1.4677647352218628","1.4677647352218628","1.4677647352218628"
"20927","1.5413248538970947","1.5413248538970947","1.5413248538970947"
"20930","1.5365175008773804","1.5365175008773804","1.5365175008773804"
"20934","1.5152394771575928","1.5152394771575928","1.5152394771575928"
"20944","1.6148791313171387","1.6148791313171387","1.6148791313171387"
"20946","1.4983774423599243","1.4983774423599243","1.4983774423599243"
"20950","1.5343801975250244","1.5343801975250244","1.5343801975250244"
"20954","1.6601979732513428","1.6601979732513428","1.6601979732513428"
"20956","1.5264966487884521","1.5264966487884521","1.5264966487884521"
"20959","1.430372714996338","1.430372714996338","1.430372714996338"
"20971","1.4372092485427856","1.4372092485427856","1.4372092485427856"
"20973","1.494803786277771","1.494803786277771","1.494803786277771"
"20978","1.5056391954421997","1.5056391954421997","1.5056391954421997"
"20982","1.6043310165405273","1.6043310165405273","1.6043310165405273"
"20984","1.581451654434204","1.581451654434204","1.581451654434204"
"20987","1.5238749980926514","1.5238749980926514","1.5238749980926514"
"20993","1.4972584247589111","1.4972584247589111","1.4972584247589111"
"20995","1.5601184368133545","1.5601184368133545","1.5601184368133545"
"20997","1.4835009574890137","1.4835009574890137","1.4835009574890137"
"21001","1.443334698677063","1.443334698677063","1.443334698677063"
"21006","1.5125019550323486","1.5125019550323486","1.5125019550323486"
"21015","1.589599847793579","1.589599847793579","1.589599847793579"
"21018","1.589704990386963","1.589704990386963","1.589704990386963"
"21019","1.4874851703643799","1.4874851703643799","1.4874851703643799"
"21022","1.4437508583068848","1.4437508583068848","1.4437508583068848"
"21047","1.6733696460723877","1.6733696460723877","1.6733696460723877"
"21048","1.5210809707641602","1.5210809707641602","1.5210809707641602"
"21051","1.584324836730957","1.584324836730957","1.584324836730957"
"21056","1.538385033607483","1.538385033607483","1.538385033607483"
"21059","1.51572585105896","1.51572585105896","1.51572585105896"
"21060","1.573634147644043","1.573634147644043","1.573634147644043"
"21061","1.5559098720550537","1.5559098720550537","1.5559098720550537"
"21069","1.5300638675689697","1.5300638675689697","1.5300638675689697"
"21071","1.4243767261505127","1.4243767261505127","1.4243767261505127"
"21073","1.5090444087982178","1.5090444087982178","1.5090444087982178"
"21075","1.6632376909255981","1.6632376909255981","1.6632376909255981"
"21077","1.492019772529602","1.492019772529602","1.492019772529602"
"21079","1.5023078918457031","1.5023078918457031","1.5023078918457031"
"21083","1.5523369312286377","1.5523369312286377","1.5523369312286377"
"21084","1.5175904035568237","1.5175904035568237","1.5175904035568237"
"21089","1.4453731775283813","1.4453731775283813","1.4453731775283813"
"21092","1.4482288360595703","1.4482288360595703","1.4482288360595703"
"21093","1.3824453353881836","1.3824453353881836","1.3824453353881836"
"21096","1.4283792972564697","1.4283792972564697","1.4283792972564697"
"21098","1.466007947921753","1.466007947921753","1.466007947921753"
"21102","1.5400030612945557","1.5400030612945557","1.5400030612945557"
"21115","1.5222370624542236","1.5222370624542236","1.5222370624542236"
"21116","1.564576268196106","1.564576268196106","1.564576268196106"
"21118","1.5736125707626343","1.5736125707626343","1.5736125707626343"
"21120","1.4538629055023193","1.4538629055023193","1.4538629055023193"
"21123","1.5060226917266846","1.5060226917266846","1.5060226917266846"
"21128","1.5294690132141113","1.5294690132141113","1.5294690132141113"
"21135","1.4872736930847168","1.4872736930847168","1.4872736930847168"
"21137","1.597999930381775","1.597999930381775","1.597999930381775"
"21140","1.386973261833191","1.386973261833191","1.386973261833191"
"21141","1.4711817502975464","1.4711817502975464","1.4711817502975464"
"21143","1.5915449857711792","1.5915449857711792","1.5915449857711792"
"21144","1.5838701725006104","1.5838701725006104","1.5838701725006104"
"21149","1.6105761528015137","1.6105761528015137","1.6105761528015137"
"21151","1.5492514371871948","1.5492514371871948","1.5492514371871948"
"21152","1.568915605545044","1.568915605545044","1.568915605545044"
"21155","1.346866250038147","1.346866250038147","1.346866250038147"
"21157","1.5878229141235352","1.5878229141235352","1.5878229141235352"
"21160","1.425889492034912","1.425889492034912","1.425889492034912"
"21164","1.4854605197906494","1.4854605197906494","1.4854605197906494"
"21194","1.5448657274246216","1.5448657274246216","1.5448657274246216"
"21198","1.4951823949813843","1.4951823949813843","1.4951823949813843"
"21201","1.5667476654052734","1.5667476654052734","1.5667476654052734"
"21207","1.5187129974365234","1.5187129974365234","1.5187129974365234"
"21208","1.54813551902771","1.54813551902771","1.54813551902771"
"21218","1.409095287322998","1.409095287322998","1.409095287322998"
"21226","1.56284761428833","1.56284761428833","1.56284761428833"
"21230","1.5993835926055908","1.5993835926055908","1.5993835926055908"
"21243","1.5011498928070068","1.5011498928070068","1.5011498928070068"
"21254","1.5441144704818726","1.5441144704818726","1.5441144704818726"
"21256","1.4949440956115723","1.4949440956115723","1.4949440956115723"
"21268","1.5220298767089844","1.5220298767089844","1.5220298767089844"
"21271","1.6220602989196777","1.6220602989196777","1.6220602989196777"
"21274","1.55295729637146","1.55295729637146","1.55295729637146"
"21276","1.56524658203125","1.56524658203125","1.56524658203125"
"21278","1.4968724250793457","1.4968724250793457","1.4968724250793457"
"21279","1.5263532400131226","1.5263532400131226","1.5263532400131226"
"21282","1.5057793855667114","1.5057793855667114","1.5057793855667114"
"21284","1.5069687366485596","1.5069687366485596","1.5069687366485596"
"21290","1.5162687301635742","1.5162687301635742","1.5162687301635742"
"21298","1.4513885974884033","1.4513885974884033","1.4513885974884033"
"21305","1.5145057439804077","1.5145057439804077","1.5145057439804077"
"21306","1.506781816482544","1.506781816482544","1.506781816482544"
"21310","1.624574899673462","1.624574899673462","1.624574899673462"
"21311","1.5441378355026245","1.5441378355026245","1.5441378355026245"
"21312","1.4833674430847168","1.4833674430847168","1.4833674430847168"
"21314","1.5035585165023804","1.5035585165023804","1.5035585165023804"
"21324","1.5117948055267334","1.5117948055267334","1.5117948055267334"
"21327","1.4984252452850342","1.4984252452850342","1.4984252452850342"
"21338","1.4827144145965576","1.4827144145965576","1.4827144145965576"
"21341","1.466982364654541","1.466982364654541","1.466982364654541"
"21351","1.4670603275299072","1.4670603275299072","1.4670603275299072"
"21352","1.5236929655075073","1.5236929655075073","1.5236929655075073"
"21355","1.3849380016326904","1.3849380016326904","1.3849380016326904"
"21356","1.5543873310089111","1.5543873310089111","1.5543873310089111"
"21357","1.585869550704956","1.585869550704956","1.585869550704956"
"21363","1.5385518074035645","1.5385518074035645","1.5385518074035645"
"21364","1.4701776504516602","1.4701776504516602","1.4701776504516602"
"21370","1.4587643146514893","1.4587643146514893","1.4587643146514893"
"21382","1.45611572265625","1.45611572265625","1.45611572265625"
"21383","1.6558358669281006","1.6558358669281006","1.6558358669281006"
"21388","1.5229843854904175","1.5229843854904175","1.5229843854904175"
"21392","1.5882630348205566","1.5882630348205566","1.5882630348205566"
"21395","1.5429763793945312","1.5429763793945312","1.5429763793945312"
"21399","1.446779727935791","1.446779727935791","1.446779727935791"
"21404","1.5024776458740234","1.5024776458740234","1.5024776458740234"
"21410","1.5713034868240356","1.5713034868240356","1.5713034868240356"
"21414","1.4771831035614014","1.4771831035614014","1.4771831035614014"
"21429","1.567549467086792","1.567549467086792","1.567549467086792"
"21435","1.4034205675125122","1.4034205675125122","1.4034205675125122"
"21441","1.4781897068023682","1.4781897068023682","1.4781897068023682"
"21444","1.4722025394439697","1.4722025394439697","1.4722025394439697"
"21447","1.5129704475402832","1.5129704475402832","1.5129704475402832"
"21449","1.55703866481781","1.55703866481781","1.55703866481781"
"21450","1.5068445205688477","1.5068445205688477","1.5068445205688477"
"21459","1.550052285194397","1.550052285194397","1.550052285194397"
"21467","1.537152886390686","1.537152886390686","1.537152886390686"
"21472","1.6215603351593018","1.6215603351593018","1.6215603351593018"
"21474","1.656339406967163","1.656339406967163","1.656339406967163"
"21477","1.3908084630966187","1.3908084630966187","1.3908084630966187"
"21478","1.5601367950439453","1.5601367950439453","1.5601367950439453"
"21481","1.415963053703308","1.415963053703308","1.415963053703308"
"21487","1.53689706325531","1.53689706325531","1.53689706325531"
"21491","1.5294469594955444","1.5294469594955444","1.5294469594955444"
"21493","1.3969917297363281","1.3969917297363281","1.3969917297363281"
"21495","1.463864803314209","1.463864803314209","1.463864803314209"
"21500","1.557081699371338","1.557081699371338","1.557081699371338"
"21504","1.5210753679275513","1.5210753679275513","1.5210753679275513"
"21505","1.5285868644714355","1.5285868644714355","1.5285868644714355"
"21513","1.4811224937438965","1.4811224937438965","1.4811224937438965"
"21522","1.5881330966949463","1.5881330966949463","1.5881330966949463"
"21523","1.508905291557312","1.508905291557312","1.508905291557312"
"21528","1.417240858078003","1.417240858078003","1.417240858078003"
"21530","1.5555931329727173","1.5555931329727173","1.5555931329727173"
"21531","1.442673683166504","1.442673683166504","1.442673683166504"
"21546","1.4680547714233398","1.4680547714233398","1.4680547714233398"
"21547","1.602947473526001","1.602947473526001","1.602947473526001"
"21549","1.4042928218841553","1.4042928218841553","1.4042928218841553"
"21565","1.552746295928955","1.552746295928955","1.552746295928955"
"21573","1.5053118467330933","1.5053118467330933","1.5053118467330933"
"21574","1.525443434715271","1.525443434715271","1.525443434715271"
"21582","1.4488356113433838","1.4488356113433838","1.4488356113433838"
"21587","1.4653294086456299","1.4653294086456299","1.4653294086456299"
"21588","1.6279797554016113","1.6279797554016113","1.6279797554016113"
"21590","1.5123392343521118","1.5123392343521118","1.5123392343521118"
"21593","1.4019579887390137","1.4019579887390137","1.4019579887390137"
"21594","1.5434820652008057","1.5434820652008057","1.5434820652008057"
"21597","1.419264316558838","1.419264316558838","1.419264316558838"
"21598","1.4698915481567383","1.4698915481567383","1.4698915481567383"
"21603","1.4588950872421265","1.4588950872421265","1.4588950872421265"
"21604","1.424700140953064","1.424700140953064","1.424700140953064"
"21614","1.4640060663223267","1.4640060663223267","1.4640060663223267"
"21621","1.5523457527160645","1.5523457527160645","1.5523457527160645"
"21622","1.4979722499847412","1.4979722499847412","1.4979722499847412"
"21625","1.4900445938110352","1.4900445938110352","1.4900445938110352"
"21630","1.4861032962799072","1.4861032962799072","1.4861032962799072"
"21633","1.5043318271636963","1.5043318271636963","1.5043318271636963"
"21639","1.6256308555603027","1.6256308555603027","1.6256308555603027"
"21641","1.607450008392334","1.607450008392334","1.607450008392334"
"21651","1.5224937200546265","1.5224937200546265","1.5224937200546265"
"21657","1.4359948635101318","1.4359948635101318","1.4359948635101318"
"21658","1.4947969913482666","1.4947969913482666","1.4947969913482666"
"21660","1.4837377071380615","1.4837377071380615","1.4837377071380615"
"21664","1.6085309982299805","1.6085309982299805","1.6085309982299805"
"21666","1.5266330242156982","1.5266330242156982","1.5266330242156982"
"21667","1.5695488452911377","1.5695488452911377","1.5695488452911377"
"21670","1.465978980064392","1.465978980064392","1.465978980064392"
"21677","1.526477575302124","1.526477575302124","1.526477575302124"
"21684","1.5630979537963867","1.5630979537963867","1.5630979537963867"
"21693","1.4237091541290283","1.4237091541290283","1.4237091541290283"
"21695","1.4978458881378174","1.4978458881378174","1.4978458881378174"
"21698","1.597347617149353","1.597347617149353","1.597347617149353"
"21703","1.5311919450759888","1.5311919450759888","1.5311919450759888"
"21707","1.4454106092453003","1.4454106092453003","1.4454106092453003"
"21708","1.6181797981262207","1.6181797981262207","1.6181797981262207"
"21714","1.592405080795288","1.592405080795288","1.592405080795288"
"21716","1.5417068004608154","1.5417068004608154","1.5417068004608154"
"21723","1.566280484199524","1.566280484199524","1.566280484199524"
"21729","1.640578031539917","1.640578031539917","1.640578031539917"
"21730","1.4338805675506592","1.4338805675506592","1.4338805675506592"
"21737","1.450753927230835","1.450753927230835","1.450753927230835"
"21738","1.4554080963134766","1.4554080963134766","1.4554080963134766"
"21740","1.5150947570800781","1.5150947570800781","1.5150947570800781"
"21747","1.4736015796661377","1.4736015796661377","1.4736015796661377"
"21748","1.5372226238250732","1.5372226238250732","1.5372226238250732"
"21757","1.6052770614624023","1.6052770614624023","1.6052770614624023"
"21762","1.4383609294891357","1.4383609294891357","1.4383609294891357"
"21765","1.4989079236984253","1.4989079236984253","1.4989079236984253"
"21770","1.4206244945526123","1.4206244945526123","1.4206244945526123"
"21774","1.4834566116333008","1.4834566116333008","1.4834566116333008"
"21778","1.5357666015625","1.5357666015625","1.5357666015625"
"21783","1.565290927886963","1.565290927886963","1.565290927886963"
"21784","1.736854076385498","1.736854076385498","1.736854076385498"
"21787","1.3782422542572021","1.3782422542572021","1.3782422542572021"
"21788","1.489310622215271","1.489310622215271","1.489310622215271"
"21801","1.47812819480896","1.47812819480896","1.47812819480896"
"21806","1.4175801277160645","1.4175801277160645","1.4175801277160645"
"21809","1.5314431190490723","1.5314431190490723","1.5314431190490723"
"21812","1.4353396892547607","1.4353396892547607","1.4353396892547607"
"21816","1.4895943403244019","1.4895943403244019","1.4895943403244019"
"21820","1.5155075788497925","1.5155075788497925","1.5155075788497925"
"21829","1.6261332035064697","1.6261332035064697","1.6261332035064697"
"21831","1.4415618181228638","1.4415618181228638","1.4415618181228638"
"21832","1.620638370513916","1.620638370513916","1.620638370513916"
"21853","1.526533842086792","1.526533842086792","1.526533842086792"
"21855","1.4773533344268799","1.4773533344268799","1.4773533344268799"
"21856","1.5582544803619385","1.5582544803619385","1.5582544803619385"
"21861","1.6263353824615479","1.6263353824615479","1.6263353824615479"
"21866","1.4975625276565552","1.4975625276565552","1.4975625276565552"
"21876","1.5107649564743042","1.5107649564743042","1.5107649564743042"
"21880","1.3623924255371094","1.3623924255371094","1.3623924255371094"
"21881","1.5435285568237305","1.5435285568237305","1.5435285568237305"
"21882","1.6463357210159302","1.6463357210159302","1.6463357210159302"
"21886","1.4609334468841553","1.4609334468841553","1.4609334468841553"
"21887","1.4944050312042236","1.4944050312042236","1.4944050312042236"
"21889","1.5110702514648438","1.5110702514648438","1.5110702514648438"
"21890","1.439899206161499","1.439899206161499","1.439899206161499"
"21892","1.4901649951934814","1.4901649951934814","1.4901649951934814"
"21893","1.5743887424468994","1.5743887424468994","1.5743887424468994"
"21895","1.4782006740570068","1.4782006740570068","1.4782006740570068"
"21898","1.567070722579956","1.567070722579956","1.567070722579956"
"21900","1.5838449001312256","1.5838449001312256","1.5838449001312256"
"21901","1.5104365348815918","1.5104365348815918","1.5104365348815918"
"21902","1.5361894369125366","1.5361894369125366","1.5361894369125366"
"21907","1.5594868659973145","1.5594868659973145","1.5594868659973145"
"21913","1.48335862159729","1.48335862159729","1.48335862159729"
"21915","1.5409209728240967","1.5409209728240967","1.5409209728240967"
"21920","1.5929585695266724","1.5929585695266724","1.5929585695266724"
"21923","1.4239943027496338","1.4239943027496338","1.4239943027496338"
"21925","1.5756375789642334","1.5756375789642334","1.5756375789642334"
"21931","1.6303106546401978","1.6303106546401978","1.6303106546401978"
"21933","1.5550596714019775","1.5550596714019775","1.5550596714019775"
"21937","1.525213599205017","1.525213599205017","1.525213599205017"
"21947","1.4398374557495117","1.4398374557495117","1.4398374557495117"
"21950","1.4808762073516846","1.4808762073516846","1.4808762073516846"
"21953","1.4665284156799316","1.4665284156799316","1.4665284156799316"
"21955","1.45026695728302","1.45026695728302","1.45026695728302"
"21962","1.4964630603790283","1.4964630603790283","1.4964630603790283"
"21970","1.3917624950408936","1.3917624950408936","1.3917624950408936"
"21971","1.5244072675704956","1.5244072675704956","1.5244072675704956"
"21976","1.4071218967437744","1.4071218967437744","1.4071218967437744"
"21985","1.4249317646026611","1.4249317646026611","1.4249317646026611"
"21986","1.5626237392425537","1.5626237392425537","1.5626237392425537"
"21988","1.5176687240600586","1.5176687240600586","1.5176687240600586"
"22000","1.545779824256897","1.545779824256897","1.545779824256897"
"22003","1.5180751085281372","1.5180751085281372","1.5180751085281372"
"22005","1.5150854587554932","1.5150854587554932","1.5150854587554932"
"22006","1.5253407955169678","1.5253407955169678","1.5253407955169678"
"22007","1.5028685331344604","1.5028685331344604","1.5028685331344604"
"22010","1.5057508945465088","1.5057508945465088","1.5057508945465088"
"22011","1.5759719610214233","1.5759719610214233","1.5759719610214233"
"22022","1.4774339199066162","1.4774339199066162","1.4774339199066162"
"22023","1.4731674194335938","1.4731674194335938","1.4731674194335938"
"22024","1.4054200649261475","1.4054200649261475","1.4054200649261475"
"22026","1.4710367918014526","1.4710367918014526","1.4710367918014526"
"22028","1.3940937519073486","1.3940937519073486","1.3940937519073486"
"22033","1.5601409673690796","1.5601409673690796","1.5601409673690796"
"22050","1.5147076845169067","1.5147076845169067","1.5147076845169067"
"22053","1.3984920978546143","1.3984920978546143","1.3984920978546143"
"22060","1.4780408143997192","1.4780408143997192","1.4780408143997192"
"22063","1.4501280784606934","1.4501280784606934","1.4501280784606934"
"22064","1.478524923324585","1.478524923324585","1.478524923324585"
"22065","1.5095936059951782","1.5095936059951782","1.5095936059951782"
"22071","1.5013288259506226","1.5013288259506226","1.5013288259506226"
"22076","1.4474716186523438","1.4474716186523438","1.4474716186523438"
"22080","1.4897351264953613","1.4897351264953613","1.4897351264953613"
"22081","1.5354034900665283","1.5354034900665283","1.5354034900665283"
"22082","1.563835859298706","1.563835859298706","1.563835859298706"
"22084","1.4912575483322144","1.4912575483322144","1.4912575483322144"
"22087","1.447696566581726","1.447696566581726","1.447696566581726"
"22088","1.6607048511505127","1.6607048511505127","1.6607048511505127"
"22089","1.5066365003585815","1.5066365003585815","1.5066365003585815"
"22091","1.5555191040039062","1.5555191040039062","1.5555191040039062"
"22106","1.514345407485962","1.514345407485962","1.514345407485962"
"22107","1.50179123878479","1.50179123878479","1.50179123878479"
"22108","1.4992982149124146","1.4992982149124146","1.4992982149124146"
"22117","1.484721064567566","1.484721064567566","1.484721064567566"
"22118","1.5791460275650024","1.5791460275650024","1.5791460275650024"
"22120","1.4707939624786377","1.4707939624786377","1.4707939624786377"
"22128","1.4484679698944092","1.4484679698944092","1.4484679698944092"
"22133","1.4827672243118286","1.4827672243118286","1.4827672243118286"
"22134","1.5664761066436768","1.5664761066436768","1.5664761066436768"
"22141","1.4008448123931885","1.4008448123931885","1.4008448123931885"
"22145","1.4156845808029175","1.4156845808029175","1.4156845808029175"
"22147","1.478367567062378","1.478367567062378","1.478367567062378"
"22152","1.5000214576721191","1.5000214576721191","1.5000214576721191"
"22153","1.4123284816741943","1.4123284816741943","1.4123284816741943"
"22160","1.5480177402496338","1.5480177402496338","1.5480177402496338"
"22161","1.444987177848816","1.444987177848816","1.444987177848816"
"22173","1.5036958456039429","1.5036958456039429","1.5036958456039429"
"22176","1.4289381504058838","1.4289381504058838","1.4289381504058838"
"22177","1.66286301612854","1.66286301612854","1.66286301612854"
"22183","1.4384872913360596","1.4384872913360596","1.4384872913360596"
"22191","1.5497851371765137","1.5497851371765137","1.5497851371765137"
"22194","1.501140832901001","1.501140832901001","1.501140832901001"
"22195","1.4087806940078735","1.4087806940078735","1.4087806940078735"
"22197","1.4890196323394775","1.4890196323394775","1.4890196323394775"
"22201","1.4693613052368164","1.4693613052368164","1.4693613052368164"
"22205","1.5761380195617676","1.5761380195617676","1.5761380195617676"
"22208","1.5397100448608398","1.5397100448608398","1.5397100448608398"
"22214","1.5363798141479492","1.5363798141479492","1.5363798141479492"
"22216","1.4702410697937012","1.4702410697937012","1.4702410697937012"
"22218","1.4977009296417236","1.4977009296417236","1.4977009296417236"
"22228","1.4540619850158691","1.4540619850158691","1.4540619850158691"
"22229","1.5032752752304077","1.5032752752304077","1.5032752752304077"
"22238","1.3436832427978516","1.3436832427978516","1.3436832427978516"
"22245","1.4915485382080078","1.4915485382080078","1.4915485382080078"
"22256","1.5221660137176514","1.5221660137176514","1.5221660137176514"
"22269","1.6233234405517578","1.6233234405517578","1.6233234405517578"
"22272","1.4587440490722656","1.4587440490722656","1.4587440490722656"
"22279","1.5347518920898438","1.5347518920898438","1.5347518920898438"
"22284","1.5310180187225342","1.5310180187225342","1.5310180187225342"
"22285","1.503830909729004","1.503830909729004","1.503830909729004"
"22288","1.4665106534957886","1.4665106534957886","1.4665106534957886"
"22289","1.5000300407409668","1.5000300407409668","1.5000300407409668"
"22291","1.480567455291748","1.480567455291748","1.480567455291748"
"22301","1.4568873643875122","1.4568873643875122","1.4568873643875122"
"22309","1.5247955322265625","1.5247955322265625","1.5247955322265625"
"22312","1.5436543226242065","1.5436543226242065","1.5436543226242065"
"22317","1.4887936115264893","1.4887936115264893","1.4887936115264893"
"22318","1.4093656539916992","1.4093656539916992","1.4093656539916992"
"22321","1.4896609783172607","1.4896609783172607","1.4896609783172607"
"22333","1.5811715126037598","1.5811715126037598","1.5811715126037598"
"22335","1.4868097305297852","1.4868097305297852","1.4868097305297852"
"22337","1.4734673500061035","1.4734673500061035","1.4734673500061035"
"22340","1.5436780452728271","1.5436780452728271","1.5436780452728271"
"22344","1.529918909072876","1.529918909072876","1.529918909072876"
"22345","1.4368211030960083","1.4368211030960083","1.4368211030960083"
"22352","1.4015614986419678","1.4015614986419678","1.4015614986419678"
"22358","1.4934180974960327","1.4934180974960327","1.4934180974960327"
"22361","1.4402482509613037","1.4402482509613037","1.4402482509613037"
"22365","1.5508527755737305","1.5508527755737305","1.5508527755737305"
"22375","1.4993749856948853","1.4993749856948853","1.4993749856948853"
"22379","1.4530880451202393","1.4530880451202393","1.4530880451202393"
"22384","1.4226608276367188","1.4226608276367188","1.4226608276367188"
"22387","1.4966259002685547","1.4966259002685547","1.4966259002685547"
"22388","1.5491594076156616","1.5491594076156616","1.5491594076156616"
"22391","1.4794862270355225","1.4794862270355225","1.4794862270355225"
"22392","1.4295158386230469","1.4295158386230469","1.4295158386230469"
"22393","1.4988279342651367","1.4988279342651367","1.4988279342651367"
"22397","1.601863980293274","1.601863980293274","1.601863980293274"
"22401","1.6082863807678223","1.6082863807678223","1.6082863807678223"
"22406","1.5222971439361572","1.5222971439361572","1.5222971439361572"
"22426","1.515089750289917","1.515089750289917","1.515089750289917"
"22427","1.4100408554077148","1.4100408554077148","1.4100408554077148"
"22429","1.6189641952514648","1.6189641952514648","1.6189641952514648"
"22431","1.5161715745925903","1.5161715745925903","1.5161715745925903"
"22433","1.7017664909362793","1.7017664909362793","1.7017664909362793"
"22447","1.474370002746582","1.474370002746582","1.474370002746582"
"22452","1.492861032485962","1.492861032485962","1.492861032485962"
"22457","1.522156000137329","1.522156000137329","1.522156000137329"
"22458","1.4848302602767944","1.4848302602767944","1.4848302602767944"
"22467","1.4754323959350586","1.4754323959350586","1.4754323959350586"
"22469","1.448645830154419","1.448645830154419","1.448645830154419"
"22481","1.4950759410858154","1.4950759410858154","1.4950759410858154"
"22486","1.500366449356079","1.500366449356079","1.500366449356079"
"22487","1.4378583431243896","1.4378583431243896","1.4378583431243896"
"22493","1.5354466438293457","1.5354466438293457","1.5354466438293457"
"22496","1.4915399551391602","1.4915399551391602","1.4915399551391602"
"22502","1.5425434112548828","1.5425434112548828","1.5425434112548828"
"22511","1.4598839282989502","1.4598839282989502","1.4598839282989502"
"22514","1.485579013824463","1.485579013824463","1.485579013824463"
"22515","1.589308261871338","1.589308261871338","1.589308261871338"
"22516","1.4452775716781616","1.4452775716781616","1.4452775716781616"
"22524","1.476737141609192","1.476737141609192","1.476737141609192"
"22527","1.5173137187957764","1.5173137187957764","1.5173137187957764"
"22531","1.5780818462371826","1.5780818462371826","1.5780818462371826"
"22535","1.4922468662261963","1.4922468662261963","1.4922468662261963"
"22536","1.6117998361587524","1.6117998361587524","1.6117998361587524"
"22538","1.5522260665893555","1.5522260665893555","1.5522260665893555"
"22544","1.5430326461791992","1.5430326461791992","1.5430326461791992"
"22550","1.5474826097488403","1.5474826097488403","1.5474826097488403"
"22552","1.4334516525268555","1.4334516525268555","1.4334516525268555"
"22556","1.5282933712005615","1.5282933712005615","1.5282933712005615"
"22566","1.5829734802246094","1.5829734802246094","1.5829734802246094"
"22574","1.5436193943023682","1.5436193943023682","1.5436193943023682"
"22577","1.4339604377746582","1.4339604377746582","1.4339604377746582"
"22578","1.4947588443756104","1.4947588443756104","1.4947588443756104"
"22581","1.5048608779907227","1.5048608779907227","1.5048608779907227"
"22594","1.531833291053772","1.531833291053772","1.531833291053772"
"22598","1.5185723304748535","1.5185723304748535","1.5185723304748535"
"22599","1.452664852142334","1.452664852142334","1.452664852142334"
"22600","1.5124852657318115","1.5124852657318115","1.5124852657318115"
"22605","1.6338989734649658","1.6338989734649658","1.6338989734649658"
"22606","1.5063090324401855","1.5063090324401855","1.5063090324401855"
"22608","1.461451530456543","1.461451530456543","1.461451530456543"
"22610","1.456270456314087","1.456270456314087","1.456270456314087"
"22615","1.6293818950653076","1.6293818950653076","1.6293818950653076"
"22618","1.4390285015106201","1.4390285015106201","1.4390285015106201"
"22632","1.4445440769195557","1.4445440769195557","1.4445440769195557"
"22635","1.4478448629379272","1.4478448629379272","1.4478448629379272"
"22637","1.4972858428955078","1.4972858428955078","1.4972858428955078"
"22644","1.4216368198394775","1.4216368198394775","1.4216368198394775"
"22645","1.5591025352478027","1.5591025352478027","1.5591025352478027"
"22647","1.4321415424346924","1.4321415424346924","1.4321415424346924"
"22649","1.5004584789276123","1.5004584789276123","1.5004584789276123"
"22651","1.4868922233581543","1.4868922233581543","1.4868922233581543"
"22661","1.474088191986084","1.474088191986084","1.474088191986084"
"22667","1.4946777820587158","1.4946777820587158","1.4946777820587158"
"22670","1.4399465322494507","1.4399465322494507","1.4399465322494507"
"22678","1.5286366939544678","1.5286366939544678","1.5286366939544678"
"22683","1.5063560009002686","1.5063560009002686","1.5063560009002686"
"22689","1.543681025505066","1.543681025505066","1.543681025505066"
"22694","1.5297938585281372","1.5297938585281372","1.5297938585281372"
"22705","1.4353306293487549","1.4353306293487549","1.4353306293487549"
"22706","1.4214026927947998","1.4214026927947998","1.4214026927947998"
"22712","1.50722336769104","1.50722336769104","1.50722336769104"
"22714","1.5694775581359863","1.5694775581359863","1.5694775581359863"
"22716","1.5906658172607422","1.5906658172607422","1.5906658172607422"
"22718","1.411345362663269","1.411345362663269","1.411345362663269"
"22724","1.4698083400726318","1.4698083400726318","1.4698083400726318"
"22729","1.39592444896698","1.39592444896698","1.39592444896698"
"22730","1.4657022953033447","1.4657022953033447","1.4657022953033447"
"22736","1.598872184753418","1.598872184753418","1.598872184753418"
"22747","1.5291426181793213","1.5291426181793213","1.5291426181793213"
"22759","1.4407663345336914","1.4407663345336914","1.4407663345336914"
"22772","1.5433635711669922","1.5433635711669922","1.5433635711669922"
"22781","1.5145635604858398","1.5145635604858398","1.5145635604858398"
"22790","1.5502650737762451","1.5502650737762451","1.5502650737762451"
"22795","1.4756983518600464","1.4756983518600464","1.4756983518600464"
"22803","1.5349886417388916","1.5349886417388916","1.5349886417388916"
"22805","1.402750015258789","1.402750015258789","1.402750015258789"
"22807","1.454613208770752","1.454613208770752","1.454613208770752"
"22812","1.4814879894256592","1.4814879894256592","1.4814879894256592"
"22814","1.5079447031021118","1.5079447031021118","1.5079447031021118"
"22815","1.487075686454773","1.487075686454773","1.487075686454773"
"22817","1.4836186170578003","1.4836186170578003","1.4836186170578003"
"22819","1.520630121231079","1.520630121231079","1.520630121231079"
"22820","1.4328484535217285","1.4328484535217285","1.4328484535217285"
"22821","1.484254002571106","1.484254002571106","1.484254002571106"
"22825","1.5582265853881836","1.5582265853881836","1.5582265853881836"
"22827","1.4955527782440186","1.4955527782440186","1.4955527782440186"
"22828","1.6352860927581787","1.6352860927581787","1.6352860927581787"
"22833","1.6744170188903809","1.6744170188903809","1.6744170188903809"
"22836","1.4384245872497559","1.4384245872497559","1.4384245872497559"
"22837","1.5455697774887085","1.5455697774887085","1.5455697774887085"
"22838","1.4740760326385498","1.4740760326385498","1.4740760326385498"
"22844","1.5175650119781494","1.5175650119781494","1.5175650119781494"
"22847","1.4385497570037842","1.4385497570037842","1.4385497570037842"
"22849","1.509039044380188","1.509039044380188","1.509039044380188"
"22852","1.4623358249664307","1.4623358249664307","1.4623358249664307"
"22853","1.5191737413406372","1.5191737413406372","1.5191737413406372"
"22861","1.4691030979156494","1.4691030979156494","1.4691030979156494"
"22862","1.5580503940582275","1.5580503940582275","1.5580503940582275"
"22866","1.4715576171875","1.4715576171875","1.4715576171875"
"22867","1.4918344020843506","1.4918344020843506","1.4918344020843506"
"22869","1.5717434883117676","1.5717434883117676","1.5717434883117676"
"22870","1.4990944862365723","1.4990944862365723","1.4990944862365723"
"22880","1.484168529510498","1.484168529510498","1.484168529510498"
"22886","1.591193675994873","1.591193675994873","1.591193675994873"
"22891","1.4055876731872559","1.4055876731872559","1.4055876731872559"
"22892","1.502101182937622","1.502101182937622","1.502101182937622"
"22893","1.576850414276123","1.576850414276123","1.576850414276123"
"22897","1.6143194437026978","1.6143194437026978","1.6143194437026978"
"22900","1.5619629621505737","1.5619629621505737","1.5619629621505737"
"22901","1.486788034439087","1.486788034439087","1.486788034439087"
"22917","1.5616434812545776","1.5616434812545776","1.5616434812545776"
"22922","1.6229515075683594","1.6229515075683594","1.6229515075683594"
"22924","1.4323925971984863","1.4323925971984863","1.4323925971984863"
"22927","1.5178554058074951","1.5178554058074951","1.5178554058074951"
"22931","1.5269191265106201","1.5269191265106201","1.5269191265106201"
"22936","1.6325968503952026","1.6325968503952026","1.6325968503952026"
"22937","1.467145562171936","1.467145562171936","1.467145562171936"
"22946","1.571197509765625","1.571197509765625","1.571197509765625"
"22951","1.5878255367279053","1.5878255367279053","1.5878255367279053"
"22955","1.520651936531067","1.520651936531067","1.520651936531067"
"22957","1.4824492931365967","1.4824492931365967","1.4824492931365967"
"22959","1.5157082080841064","1.5157082080841064","1.5157082080841064"
"22960","1.5508418083190918","1.5508418083190918","1.5508418083190918"
"22961","1.5767335891723633","1.5767335891723633","1.5767335891723633"
"22962","1.5900354385375977","1.5900354385375977","1.5900354385375977"
"22966","1.4905364513397217","1.4905364513397217","1.4905364513397217"
"22967","1.4645838737487793","1.4645838737487793","1.4645838737487793"
"22972","1.4708764553070068","1.4708764553070068","1.4708764553070068"
"22974","1.5345726013183594","1.5345726013183594","1.5345726013183594"
"22976","1.5175925493240356","1.5175925493240356","1.5175925493240356"
"22977","1.4613113403320312","1.4613113403320312","1.4613113403320312"
"22978","1.4736517667770386","1.4736517667770386","1.4736517667770386"
"22988","1.4920330047607422","1.4920330047607422","1.4920330047607422"
"22994","1.4474214315414429","1.4474214315414429","1.4474214315414429"
"23000","1.5149660110473633","1.5149660110473633","1.5149660110473633"
"23001","1.560991883277893","1.560991883277893","1.560991883277893"
"23003","1.402870535850525","1.402870535850525","1.402870535850525"
"23005","1.5516796112060547","1.5516796112060547","1.5516796112060547"
"23006","1.5892432928085327","1.5892432928085327","1.5892432928085327"
"23010","1.6325159072875977","1.6325159072875977","1.6325159072875977"
"23011","1.4382210969924927","1.4382210969924927","1.4382210969924927"
"23012","1.4440934658050537","1.4440934658050537","1.4440934658050537"
"23014","1.5394227504730225","1.5394227504730225","1.5394227504730225"
"23018","1.4503648281097412","1.4503648281097412","1.4503648281097412"
"23020","1.576834797859192","1.576834797859192","1.576834797859192"
"23021","1.4834178686141968","1.4834178686141968","1.4834178686141968"
"23024","1.4727439880371094","1.4727439880371094","1.4727439880371094"
"23031","1.4858616590499878","1.4858616590499878","1.4858616590499878"
"23034","1.419020175933838","1.419020175933838","1.419020175933838"
"23036","1.5591425895690918","1.5591425895690918","1.5591425895690918"
"23039","1.5709106922149658","1.5709106922149658","1.5709106922149658"
"23043","1.4820014238357544","1.4820014238357544","1.4820014238357544"
"23046","1.6149628162384033","1.6149628162384033","1.6149628162384033"
"23048","1.4967236518859863","1.4967236518859863","1.4967236518859863"
"23055","1.5494542121887207","1.5494542121887207","1.5494542121887207"
"23056","1.5113813877105713","1.5113813877105713","1.5113813877105713"
"23067","1.5022101402282715","1.5022101402282715","1.5022101402282715"
"23074","1.543990135192871","1.543990135192871","1.543990135192871"
"23077","1.4820305109024048","1.4820305109024048","1.4820305109024048"
"23080","1.5420008897781372","1.5420008897781372","1.5420008897781372"
"23084","1.4581198692321777","1.4581198692321777","1.4581198692321777"
"23087","1.494673728942871","1.494673728942871","1.494673728942871"
"23090","1.4388412237167358","1.4388412237167358","1.4388412237167358"
"23091","1.548764705657959","1.548764705657959","1.548764705657959"
"23099","1.4260845184326172","1.4260845184326172","1.4260845184326172"
"23101","1.4591819047927856","1.4591819047927856","1.4591819047927856"
"23106","1.4259676933288574","1.4259676933288574","1.4259676933288574"
"23110","1.4598963260650635","1.4598963260650635","1.4598963260650635"
"23120","1.4715023040771484","1.4715023040771484","1.4715023040771484"
"23125","1.5554866790771484","1.5554866790771484","1.5554866790771484"
"23132","1.4802756309509277","1.4802756309509277","1.4802756309509277"
"23136","1.508882761001587","1.508882761001587","1.508882761001587"
"23139","1.37795090675354","1.37795090675354","1.37795090675354"
"23140","1.478485345840454","1.478485345840454","1.478485345840454"
"23142","1.5614163875579834","1.5614163875579834","1.5614163875579834"
"23143","1.481799840927124","1.481799840927124","1.481799840927124"
"23150","1.4561669826507568","1.4561669826507568","1.4561669826507568"
"23154","1.3840587139129639","1.3840587139129639","1.3840587139129639"
"23159","1.5715200901031494","1.5715200901031494","1.5715200901031494"
"23163","1.526530385017395","1.526530385017395","1.526530385017395"
"23165","1.4311027526855469","1.4311027526855469","1.4311027526855469"
"23171","1.6575552225112915","1.6575552225112915","1.6575552225112915"
"23176","1.4238721132278442","1.4238721132278442","1.4238721132278442"
"23179","1.5331385135650635","1.5331385135650635","1.5331385135650635"
"23182","1.4180443286895752","1.4180443286895752","1.4180443286895752"
"23189","1.4102964401245117","1.4102964401245117","1.4102964401245117"
"23192","1.5077776908874512","1.5077776908874512","1.5077776908874512"
"23195","1.4813053607940674","1.4813053607940674","1.4813053607940674"
"23201","1.43632173538208","1.43632173538208","1.43632173538208"
"23207","1.4855494499206543","1.4855494499206543","1.4855494499206543"
"23215","1.5116994380950928","1.5116994380950928","1.5116994380950928"
"23219","1.5694571733474731","1.5694571733474731","1.5694571733474731"
"23224","1.518155813217163","1.518155813217163","1.518155813217163"
"23226","1.4404264688491821","1.4404264688491821","1.4404264688491821"
"23227","1.408147931098938","1.408147931098938","1.408147931098938"
"23231","1.4647572040557861","1.4647572040557861","1.4647572040557861"
"23232","1.4887818098068237","1.4887818098068237","1.4887818098068237"
"23236","1.517247200012207","1.517247200012207","1.517247200012207"
"23238","1.566934585571289","1.566934585571289","1.566934585571289"
"23246","1.6189051866531372","1.6189051866531372","1.6189051866531372"
"23248","1.5882562398910522","1.5882562398910522","1.5882562398910522"
"23260","1.6091108322143555","1.6091108322143555","1.6091108322143555"
"23263","1.4255027770996094","1.4255027770996094","1.4255027770996094"
"23274","1.640305757522583","1.640305757522583","1.640305757522583"
"23277","1.5334241390228271","1.5334241390228271","1.5334241390228271"
"23278","1.579676628112793","1.579676628112793","1.579676628112793"
"23283","1.398549199104309","1.398549199104309","1.398549199104309"
"23285","1.5645936727523804","1.5645936727523804","1.5645936727523804"
"23286","1.5425828695297241","1.5425828695297241","1.5425828695297241"
"23295","1.5340807437896729","1.5340807437896729","1.5340807437896729"
"23300","1.470331072807312","1.470331072807312","1.470331072807312"
"23303","1.5218091011047363","1.5218091011047363","1.5218091011047363"
"23304","1.4664185047149658","1.4664185047149658","1.4664185047149658"
"23305","1.5085442066192627","1.5085442066192627","1.5085442066192627"
"23308","1.4359750747680664","1.4359750747680664","1.4359750747680664"
"23309","1.513735294342041","1.513735294342041","1.513735294342041"
"23323","1.5716546773910522","1.5716546773910522","1.5716546773910522"
"23325","1.5402781963348389","1.5402781963348389","1.5402781963348389"
"23326","1.4607656002044678","1.4607656002044678","1.4607656002044678"
"23329","1.5546081066131592","1.5546081066131592","1.5546081066131592"
"23332","1.5001063346862793","1.5001063346862793","1.5001063346862793"
"23335","1.4234334230422974","1.4234334230422974","1.4234334230422974"
"23336","1.6487414836883545","1.6487414836883545","1.6487414836883545"
"23337","1.3835954666137695","1.3835954666137695","1.3835954666137695"
"23342","1.4750425815582275","1.4750425815582275","1.4750425815582275"
"23346","1.5557838678359985","1.5557838678359985","1.5557838678359985"
"23347","1.4526302814483643","1.4526302814483643","1.4526302814483643"
"23348","1.5912237167358398","1.5912237167358398","1.5912237167358398"
"23356","1.49790620803833","1.49790620803833","1.49790620803833"
"23364","1.5754806995391846","1.5754806995391846","1.5754806995391846"
"23376","1.4788627624511719","1.4788627624511719","1.4788627624511719"
"23385","1.5145983695983887","1.5145983695983887","1.5145983695983887"
"23394","1.5843422412872314","1.5843422412872314","1.5843422412872314"
"23402","1.4838635921478271","1.4838635921478271","1.4838635921478271"
"23409","1.5221548080444336","1.5221548080444336","1.5221548080444336"
"23410","1.5831432342529297","1.5831432342529297","1.5831432342529297"
"23411","1.3511759042739868","1.3511759042739868","1.3511759042739868"
"23414","1.5744349956512451","1.5744349956512451","1.5744349956512451"
"23419","1.6411280632019043","1.6411280632019043","1.6411280632019043"
"23421","1.566321611404419","1.566321611404419","1.566321611404419"
"23425","1.5410360097885132","1.5410360097885132","1.5410360097885132"
"23427","1.4822109937667847","1.4822109937667847","1.4822109937667847"
"23430","1.5297424793243408","1.5297424793243408","1.5297424793243408"
"23434","1.4449915885925293","1.4449915885925293","1.4449915885925293"
"23435","1.5990009307861328","1.5990009307861328","1.5990009307861328"
"23437","1.4766496419906616","1.4766496419906616","1.4766496419906616"
"23442","1.5291004180908203","1.5291004180908203","1.5291004180908203"
"23443","1.6620726585388184","1.6620726585388184","1.6620726585388184"
"23450","1.3866887092590332","1.3866887092590332","1.3866887092590332"
"23455","1.488471269607544","1.488471269607544","1.488471269607544"
"23461","1.4838762283325195","1.4838762283325195","1.4838762283325195"
"23462","1.5605717897415161","1.5605717897415161","1.5605717897415161"
"23463","1.4781147241592407","1.4781147241592407","1.4781147241592407"
"23468","1.5580276250839233","1.5580276250839233","1.5580276250839233"
"23474","1.4631726741790771","1.4631726741790771","1.4631726741790771"
"23477","1.4929580688476562","1.4929580688476562","1.4929580688476562"
"23479","1.4746828079223633","1.4746828079223633","1.4746828079223633"
"23480","1.3777272701263428","1.3777272701263428","1.3777272701263428"
"23482","1.458571195602417","1.458571195602417","1.458571195602417"
"23485","1.5667598247528076","1.5667598247528076","1.5667598247528076"
"23498","1.4774188995361328","1.4774188995361328","1.4774188995361328"
"23502","1.5451979637145996","1.5451979637145996","1.5451979637145996"
"23509","1.536264181137085","1.536264181137085","1.536264181137085"
"23514","1.4687700271606445","1.4687700271606445","1.4687700271606445"
"23521","1.4929882287979126","1.4929882287979126","1.4929882287979126"
"23523","1.596395492553711","1.596395492553711","1.596395492553711"
"23527","1.4665048122406006","1.4665048122406006","1.4665048122406006"
"23528","1.4394575357437134","1.4394575357437134","1.4394575357437134"
"23533","1.4606671333312988","1.4606671333312988","1.4606671333312988"
"23543","1.543651819229126","1.543651819229126","1.543651819229126"
"23548","1.5085945129394531","1.5085945129394531","1.5085945129394531"
"23549","1.4658873081207275","1.4658873081207275","1.4658873081207275"
"23554","1.5385947227478027","1.5385947227478027","1.5385947227478027"
"23555","1.4845951795578003","1.4845951795578003","1.4845951795578003"
"23561","1.5028024911880493","1.5028024911880493","1.5028024911880493"
"23565","1.5165090560913086","1.5165090560913086","1.5165090560913086"
"23574","1.3575224876403809","1.3575224876403809","1.3575224876403809"
"23577","1.4909467697143555","1.4909467697143555","1.4909467697143555"
"23580","1.431412935256958","1.431412935256958","1.431412935256958"
"23586","1.4430698156356812","1.4430698156356812","1.4430698156356812"
"23589","1.4147398471832275","1.4147398471832275","1.4147398471832275"
"23590","1.5350134372711182","1.5350134372711182","1.5350134372711182"
"23591","1.511471152305603","1.511471152305603","1.511471152305603"
"23597","1.4957066774368286","1.4957066774368286","1.4957066774368286"
"23598","1.5670528411865234","1.5670528411865234","1.5670528411865234"
"23601","1.5834732055664062","1.5834732055664062","1.5834732055664062"
"23602","1.477960228919983","1.477960228919983","1.477960228919983"
"23606","1.5104150772094727","1.5104150772094727","1.5104150772094727"
"23610","1.4173905849456787","1.4173905849456787","1.4173905849456787"
"23611","1.4519248008728027","1.4519248008728027","1.4519248008728027"
"23617","1.496824026107788","1.496824026107788","1.496824026107788"
"23619","1.381064534187317","1.381064534187317","1.381064534187317"
"23620","1.4572303295135498","1.4572303295135498","1.4572303295135498"
"23621","1.4884612560272217","1.4884612560272217","1.4884612560272217"
"23625","1.5495331287384033","1.5495331287384033","1.5495331287384033"
"23636","1.5089695453643799","1.5089695453643799","1.5089695453643799"
"23645","1.5350984334945679","1.5350984334945679","1.5350984334945679"
"23650","1.5627411603927612","1.5627411603927612","1.5627411603927612"
"23652","1.5395578145980835","1.5395578145980835","1.5395578145980835"
"23654","1.4472869634628296","1.4472869634628296","1.4472869634628296"
"23655","1.4360250234603882","1.4360250234603882","1.4360250234603882"
"23660","1.4374985694885254","1.4374985694885254","1.4374985694885254"
"23662","1.4746599197387695","1.4746599197387695","1.4746599197387695"
"23664","1.5027539730072021","1.5027539730072021","1.5027539730072021"
"23666","1.4673813581466675","1.4673813581466675","1.4673813581466675"
"23668","1.4986200332641602","1.4986200332641602","1.4986200332641602"
"23670","1.4607042074203491","1.4607042074203491","1.4607042074203491"
"23674","1.5234826803207397","1.5234826803207397","1.5234826803207397"
"23680","1.4789748191833496","1.4789748191833496","1.4789748191833496"
"23681","1.5356385707855225","1.5356385707855225","1.5356385707855225"
"23699","1.5871822834014893","1.5871822834014893","1.5871822834014893"
"23707","1.4056854248046875","1.4056854248046875","1.4056854248046875"
"23708","1.4521243572235107","1.4521243572235107","1.4521243572235107"
"23712","1.4532546997070312","1.4532546997070312","1.4532546997070312"
"23713","1.499751329421997","1.499751329421997","1.499751329421997"
"23714","1.445277452468872","1.445277452468872","1.445277452468872"
"23721","1.4089367389678955","1.4089367389678955","1.4089367389678955"
"23723","1.5467936992645264","1.5467936992645264","1.5467936992645264"
"23725","1.5361263751983643","1.5361263751983643","1.5361263751983643"
"23727","1.461823582649231","1.461823582649231","1.461823582649231"
"23736","1.4576995372772217","1.4576995372772217","1.4576995372772217"
"23737","1.4548335075378418","1.4548335075378418","1.4548335075378418"
"23739","1.566748857498169","1.566748857498169","1.566748857498169"
"23744","1.4741235971450806","1.4741235971450806","1.4741235971450806"
"23747","1.5543010234832764","1.5543010234832764","1.5543010234832764"
"23748","1.4759056568145752","1.4759056568145752","1.4759056568145752"
"23753","1.5617437362670898","1.5617437362670898","1.5617437362670898"
"23755","1.5168150663375854","1.5168150663375854","1.5168150663375854"
"23763","1.5730013847351074","1.5730013847351074","1.5730013847351074"
"23764","1.45574951171875","1.45574951171875","1.45574951171875"
"23766","1.5074529647827148","1.5074529647827148","1.5074529647827148"
"23770","1.5159003734588623","1.5159003734588623","1.5159003734588623"
"23774","1.4855287075042725","1.4855287075042725","1.4855287075042725"
"23784","1.4511055946350098","1.4511055946350098","1.4511055946350098"
"23792","1.4400856494903564","1.4400856494903564","1.4400856494903564"
"23796","1.433405876159668","1.433405876159668","1.433405876159668"
"23797","1.4639058113098145","1.4639058113098145","1.4639058113098145"
"23800","1.5125524997711182","1.5125524997711182","1.5125524997711182"
"23801","1.5844547748565674","1.5844547748565674","1.5844547748565674"
"23803","1.5173406600952148","1.5173406600952148","1.5173406600952148"
"23808","1.4573694467544556","1.4573694467544556","1.4573694467544556"
"23814","1.4356229305267334","1.4356229305267334","1.4356229305267334"
"23815","1.3994781970977783","1.3994781970977783","1.3994781970977783"
"23819","1.4160254001617432","1.4160254001617432","1.4160254001617432"
"23822","1.469590663909912","1.469590663909912","1.469590663909912"
"23824","1.479030966758728","1.479030966758728","1.479030966758728"
"23829","1.5184401273727417","1.5184401273727417","1.5184401273727417"
"23844","1.4039099216461182","1.4039099216461182","1.4039099216461182"
"23850","1.4853746891021729","1.4853746891021729","1.4853746891021729"
"23852","1.4540314674377441","1.4540314674377441","1.4540314674377441"
"23857","1.5004767179489136","1.5004767179489136","1.5004767179489136"
"23858","1.5435774326324463","1.5435774326324463","1.5435774326324463"
"23859","1.5061204433441162","1.5061204433441162","1.5061204433441162"
"23865","1.4658806324005127","1.4658806324005127","1.4658806324005127"
"23873","1.523090124130249","1.523090124130249","1.523090124130249"
"23876","1.4810504913330078","1.4810504913330078","1.4810504913330078"
"23877","1.4890315532684326","1.4890315532684326","1.4890315532684326"
"23878","1.4831180572509766","1.4831180572509766","1.4831180572509766"
"23880","1.5040006637573242","1.5040006637573242","1.5040006637573242"
"23883","1.5132328271865845","1.5132328271865845","1.5132328271865845"
"23887","1.537712574005127","1.537712574005127","1.537712574005127"
"23890","1.5477454662322998","1.5477454662322998","1.5477454662322998"
"23894","1.5817115306854248","1.5817115306854248","1.5817115306854248"
"23895","1.470632791519165","1.470632791519165","1.470632791519165"
"23898","1.463249921798706","1.463249921798706","1.463249921798706"
"23903","1.5787549018859863","1.5787549018859863","1.5787549018859863"
"23904","1.5679593086242676","1.5679593086242676","1.5679593086242676"
"23907","1.4450430870056152","1.4450430870056152","1.4450430870056152"
"23910","1.410231113433838","1.410231113433838","1.410231113433838"
"23911","1.5508475303649902","1.5508475303649902","1.5508475303649902"
"23913","1.4786033630371094","1.4786033630371094","1.4786033630371094"
"23919","1.5112583637237549","1.5112583637237549","1.5112583637237549"
"23921","1.3426613807678223","1.3426613807678223","1.3426613807678223"
"23922","1.4126956462860107","1.4126956462860107","1.4126956462860107"
"23925","1.4617632627487183","1.4617632627487183","1.4617632627487183"
"23926","1.5089200735092163","1.5089200735092163","1.5089200735092163"
"23936","1.4353325366973877","1.4353325366973877","1.4353325366973877"
"23942","1.4621055126190186","1.4621055126190186","1.4621055126190186"
"23943","1.4362820386886597","1.4362820386886597","1.4362820386886597"
"23945","1.5398833751678467","1.5398833751678467","1.5398833751678467"
"23946","1.5266201496124268","1.5266201496124268","1.5266201496124268"
"23948","1.4049203395843506","1.4049203395843506","1.4049203395843506"
"23952","1.5256156921386719","1.5256156921386719","1.5256156921386719"
"23956","1.49519681930542","1.49519681930542","1.49519681930542"
"23961","1.5191500186920166","1.5191500186920166","1.5191500186920166"
"23963","1.4905362129211426","1.4905362129211426","1.4905362129211426"
"23970","1.474787712097168","1.474787712097168","1.474787712097168"
"23973","1.3958451747894287","1.3958451747894287","1.3958451747894287"
"23974","1.518351674079895","1.518351674079895","1.518351674079895"
"23985","1.421748399734497","1.421748399734497","1.421748399734497"
"23986","1.448778748512268","1.448778748512268","1.448778748512268"
"23989","1.372751235961914","1.372751235961914","1.372751235961914"
"23996","1.5351873636245728","1.5351873636245728","1.5351873636245728"
"23997","1.535934567451477","1.535934567451477","1.535934567451477"
"24000","1.5490872859954834","1.5490872859954834","1.5490872859954834"
"24003","1.4108037948608398","1.4108037948608398","1.4108037948608398"
"24015","1.5258257389068604","1.5258257389068604","1.5258257389068604"
"24018","1.460575819015503","1.460575819015503","1.460575819015503"
"24031","1.5407289266586304","1.5407289266586304","1.5407289266586304"
"24032","1.398025631904602","1.398025631904602","1.398025631904602"
"24033","1.5008752346038818","1.5008752346038818","1.5008752346038818"
"24036","1.346156358718872","1.346156358718872","1.346156358718872"
"24037","1.4955174922943115","1.4955174922943115","1.4955174922943115"
"24041","1.509170413017273","1.509170413017273","1.509170413017273"
"24042","1.502213716506958","1.502213716506958","1.502213716506958"
"24045","1.5720317363739014","1.5720317363739014","1.5720317363739014"
"24047","1.5286691188812256","1.5286691188812256","1.5286691188812256"
"24055","1.4776790142059326","1.4776790142059326","1.4776790142059326"
"24070","1.3964965343475342","1.3964965343475342","1.3964965343475342"
"24078","1.4809191226959229","1.4809191226959229","1.4809191226959229"
"24079","1.410622477531433","1.410622477531433","1.410622477531433"
"24082","1.5106605291366577","1.5106605291366577","1.5106605291366577"
"24087","1.5640228986740112","1.5640228986740112","1.5640228986740112"
"24090","1.5335853099822998","1.5335853099822998","1.5335853099822998"
"24092","1.5495517253875732","1.5495517253875732","1.5495517253875732"
"24096","1.5171927213668823","1.5171927213668823","1.5171927213668823"
"24100","1.4323619604110718","1.4323619604110718","1.4323619604110718"
"24101","1.4922634363174438","1.4922634363174438","1.4922634363174438"
"24102","1.5758931636810303","1.5758931636810303","1.5758931636810303"
"24103","1.5084731578826904","1.5084731578826904","1.5084731578826904"
"24105","1.3712871074676514","1.3712871074676514","1.3712871074676514"
"24117","1.5322952270507812","1.5322952270507812","1.5322952270507812"
"24119","1.4662773609161377","1.4662773609161377","1.4662773609161377"
"24120","1.461714506149292","1.461714506149292","1.461714506149292"
"24122","1.5669171810150146","1.5669171810150146","1.5669171810150146"
"24129","1.4772638082504272","1.4772638082504272","1.4772638082504272"
"24130","1.4849034547805786","1.4849034547805786","1.4849034547805786"
"24132","1.4978727102279663","1.4978727102279663","1.4978727102279663"
"24133","1.6087932586669922","1.6087932586669922","1.6087932586669922"
"24139","1.4131364822387695","1.4131364822387695","1.4131364822387695"
"24140","1.6056084632873535","1.6056084632873535","1.6056084632873535"
"24146","1.4357976913452148","1.4357976913452148","1.4357976913452148"
"24147","1.481372356414795","1.481372356414795","1.481372356414795"
"24165","1.4221916198730469","1.4221916198730469","1.4221916198730469"
"24166","1.4484710693359375","1.4484710693359375","1.4484710693359375"
"24167","1.477085828781128","1.477085828781128","1.477085828781128"
"24169","1.4784324169158936","1.4784324169158936","1.4784324169158936"
"24171","1.513671875","1.513671875","1.513671875"
"24174","1.510840654373169","1.510840654373169","1.510840654373169"
"24180","1.4936857223510742","1.4936857223510742","1.4936857223510742"
"24181","1.474947452545166","1.474947452545166","1.474947452545166"
"24182","1.3577970266342163","1.3577970266342163","1.3577970266342163"
"24190","1.478332281112671","1.478332281112671","1.478332281112671"
"24194","1.4796020984649658","1.4796020984649658","1.4796020984649658"
"24197","1.568257451057434","1.568257451057434","1.568257451057434"
"24199","1.5134177207946777","1.5134177207946777","1.5134177207946777"
"24203","1.408724069595337","1.408724069595337","1.408724069595337"
"24204","1.5079600811004639","1.5079600811004639","1.5079600811004639"
"24207","1.419006586074829","1.419006586074829","1.419006586074829"
"24209","1.4972845315933228","1.4972845315933228","1.4972845315933228"
"24216","1.533065915107727","1.533065915107727","1.533065915107727"
"24217","1.6161220073699951","1.6161220073699951","1.6161220073699951"
"24223","1.5091032981872559","1.5091032981872559","1.5091032981872559"
"24224","1.5560024976730347","1.5560024976730347","1.5560024976730347"
"24231","1.470665454864502","1.470665454864502","1.470665454864502"
"24240","1.3691527843475342","1.3691527843475342","1.3691527843475342"
"24246","1.524263620376587","1.524263620376587","1.524263620376587"
"24249","1.5022716522216797","1.5022716522216797","1.5022716522216797"
"24252","1.4257097244262695","1.4257097244262695","1.4257097244262695"
"24255","1.4736740589141846","1.4736740589141846","1.4736740589141846"
"24267","1.4187591075897217","1.4187591075897217","1.4187591075897217"
"24275","1.5198249816894531","1.5198249816894531","1.5198249816894531"
"24284","1.4717469215393066","1.4717469215393066","1.4717469215393066"
"24288","1.501042366027832","1.501042366027832","1.501042366027832"
"24291","1.5668079853057861","1.5668079853057861","1.5668079853057861"
"24294","1.4899559020996094","1.4899559020996094","1.4899559020996094"
"24295","1.4969279766082764","1.4969279766082764","1.4969279766082764"
"24298","1.482140302658081","1.482140302658081","1.482140302658081"
"24299","1.5679259300231934","1.5679259300231934","1.5679259300231934"
"24304","1.4556173086166382","1.4556173086166382","1.4556173086166382"
"24312","1.5243446826934814","1.5243446826934814","1.5243446826934814"
"24315","1.3609132766723633","1.3609132766723633","1.3609132766723633"
"24321","1.4036972522735596","1.4036972522735596","1.4036972522735596"
"24323","1.5381534099578857","1.5381534099578857","1.5381534099578857"
"24326","1.5977834463119507","1.5977834463119507","1.5977834463119507"
"24327","1.496235966682434","1.496235966682434","1.496235966682434"
"24329","1.635797381401062","1.635797381401062","1.635797381401062"
"24330","1.428804636001587","1.428804636001587","1.428804636001587"
"24331","1.5078306198120117","1.5078306198120117","1.5078306198120117"
"24334","1.4734221696853638","1.4734221696853638","1.4734221696853638"
"24345","1.515777349472046","1.515777349472046","1.515777349472046"
"24348","1.4585059881210327","1.4585059881210327","1.4585059881210327"
"24349","1.518984317779541","1.518984317779541","1.518984317779541"
"24366","1.5754551887512207","1.5754551887512207","1.5754551887512207"
"24372","1.4866480827331543","1.4866480827331543","1.4866480827331543"
"24373","1.4373788833618164","1.4373788833618164","1.4373788833618164"
"24380","1.4322444200515747","1.4322444200515747","1.4322444200515747"
"24382","1.524160385131836","1.524160385131836","1.524160385131836"
"24384","1.4066486358642578","1.4066486358642578","1.4066486358642578"
"24388","1.4885225296020508","1.4885225296020508","1.4885225296020508"
"24389","1.4946744441986084","1.4946744441986084","1.4946744441986084"
"24391","1.4907386302947998","1.4907386302947998","1.4907386302947998"
"24392","1.4697725772857666","1.4697725772857666","1.4697725772857666"
"24396","1.495255947113037","1.495255947113037","1.495255947113037"
"24397","1.4433197975158691","1.4433197975158691","1.4433197975158691"
"24398","1.3835861682891846","1.3835861682891846","1.3835861682891846"
"24400","1.4701216220855713","1.4701216220855713","1.4701216220855713"
"24402","1.5264967679977417","1.5264967679977417","1.5264967679977417"
"24404","1.517296552658081","1.517296552658081","1.517296552658081"
"24408","1.440439224243164","1.440439224243164","1.440439224243164"
"24411","1.561340570449829","1.561340570449829","1.561340570449829"
"24414","1.496058702468872","1.496058702468872","1.496058702468872"
"24416","1.500056505203247","1.500056505203247","1.500056505203247"
"24417","1.4516398906707764","1.4516398906707764","1.4516398906707764"
"24423","1.6134018898010254","1.6134018898010254","1.6134018898010254"
"24425","1.503282070159912","1.503282070159912","1.503282070159912"
"24428","1.474798560142517","1.474798560142517","1.474798560142517"
"24429","1.3952181339263916","1.3952181339263916","1.3952181339263916"
"24430","1.42676842212677","1.42676842212677","1.42676842212677"
"24431","1.5653506517410278","1.5653506517410278","1.5653506517410278"
"24434","1.4398622512817383","1.4398622512817383","1.4398622512817383"
"24439","1.4987354278564453","1.4987354278564453","1.4987354278564453"
"24443","1.4777734279632568","1.4777734279632568","1.4777734279632568"
"24450","1.4060102701187134","1.4060102701187134","1.4060102701187134"
"24451","1.3714168071746826","1.3714168071746826","1.3714168071746826"
"24454","1.4515013694763184","1.4515013694763184","1.4515013694763184"
"24456","1.5289933681488037","1.5289933681488037","1.5289933681488037"
"24461","1.4592329263687134","1.4592329263687134","1.4592329263687134"
"24463","1.5576295852661133","1.5576295852661133","1.5576295852661133"
"24464","1.4733543395996094","1.4733543395996094","1.4733543395996094"
"24465","1.4446778297424316","1.4446778297424316","1.4446778297424316"
"24471","1.4432625770568848","1.4432625770568848","1.4432625770568848"
"24473","1.4814835786819458","1.4814835786819458","1.4814835786819458"
"24476","1.4791725873947144","1.4791725873947144","1.4791725873947144"
"24480","1.5927053689956665","1.5927053689956665","1.5927053689956665"
"24481","1.5521786212921143","1.5521786212921143","1.5521786212921143"
"24482","1.3547636270523071","1.3547636270523071","1.3547636270523071"
"24486","1.5507599115371704","1.5507599115371704","1.5507599115371704"
"24487","1.562364101409912","1.562364101409912","1.562364101409912"
"24488","1.3945363759994507","1.3945363759994507","1.3945363759994507"
"24499","1.4594783782958984","1.4594783782958984","1.4594783782958984"
"24501","1.4632761478424072","1.4632761478424072","1.4632761478424072"
"24504","1.5183625221252441","1.5183625221252441","1.5183625221252441"
"24509","1.5173041820526123","1.5173041820526123","1.5173041820526123"
"24512","1.4827629327774048","1.4827629327774048","1.4827629327774048"
"24514","1.4496748447418213","1.4496748447418213","1.4496748447418213"
"24518","1.4496924877166748","1.4496924877166748","1.4496924877166748"
"24519","1.5475620031356812","1.5475620031356812","1.5475620031356812"
"24520","1.4218733310699463","1.4218733310699463","1.4218733310699463"
"24522","1.4589507579803467","1.4589507579803467","1.4589507579803467"
"24523","1.4155192375183105","1.4155192375183105","1.4155192375183105"
"24533","1.5425468683242798","1.5425468683242798","1.5425468683242798"
"24538","1.4037978649139404","1.4037978649139404","1.4037978649139404"
"24539","1.4502670764923096","1.4502670764923096","1.4502670764923096"
"24540","1.5027174949645996","1.5027174949645996","1.5027174949645996"
"24544","1.5196541547775269","1.5196541547775269","1.5196541547775269"
"24550","1.5771329402923584","1.5771329402923584","1.5771329402923584"
"24554","1.4567179679870605","1.4567179679870605","1.4567179679870605"
"24556","1.4368693828582764","1.4368693828582764","1.4368693828582764"
"24558","1.5070946216583252","1.5070946216583252","1.5070946216583252"
"24561","1.438547134399414","1.438547134399414","1.438547134399414"
"24566","1.482548475265503","1.482548475265503","1.482548475265503"
"24573","1.5206031799316406","1.5206031799316406","1.5206031799316406"
"24577","1.4732954502105713","1.4732954502105713","1.4732954502105713"
"24584","1.4861681461334229","1.4861681461334229","1.4861681461334229"
"24585","1.3860011100769043","1.3860011100769043","1.3860011100769043"
"24589","1.4173072576522827","1.4173072576522827","1.4173072576522827"
"24590","1.4644488096237183","1.4644488096237183","1.4644488096237183"
"24592","1.4572138786315918","1.4572138786315918","1.4572138786315918"
"24595","1.394740104675293","1.394740104675293","1.394740104675293"
"24608","1.4645512104034424","1.4645512104034424","1.4645512104034424"
"24614","1.399198293685913","1.399198293685913","1.399198293685913"
"24621","1.4435927867889404","1.4435927867889404","1.4435927867889404"
"24623","1.5740952491760254","1.5740952491760254","1.5740952491760254"
"24628","1.345888614654541","1.345888614654541","1.345888614654541"
"24629","1.5115749835968018","1.5115749835968018","1.5115749835968018"
"24635","1.4482145309448242","1.4482145309448242","1.4482145309448242"
"24639","1.4978511333465576","1.4978511333465576","1.4978511333465576"
"24641","1.477745532989502","1.477745532989502","1.477745532989502"
"24645","1.460883378982544","1.460883378982544","1.460883378982544"
"24653","1.402348279953003","1.402348279953003","1.402348279953003"
"24654","1.3554561138153076","1.3554561138153076","1.3554561138153076"
"24662","1.5410749912261963","1.5410749912261963","1.5410749912261963"
"24673","1.4333250522613525","1.4333250522613525","1.4333250522613525"
"24678","1.5207934379577637","1.5207934379577637","1.5207934379577637"
"24682","1.5131983757019043","1.5131983757019043","1.5131983757019043"
"24683","1.395768642425537","1.395768642425537","1.395768642425537"
"24685","1.3363999128341675","1.3363999128341675","1.3363999128341675"
"24686","1.5340431928634644","1.5340431928634644","1.5340431928634644"
"24690","1.5229549407958984","1.5229549407958984","1.5229549407958984"
"24695","1.4159234762191772","1.4159234762191772","1.4159234762191772"
"24697","1.389402985572815","1.389402985572815","1.389402985572815"
"24701","1.4888089895248413","1.4888089895248413","1.4888089895248413"
"24709","1.3732548952102661","1.3732548952102661","1.3732548952102661"
"24710","1.4264073371887207","1.4264073371887207","1.4264073371887207"
"24712","1.5415763854980469","1.5415763854980469","1.5415763854980469"
"24715","1.4538464546203613","1.4538464546203613","1.4538464546203613"
"24716","1.5121582746505737","1.5121582746505737","1.5121582746505737"
"24719","1.4929078817367554","1.4929078817367554","1.4929078817367554"
"24723","1.4588031768798828","1.4588031768798828","1.4588031768798828"
"24729","1.5252320766448975","1.5252320766448975","1.5252320766448975"
"24735","1.4300897121429443","1.4300897121429443","1.4300897121429443"
"24736","1.4766417741775513","1.4766417741775513","1.4766417741775513"
"24737","1.5454835891723633","1.5454835891723633","1.5454835891723633"
"24738","1.4914650917053223","1.4914650917053223","1.4914650917053223"
"24740","1.5567519664764404","1.5567519664764404","1.5567519664764404"
"24756","1.4618704319000244","1.4618704319000244","1.4618704319000244"
"24759","1.581298589706421","1.581298589706421","1.581298589706421"
"24762","1.47285795211792","1.47285795211792","1.47285795211792"
"24775","1.4680981636047363","1.4680981636047363","1.4680981636047363"
"24776","1.3851301670074463","1.3851301670074463","1.3851301670074463"
"24777","1.5620143413543701","1.5620143413543701","1.5620143413543701"
"24779","1.540372371673584","1.540372371673584","1.540372371673584"
"24795","1.476374864578247","1.476374864578247","1.476374864578247"
"24796","1.542054295539856","1.542054295539856","1.542054295539856"
"24802","1.4404730796813965","1.4404730796813965","1.4404730796813965"
"24803","1.3580741882324219","1.3580741882324219","1.3580741882324219"
"24804","1.3913640975952148","1.3913640975952148","1.3913640975952148"
"24808","1.418381690979004","1.418381690979004","1.418381690979004"
"24810","1.5370255708694458","1.5370255708694458","1.5370255708694458"
"24811","1.480989694595337","1.480989694595337","1.480989694595337"
"24812","1.5220613479614258","1.5220613479614258","1.5220613479614258"
"24816","1.442474365234375","1.442474365234375","1.442474365234375"
"24817","1.5192617177963257","1.5192617177963257","1.5192617177963257"
"24819","1.3823754787445068","1.3823754787445068","1.3823754787445068"
"24820","1.5080242156982422","1.5080242156982422","1.5080242156982422"
"24824","1.4516597986221313","1.4516597986221313","1.4516597986221313"
"24826","1.5184271335601807","1.5184271335601807","1.5184271335601807"
"24831","1.5331138372421265","1.5331138372421265","1.5331138372421265"
"24834","1.4728031158447266","1.4728031158447266","1.4728031158447266"
"24836","1.5207158327102661","1.5207158327102661","1.5207158327102661"
"24839","1.4438931941986084","1.4438931941986084","1.4438931941986084"
"24842","1.4594557285308838","1.4594557285308838","1.4594557285308838"
"24843","1.4388136863708496","1.4388136863708496","1.4388136863708496"
"24844","1.5332510471343994","1.5332510471343994","1.5332510471343994"
"24852","1.4686238765716553","1.4686238765716553","1.4686238765716553"
"24856","1.5320377349853516","1.5320377349853516","1.5320377349853516"
"24859","1.4478745460510254","1.4478745460510254","1.4478745460510254"
"24864","1.4710872173309326","1.4710872173309326","1.4710872173309326"
"24868","1.5138553380966187","1.5138553380966187","1.5138553380966187"
"24869","1.5076236724853516","1.5076236724853516","1.5076236724853516"
"24871","1.490614652633667","1.490614652633667","1.490614652633667"
"24875","1.4590661525726318","1.4590661525726318","1.4590661525726318"
"24876","1.4735764265060425","1.4735764265060425","1.4735764265060425"
"24880","1.4467341899871826","1.4467341899871826","1.4467341899871826"
"24881","1.4638859033584595","1.4638859033584595","1.4638859033584595"
"24882","1.4136747121810913","1.4136747121810913","1.4136747121810913"
"24886","1.4352060556411743","1.4352060556411743","1.4352060556411743"
"24887","1.5261952877044678","1.5261952877044678","1.5261952877044678"
"24890","1.4449048042297363","1.4449048042297363","1.4449048042297363"
"24894","1.4979443550109863","1.4979443550109863","1.4979443550109863"
"24896","1.4354594945907593","1.4354594945907593","1.4354594945907593"
"24897","1.4650731086730957","1.4650731086730957","1.4650731086730957"
"24898","1.414710283279419","1.414710283279419","1.414710283279419"
"24899","1.422491192817688","1.422491192817688","1.422491192817688"
"24901","1.5534019470214844","1.5534019470214844","1.5534019470214844"
"24904","1.474367618560791","1.474367618560791","1.474367618560791"
"24907","1.5256993770599365","1.5256993770599365","1.5256993770599365"
"24910","1.4509246349334717","1.4509246349334717","1.4509246349334717"
"24914","1.5858439207077026","1.5858439207077026","1.5858439207077026"
"24917","1.375196933746338","1.375196933746338","1.375196933746338"
"24920","1.546568512916565","1.546568512916565","1.546568512916565"
"24926","1.46107816696167","1.46107816696167","1.46107816696167"
"24927","1.4786691665649414","1.4786691665649414","1.4786691665649414"
"24932","1.437089443206787","1.437089443206787","1.437089443206787"
"24934","1.4207408428192139","1.4207408428192139","1.4207408428192139"
"24935","1.459721565246582","1.459721565246582","1.459721565246582"
"24942","1.4886113405227661","1.4886113405227661","1.4886113405227661"
"24960","1.4446842670440674","1.4446842670440674","1.4446842670440674"
"24961","1.5588542222976685","1.5588542222976685","1.5588542222976685"
"24964","1.4832303524017334","1.4832303524017334","1.4832303524017334"
"24967","1.5128635168075562","1.5128635168075562","1.5128635168075562"
"24970","1.4899097681045532","1.4899097681045532","1.4899097681045532"
"24975","1.4214532375335693","1.4214532375335693","1.4214532375335693"
"24977","1.4699091911315918","1.4699091911315918","1.4699091911315918"
"24988","1.4190479516983032","1.4190479516983032","1.4190479516983032"
"24992","1.463130235671997","1.463130235671997","1.463130235671997"
"25004","1.5437335968017578","1.5437335968017578","1.5437335968017578"
"25005","1.507153868675232","1.507153868675232","1.507153868675232"
"25006","1.471920371055603","1.471920371055603","1.471920371055603"
"25008","1.6087853908538818","1.6087853908538818","1.6087853908538818"
"25009","1.3966094255447388","1.3966094255447388","1.3966094255447388"
"25016","1.5355321168899536","1.5355321168899536","1.5355321168899536"
"25021","1.571221947669983","1.571221947669983","1.571221947669983"
"25026","1.4770019054412842","1.4770019054412842","1.4770019054412842"
"25027","1.4960345029830933","1.4960345029830933","1.4960345029830933"
"25032","1.5168735980987549","1.5168735980987549","1.5168735980987549"
"25033","1.3760175704956055","1.3760175704956055","1.3760175704956055"
"25035","1.4489309787750244","1.4489309787750244","1.4489309787750244"
"25038","1.5468193292617798","1.5468193292617798","1.5468193292617798"
"25041","1.5516140460968018","1.5516140460968018","1.5516140460968018"
"25053","1.3735805749893188","1.3735805749893188","1.3735805749893188"
"25055","1.5477204322814941","1.5477204322814941","1.5477204322814941"
"25056","1.5156047344207764","1.5156047344207764","1.5156047344207764"
"25060","1.6370739936828613","1.6370739936828613","1.6370739936828613"
"25062","1.4736502170562744","1.4736502170562744","1.4736502170562744"
"25067","1.4516483545303345","1.4516483545303345","1.4516483545303345"
"25068","1.4837478399276733","1.4837478399276733","1.4837478399276733"
"25070","1.4230716228485107","1.4230716228485107","1.4230716228485107"
"25077","1.4473479986190796","1.4473479986190796","1.4473479986190796"
"25090","1.344759225845337","1.344759225845337","1.344759225845337"
"25092","1.591338038444519","1.591338038444519","1.591338038444519"
"25096","1.5718272924423218","1.5718272924423218","1.5718272924423218"
"25098","1.406989336013794","1.406989336013794","1.406989336013794"
"25105","1.4816545248031616","1.4816545248031616","1.4816545248031616"
"25106","1.4567946195602417","1.4567946195602417","1.4567946195602417"
"25114","1.399803638458252","1.399803638458252","1.399803638458252"
"25126","1.6963088512420654","1.6963088512420654","1.6963088512420654"
"25127","1.4575176239013672","1.4575176239013672","1.4575176239013672"
"25137","1.593665599822998","1.593665599822998","1.593665599822998"
"25140","1.523301124572754","1.523301124572754","1.523301124572754"
"25141","1.503261685371399","1.503261685371399","1.503261685371399"
"25142","1.442620873451233","1.442620873451233","1.442620873451233"
"25145","1.458422303199768","1.458422303199768","1.458422303199768"
"25161","1.4459840059280396","1.4459840059280396","1.4459840059280396"
"25162","1.4909425973892212","1.4909425973892212","1.4909425973892212"
"25166","1.4207638502120972","1.4207638502120972","1.4207638502120972"
"25168","1.5185997486114502","1.5185997486114502","1.5185997486114502"
"25172","1.5187907218933105","1.5187907218933105","1.5187907218933105"
"25179","1.5814778804779053","1.5814778804779053","1.5814778804779053"
"25180","1.4865920543670654","1.4865920543670654","1.4865920543670654"
"25181","1.4383325576782227","1.4383325576782227","1.4383325576782227"
"25182","1.4264658689498901","1.4264658689498901","1.4264658689498901"
"25183","1.4794700145721436","1.4794700145721436","1.4794700145721436"
"25190","1.4755611419677734","1.4755611419677734","1.4755611419677734"
"25196","1.458720326423645","1.458720326423645","1.458720326423645"
"25203","1.5853071212768555","1.5853071212768555","1.5853071212768555"
"25206","1.5041887760162354","1.5041887760162354","1.5041887760162354"
"25209","1.5119736194610596","1.5119736194610596","1.5119736194610596"
"25213","1.5843760967254639","1.5843760967254639","1.5843760967254639"
"25217","1.521134853363037","1.521134853363037","1.521134853363037"
"25218","1.541719675064087","1.541719675064087","1.541719675064087"
"25220","1.5069700479507446","1.5069700479507446","1.5069700479507446"
"25224","1.4523019790649414","1.4523019790649414","1.4523019790649414"
"25227","1.4115272760391235","1.4115272760391235","1.4115272760391235"
"25228","1.3737496137619019","1.3737496137619019","1.3737496137619019"
"25230","1.4509382247924805","1.4509382247924805","1.4509382247924805"
"25231","1.4513684511184692","1.4513684511184692","1.4513684511184692"
"25232","1.437348484992981","1.437348484992981","1.437348484992981"
"25235","1.4679348468780518","1.4679348468780518","1.4679348468780518"
"25238","1.471576452255249","1.471576452255249","1.471576452255249"
"25239","1.40700101852417","1.40700101852417","1.40700101852417"
"25243","1.4178757667541504","1.4178757667541504","1.4178757667541504"
"25247","1.4412298202514648","1.4412298202514648","1.4412298202514648"
"25248","1.4952268600463867","1.4952268600463867","1.4952268600463867"
"25252","1.382871389389038","1.382871389389038","1.382871389389038"
"25253","1.4897348880767822","1.4897348880767822","1.4897348880767822"
"25258","1.5722949504852295","1.5722949504852295","1.5722949504852295"
"25262","1.5012366771697998","1.5012366771697998","1.5012366771697998"
"25265","1.4176945686340332","1.4176945686340332","1.4176945686340332"
"25268","1.464808702468872","1.464808702468872","1.464808702468872"
"25269","1.4508088827133179","1.4508088827133179","1.4508088827133179"
"25277","1.5635263919830322","1.5635263919830322","1.5635263919830322"
"25289","1.541639804840088","1.541639804840088","1.541639804840088"
"25290","1.4428629875183105","1.4428629875183105","1.4428629875183105"
"25299","1.3877804279327393","1.3877804279327393","1.3877804279327393"
"25300","1.5508410930633545","1.5508410930633545","1.5508410930633545"
"25301","1.428713321685791","1.428713321685791","1.428713321685791"
"25302","1.4237589836120605","1.4237589836120605","1.4237589836120605"
"25304","1.584774136543274","1.584774136543274","1.584774136543274"
"25310","1.5518146753311157","1.5518146753311157","1.5518146753311157"
"25312","1.4979100227355957","1.4979100227355957","1.4979100227355957"
"25317","1.5144927501678467","1.5144927501678467","1.5144927501678467"
"25320","1.4646598100662231","1.4646598100662231","1.4646598100662231"
"25322","1.441797137260437","1.441797137260437","1.441797137260437"
"25330","1.4406228065490723","1.4406228065490723","1.4406228065490723"
"25335","1.4658002853393555","1.4658002853393555","1.4658002853393555"
"25339","1.3707152605056763","1.3707152605056763","1.3707152605056763"
"25340","1.4985978603363037","1.4985978603363037","1.4985978603363037"
"25341","1.5145399570465088","1.5145399570465088","1.5145399570465088"
"25344","1.4944944381713867","1.4944944381713867","1.4944944381713867"
"25346","1.499739170074463","1.499739170074463","1.499739170074463"
"25347","1.520072102546692","1.520072102546692","1.520072102546692"
"25349","1.5178067684173584","1.5178067684173584","1.5178067684173584"
"25351","1.4883700609207153","1.4883700609207153","1.4883700609207153"
"25352","1.4919838905334473","1.4919838905334473","1.4919838905334473"
"25355","1.4658985137939453","1.4658985137939453","1.4658985137939453"
"25358","1.481606364250183","1.481606364250183","1.481606364250183"
"25365","1.5854206085205078","1.5854206085205078","1.5854206085205078"
"25368","1.5099042654037476","1.5099042654037476","1.5099042654037476"
"25370","1.5080699920654297","1.5080699920654297","1.5080699920654297"
"25371","1.3813567161560059","1.3813567161560059","1.3813567161560059"
"25374","1.4360771179199219","1.4360771179199219","1.4360771179199219"
"25380","1.4313876628875732","1.4313876628875732","1.4313876628875732"
"25381","1.5101919174194336","1.5101919174194336","1.5101919174194336"
"25386","1.4278240203857422","1.4278240203857422","1.4278240203857422"
"25388","1.416961431503296","1.416961431503296","1.416961431503296"
"25389","1.4740357398986816","1.4740357398986816","1.4740357398986816"
"25391","1.4325013160705566","1.4325013160705566","1.4325013160705566"
"25399","1.4861421585083008","1.4861421585083008","1.4861421585083008"
"25401","1.5072569847106934","1.5072569847106934","1.5072569847106934"
"25405","1.4639365673065186","1.4639365673065186","1.4639365673065186"
"25409","1.4809833765029907","1.4809833765029907","1.4809833765029907"
"25420","1.5615719556808472","1.5615719556808472","1.5615719556808472"
"25422","1.4105803966522217","1.4105803966522217","1.4105803966522217"
"25423","1.3997230529785156","1.3997230529785156","1.3997230529785156"
"25432","1.5065557956695557","1.5065557956695557","1.5065557956695557"
"25437","1.441680908203125","1.441680908203125","1.441680908203125"
"25440","1.455094814300537","1.455094814300537","1.455094814300537"
"25447","1.3413190841674805","1.3413190841674805","1.3413190841674805"
"25457","1.557639718055725","1.557639718055725","1.557639718055725"
"25466","1.3792122602462769","1.3792122602462769","1.3792122602462769"
"25468","1.416479229927063","1.416479229927063","1.416479229927063"
"25469","1.521620273590088","1.521620273590088","1.521620273590088"
"25474","1.5720734596252441","1.5720734596252441","1.5720734596252441"
"25479","1.4942960739135742","1.4942960739135742","1.4942960739135742"
"25480","1.5595393180847168","1.5595393180847168","1.5595393180847168"
"25486","1.495568037033081","1.495568037033081","1.495568037033081"
"25494","1.5351264476776123","1.5351264476776123","1.5351264476776123"
"25496","1.4235658645629883","1.4235658645629883","1.4235658645629883"
"25500","1.4365116357803345","1.4365116357803345","1.4365116357803345"
"25502","1.4571857452392578","1.4571857452392578","1.4571857452392578"
"25503","1.3800709247589111","1.3800709247589111","1.3800709247589111"
"25504","1.3405752182006836","1.3405752182006836","1.3405752182006836"
"25510","1.5779037475585938","1.5779037475585938","1.5779037475585938"
"25514","1.4958339929580688","1.4958339929580688","1.4958339929580688"
"25517","1.4803144931793213","1.4803144931793213","1.4803144931793213"
"25523","1.3576993942260742","1.3576993942260742","1.3576993942260742"
"25529","1.4599882364273071","1.4599882364273071","1.4599882364273071"
"25530","1.4825325012207031","1.4825325012207031","1.4825325012207031"
"25531","1.4589802026748657","1.4589802026748657","1.4589802026748657"
"25533","1.4500643014907837","1.4500643014907837","1.4500643014907837"
"25536","1.4514824151992798","1.4514824151992798","1.4514824151992798"
"25539","1.4045323133468628","1.4045323133468628","1.4045323133468628"
"25540","1.496565818786621","1.496565818786621","1.496565818786621"
"25542","1.5030871629714966","1.5030871629714966","1.5030871629714966"
"25543","1.5495606660842896","1.5495606660842896","1.5495606660842896"
"25556","1.4408271312713623","1.4408271312713623","1.4408271312713623"
"25566","1.601285696029663","1.601285696029663","1.601285696029663"
"25567","1.5377553701400757","1.5377553701400757","1.5377553701400757"
"25568","1.5535626411437988","1.5535626411437988","1.5535626411437988"
"25573","1.4904980659484863","1.4904980659484863","1.4904980659484863"
"25575","1.3969368934631348","1.3969368934631348","1.3969368934631348"
"25579","1.436699390411377","1.436699390411377","1.436699390411377"
"25580","1.4455000162124634","1.4455000162124634","1.4455000162124634"
"25581","1.4460469484329224","1.4460469484329224","1.4460469484329224"
"25582","1.443943738937378","1.443943738937378","1.443943738937378"
"25591","1.4321179389953613","1.4321179389953613","1.4321179389953613"
"25592","1.4535688161849976","1.4535688161849976","1.4535688161849976"
"25594","1.425121784210205","1.425121784210205","1.425121784210205"
"25596","1.4444870948791504","1.4444870948791504","1.4444870948791504"
"25597","1.3953882455825806","1.3953882455825806","1.3953882455825806"
"25605","1.4676711559295654","1.4676711559295654","1.4676711559295654"
"25607","1.4201905727386475","1.4201905727386475","1.4201905727386475"
"25614","1.4897117614746094","1.4897117614746094","1.4897117614746094"
"25617","1.4543328285217285","1.4543328285217285","1.4543328285217285"
"25621","1.526302695274353","1.526302695274353","1.526302695274353"
"25626","1.4912595748901367","1.4912595748901367","1.4912595748901367"
"25628","1.5543335676193237","1.5543335676193237","1.5543335676193237"
"25635","1.4589555263519287","1.4589555263519287","1.4589555263519287"
"25640","1.4158902168273926","1.4158902168273926","1.4158902168273926"
"25646","1.4860424995422363","1.4860424995422363","1.4860424995422363"
"25653","1.4706302881240845","1.4706302881240845","1.4706302881240845"
"25662","1.3636143207550049","1.3636143207550049","1.3636143207550049"
"25664","1.5299723148345947","1.5299723148345947","1.5299723148345947"
"25670","1.4530338048934937","1.4530338048934937","1.4530338048934937"
"25675","1.391953468322754","1.391953468322754","1.391953468322754"
"25678","1.4848384857177734","1.4848384857177734","1.4848384857177734"
"25679","1.525905966758728","1.525905966758728","1.525905966758728"
"25683","1.5285433530807495","1.5285433530807495","1.5285433530807495"
"25689","1.4923086166381836","1.4923086166381836","1.4923086166381836"
"25693","1.5537104606628418","1.5537104606628418","1.5537104606628418"
"25695","1.5255467891693115","1.5255467891693115","1.5255467891693115"
"25704","1.5606706142425537","1.5606706142425537","1.5606706142425537"
"25706","1.4764740467071533","1.4764740467071533","1.4764740467071533"
"25710","1.4237401485443115","1.4237401485443115","1.4237401485443115"
"25722","1.431734561920166","1.431734561920166","1.431734561920166"
"25725","1.447904109954834","1.447904109954834","1.447904109954834"
"25727","1.4569602012634277","1.4569602012634277","1.4569602012634277"
"25730","1.4665961265563965","1.4665961265563965","1.4665961265563965"
"25733","1.360135793685913","1.360135793685913","1.360135793685913"
"25734","1.458958625793457","1.458958625793457","1.458958625793457"
"25740","1.3479125499725342","1.3479125499725342","1.3479125499725342"
"25741","1.4705851078033447","1.4705851078033447","1.4705851078033447"
"25751","1.4807718992233276","1.4807718992233276","1.4807718992233276"
"25757","1.525915265083313","1.525915265083313","1.525915265083313"
"25758","1.5688819885253906","1.5688819885253906","1.5688819885253906"
"25759","1.5640982389450073","1.5640982389450073","1.5640982389450073"
"25764","1.478895902633667","1.478895902633667","1.478895902633667"
"25765","1.385216236114502","1.385216236114502","1.385216236114502"
"25766","1.5582600831985474","1.5582600831985474","1.5582600831985474"
"25767","1.481579065322876","1.481579065322876","1.481579065322876"
"25768","1.4924925565719604","1.4924925565719604","1.4924925565719604"
"25771","1.3976870775222778","1.3976870775222778","1.3976870775222778"
"25773","1.5017192363739014","1.5017192363739014","1.5017192363739014"
"25774","1.4353265762329102","1.4353265762329102","1.4353265762329102"
"25775","1.4250963926315308","1.4250963926315308","1.4250963926315308"
"25777","1.483741044998169","1.483741044998169","1.483741044998169"
"25779","1.4323585033416748","1.4323585033416748","1.4323585033416748"
"25781","1.516966462135315","1.516966462135315","1.516966462135315"
"25782","1.5371711254119873","1.5371711254119873","1.5371711254119873"
"25784","1.4637306928634644","1.4637306928634644","1.4637306928634644"
"25785","1.5634187459945679","1.5634187459945679","1.5634187459945679"
"25788","1.5147403478622437","1.5147403478622437","1.5147403478622437"
"25791","1.5105371475219727","1.5105371475219727","1.5105371475219727"
"25805","1.44533109664917","1.44533109664917","1.44533109664917"
"25815","1.3985811471939087","1.3985811471939087","1.3985811471939087"
"25822","1.4363843202590942","1.4363843202590942","1.4363843202590942"
"25829","1.4474817514419556","1.4474817514419556","1.4474817514419556"
"25832","1.4688752889633179","1.4688752889633179","1.4688752889633179"
"25836","1.5379390716552734","1.5379390716552734","1.5379390716552734"
"25839","1.4513458013534546","1.4513458013534546","1.4513458013534546"
"25846","1.5564460754394531","1.5564460754394531","1.5564460754394531"
"25850","1.446052074432373","1.446052074432373","1.446052074432373"
"25858","1.386803150177002","1.386803150177002","1.386803150177002"
"25871","1.5830881595611572","1.5830881595611572","1.5830881595611572"
"25877","1.498199224472046","1.498199224472046","1.498199224472046"
"25887","1.5480291843414307","1.5480291843414307","1.5480291843414307"
"25890","1.420449137687683","1.420449137687683","1.420449137687683"
"25897","1.5242563486099243","1.5242563486099243","1.5242563486099243"
"25899","1.457331657409668","1.457331657409668","1.457331657409668"
"25906","1.442233681678772","1.442233681678772","1.442233681678772"
"25908","1.5709097385406494","1.5709097385406494","1.5709097385406494"
"25909","1.451839566230774","1.451839566230774","1.451839566230774"
"25912","1.438997745513916","1.438997745513916","1.438997745513916"
"25914","1.4333460330963135","1.4333460330963135","1.4333460330963135"
"25922","1.475555181503296","1.475555181503296","1.475555181503296"
"25925","1.4727559089660645","1.4727559089660645","1.4727559089660645"
"25926","1.4561793804168701","1.4561793804168701","1.4561793804168701"
"25932","1.3924648761749268","1.3924648761749268","1.3924648761749268"
"25934","1.5021717548370361","1.5021717548370361","1.5021717548370361"
"25938","1.5429952144622803","1.5429952144622803","1.5429952144622803"
"25940","1.4921238422393799","1.4921238422393799","1.4921238422393799"
"25941","1.5968586206436157","1.5968586206436157","1.5968586206436157"
"25943","1.5247650146484375","1.5247650146484375","1.5247650146484375"
"25951","1.5034289360046387","1.5034289360046387","1.5034289360046387"
"25954","1.4530918598175049","1.4530918598175049","1.4530918598175049"
"25957","1.509775996208191","1.509775996208191","1.509775996208191"
"25958","1.463324785232544","1.463324785232544","1.463324785232544"
"25961","1.4625324010849","1.4625324010849","1.4625324010849"
"25964","1.4637187719345093","1.4637187719345093","1.4637187719345093"
"25965","1.4507131576538086","1.4507131576538086","1.4507131576538086"
"25966","1.4292552471160889","1.4292552471160889","1.4292552471160889"
"25970","1.4805030822753906","1.4805030822753906","1.4805030822753906"
"25971","1.463850975036621","1.463850975036621","1.463850975036621"
"25978","1.4628853797912598","1.4628853797912598","1.4628853797912598"
"25981","1.4387180805206299","1.4387180805206299","1.4387180805206299"
"25983","1.5394859313964844","1.5394859313964844","1.5394859313964844"
"25985","1.5321099758148193","1.5321099758148193","1.5321099758148193"
"25990","1.4872652292251587","1.4872652292251587","1.4872652292251587"
"26000","1.5511081218719482","1.5511081218719482","1.5511081218719482"
"26015","1.645176887512207","1.645176887512207","1.645176887512207"
"26016","1.5135523080825806","1.5135523080825806","1.5135523080825806"
"26018","1.3236581087112427","1.3236581087112427","1.3236581087112427"
"26019","1.4570876359939575","1.4570876359939575","1.4570876359939575"
"26023","1.4194438457489014","1.4194438457489014","1.4194438457489014"
"26029","1.5106709003448486","1.5106709003448486","1.5106709003448486"
"26032","1.434145450592041","1.434145450592041","1.434145450592041"
"26042","1.469099760055542","1.469099760055542","1.469099760055542"
"26044","1.4306739568710327","1.4306739568710327","1.4306739568710327"
"26046","1.3813610076904297","1.3813610076904297","1.3813610076904297"
"26050","1.4136230945587158","1.4136230945587158","1.4136230945587158"
"26051","1.4559485912322998","1.4559485912322998","1.4559485912322998"
"26053","1.4845757484436035","1.4845757484436035","1.4845757484436035"
"26055","1.415306806564331","1.415306806564331","1.415306806564331"
"26068","1.4219329357147217","1.4219329357147217","1.4219329357147217"
"26071","1.495868444442749","1.495868444442749","1.495868444442749"
"26072","1.4710118770599365","1.4710118770599365","1.4710118770599365"
"26075","1.394810438156128","1.394810438156128","1.394810438156128"
"26079","1.349170446395874","1.349170446395874","1.349170446395874"
"26082","1.4462302923202515","1.4462302923202515","1.4462302923202515"
"26084","1.5151969194412231","1.5151969194412231","1.5151969194412231"
"26085","1.4059176445007324","1.4059176445007324","1.4059176445007324"
"26090","1.559363842010498","1.559363842010498","1.559363842010498"
"26091","1.4048218727111816","1.4048218727111816","1.4048218727111816"
"26094","1.4788703918457031","1.4788703918457031","1.4788703918457031"
"26102","1.4078880548477173","1.4078880548477173","1.4078880548477173"
"26106","1.425091028213501","1.425091028213501","1.425091028213501"
"26113","1.4221667051315308","1.4221667051315308","1.4221667051315308"
"26114","1.4843814373016357","1.4843814373016357","1.4843814373016357"
"26115","1.4633852243423462","1.4633852243423462","1.4633852243423462"
"26116","1.4655207395553589","1.4655207395553589","1.4655207395553589"
"26118","1.367007851600647","1.367007851600647","1.367007851600647"
"26121","1.4909288883209229","1.4909288883209229","1.4909288883209229"
"26122","1.5135637521743774","1.5135637521743774","1.5135637521743774"
"26129","1.3882460594177246","1.3882460594177246","1.3882460594177246"
"26132","1.4149305820465088","1.4149305820465088","1.4149305820465088"
"26138","1.39675772190094","1.39675772190094","1.39675772190094"
"26144","1.4738901853561401","1.4738901853561401","1.4738901853561401"
"26149","1.5734678506851196","1.5734678506851196","1.5734678506851196"
"26150","1.5414040088653564","1.5414040088653564","1.5414040088653564"
"26154","1.474478006362915","1.474478006362915","1.474478006362915"
"26155","1.4078192710876465","1.4078192710876465","1.4078192710876465"
"26159","1.4408499002456665","1.4408499002456665","1.4408499002456665"
"26161","1.4413352012634277","1.4413352012634277","1.4413352012634277"
"26164","1.5132005214691162","1.5132005214691162","1.5132005214691162"
"26167","1.4371521472930908","1.4371521472930908","1.4371521472930908"
"26169","1.4759191274642944","1.4759191274642944","1.4759191274642944"
"26170","1.3813514709472656","1.3813514709472656","1.3813514709472656"
"26177","1.385331392288208","1.385331392288208","1.385331392288208"
"26178","1.5146052837371826","1.5146052837371826","1.5146052837371826"
"26184","1.387399673461914","1.387399673461914","1.387399673461914"
"26185","1.3560233116149902","1.3560233116149902","1.3560233116149902"
"26199","1.3892560005187988","1.3892560005187988","1.3892560005187988"
"26200","1.4521905183792114","1.4521905183792114","1.4521905183792114"
"26210","1.538898229598999","1.538898229598999","1.538898229598999"
"26217","1.5215306282043457","1.5215306282043457","1.5215306282043457"
"26220","1.5412724018096924","1.5412724018096924","1.5412724018096924"
"26223","1.4696611166000366","1.4696611166000366","1.4696611166000366"
"26227","1.4947048425674438","1.4947048425674438","1.4947048425674438"
"26235","1.676071286201477","1.676071286201477","1.676071286201477"
"26239","1.3991063833236694","1.3991063833236694","1.3991063833236694"
"26240","1.5022790431976318","1.5022790431976318","1.5022790431976318"
"26252","1.5149030685424805","1.5149030685424805","1.5149030685424805"
"26253","1.563889980316162","1.563889980316162","1.563889980316162"
"26259","1.57127845287323","1.57127845287323","1.57127845287323"
"26260","1.6149711608886719","1.6149711608886719","1.6149711608886719"
"26264","1.3786207437515259","1.3786207437515259","1.3786207437515259"
"26266","1.609526515007019","1.609526515007019","1.609526515007019"
"26267","1.5665419101715088","1.5665419101715088","1.5665419101715088"
"26290","1.3997652530670166","1.3997652530670166","1.3997652530670166"
"26295","1.4429433345794678","1.4429433345794678","1.4429433345794678"
"26298","1.5080363750457764","1.5080363750457764","1.5080363750457764"
"26307","1.4246912002563477","1.4246912002563477","1.4246912002563477"
"26311","1.4467847347259521","1.4467847347259521","1.4467847347259521"
"26312","1.5111823081970215","1.5111823081970215","1.5111823081970215"
"26317","1.471818447113037","1.471818447113037","1.471818447113037"
"26318","1.4580405950546265","1.4580405950546265","1.4580405950546265"
"26319","1.477510929107666","1.477510929107666","1.477510929107666"
"26320","1.4361844062805176","1.4361844062805176","1.4361844062805176"
"26321","1.5216116905212402","1.5216116905212402","1.5216116905212402"
"26331","1.4422640800476074","1.4422640800476074","1.4422640800476074"
"26332","1.398380160331726","1.398380160331726","1.398380160331726"
"26333","1.4920306205749512","1.4920306205749512","1.4920306205749512"
"26343","1.3415170907974243","1.3415170907974243","1.3415170907974243"
"26346","1.454176425933838","1.454176425933838","1.454176425933838"
"26348","1.4358524084091187","1.4358524084091187","1.4358524084091187"
"26357","1.4430112838745117","1.4430112838745117","1.4430112838745117"
"26362","1.3627755641937256","1.3627755641937256","1.3627755641937256"
"26365","1.5528624057769775","1.5528624057769775","1.5528624057769775"
"26366","1.3906328678131104","1.3906328678131104","1.3906328678131104"
"26370","1.4831990003585815","1.4831990003585815","1.4831990003585815"
"26372","1.4385476112365723","1.4385476112365723","1.4385476112365723"
"26376","1.4682741165161133","1.4682741165161133","1.4682741165161133"
"26377","1.4406468868255615","1.4406468868255615","1.4406468868255615"
"26383","1.3271348476409912","1.3271348476409912","1.3271348476409912"
"26384","1.4899027347564697","1.4899027347564697","1.4899027347564697"
"26387","1.3996703624725342","1.3996703624725342","1.3996703624725342"
"26390","1.471304178237915","1.471304178237915","1.471304178237915"
"26393","1.435247540473938","1.435247540473938","1.435247540473938"
"26395","1.3623483180999756","1.3623483180999756","1.3623483180999756"
"26398","1.3729182481765747","1.3729182481765747","1.3729182481765747"
"26400","1.442389965057373","1.442389965057373","1.442389965057373"
"26408","1.449883222579956","1.449883222579956","1.449883222579956"
"26411","1.3907208442687988","1.3907208442687988","1.3907208442687988"
"26416","1.499327540397644","1.499327540397644","1.499327540397644"
"26423","1.3747694492340088","1.3747694492340088","1.3747694492340088"
"26424","1.4080979824066162","1.4080979824066162","1.4080979824066162"
"26431","1.5042200088500977","1.5042200088500977","1.5042200088500977"
"26444","1.4257479906082153","1.4257479906082153","1.4257479906082153"
"26445","1.5448875427246094","1.5448875427246094","1.5448875427246094"
"26453","1.3737475872039795","1.3737475872039795","1.3737475872039795"
"26461","1.4547194242477417","1.4547194242477417","1.4547194242477417"
"26464","1.3987621068954468","1.3987621068954468","1.3987621068954468"
"26469","1.3989311456680298","1.3989311456680298","1.3989311456680298"
"26473","1.4460675716400146","1.4460675716400146","1.4460675716400146"
"26474","1.4764776229858398","1.4764776229858398","1.4764776229858398"
"26475","1.4118866920471191","1.4118866920471191","1.4118866920471191"
"26481","1.4021425247192383","1.4021425247192383","1.4021425247192383"
"26482","1.351509690284729","1.351509690284729","1.351509690284729"
"26483","1.5385024547576904","1.5385024547576904","1.5385024547576904"
"26484","1.4601471424102783","1.4601471424102783","1.4601471424102783"
"26486","1.3750468492507935","1.3750468492507935","1.3750468492507935"
"26490","1.4224939346313477","1.4224939346313477","1.4224939346313477"
"26502","1.3861240148544312","1.3861240148544312","1.3861240148544312"
"26507","1.4377295970916748","1.4377295970916748","1.4377295970916748"
"26510","1.374739408493042","1.374739408493042","1.374739408493042"
"26511","1.4942679405212402","1.4942679405212402","1.4942679405212402"
"26515","1.529062032699585","1.529062032699585","1.529062032699585"
"26521","1.5700527429580688","1.5700527429580688","1.5700527429580688"
"26523","1.4743976593017578","1.4743976593017578","1.4743976593017578"
"26529","1.4579811096191406","1.4579811096191406","1.4579811096191406"
"26533","1.4974384307861328","1.4974384307861328","1.4974384307861328"
"26546","1.4112216234207153","1.4112216234207153","1.4112216234207153"
"26547","1.511620044708252","1.511620044708252","1.511620044708252"
"26552","1.4821702241897583","1.4821702241897583","1.4821702241897583"
"26557","1.4147660732269287","1.4147660732269287","1.4147660732269287"
"26561","1.512115240097046","1.512115240097046","1.512115240097046"
"26565","1.482838749885559","1.482838749885559","1.482838749885559"
"26568","1.4375965595245361","1.4375965595245361","1.4375965595245361"
"26569","1.599384069442749","1.599384069442749","1.599384069442749"
"26572","1.5460047721862793","1.5460047721862793","1.5460047721862793"
"26577","1.426703929901123","1.426703929901123","1.426703929901123"
"26578","1.497429370880127","1.497429370880127","1.497429370880127"
"26589","1.4404044151306152","1.4404044151306152","1.4404044151306152"
"26591","1.4095898866653442","1.4095898866653442","1.4095898866653442"
"26598","1.4530999660491943","1.4530999660491943","1.4530999660491943"
"26602","1.6215829849243164","1.6215829849243164","1.6215829849243164"
"26625","1.4696340560913086","1.4696340560913086","1.4696340560913086"
"26626","1.4227021932601929","1.4227021932601929","1.4227021932601929"
"26628","1.6083502769470215","1.6083502769470215","1.6083502769470215"
"26629","1.4507849216461182","1.4507849216461182","1.4507849216461182"
"26635","1.4069437980651855","1.4069437980651855","1.4069437980651855"
"26636","1.4649512767791748","1.4649512767791748","1.4649512767791748"
"26660","1.4368696212768555","1.4368696212768555","1.4368696212768555"
"26663","1.4799375534057617","1.4799375534057617","1.4799375534057617"
"26669","1.433722734451294","1.433722734451294","1.433722734451294"
"26674","1.5138872861862183","1.5138872861862183","1.5138872861862183"
"26679","1.3981735706329346","1.3981735706329346","1.3981735706329346"
"26686","1.480797529220581","1.480797529220581","1.480797529220581"
"26688","1.4811042547225952","1.4811042547225952","1.4811042547225952"
"26691","1.5548276901245117","1.5548276901245117","1.5548276901245117"
"26694","1.5034722089767456","1.5034722089767456","1.5034722089767456"
"26701","1.420541524887085","1.420541524887085","1.420541524887085"
"26708","1.431190848350525","1.431190848350525","1.431190848350525"
"26709","1.5186057090759277","1.5186057090759277","1.5186057090759277"
"26723","1.5137243270874023","1.5137243270874023","1.5137243270874023"
"26726","1.4126026630401611","1.4126026630401611","1.4126026630401611"
"26737","1.4523910284042358","1.4523910284042358","1.4523910284042358"
"26738","1.402878999710083","1.402878999710083","1.402878999710083"
"26741","1.5894057750701904","1.5894057750701904","1.5894057750701904"
"26752","1.5438978672027588","1.5438978672027588","1.5438978672027588"
"26753","1.4838197231292725","1.4838197231292725","1.4838197231292725"
"26759","1.4521130323410034","1.4521130323410034","1.4521130323410034"
"26762","1.4291365146636963","1.4291365146636963","1.4291365146636963"
"26763","1.4774012565612793","1.4774012565612793","1.4774012565612793"
"26767","1.4470317363739014","1.4470317363739014","1.4470317363739014"
"26768","1.4046611785888672","1.4046611785888672","1.4046611785888672"
"26772","1.4206640720367432","1.4206640720367432","1.4206640720367432"
"26775","1.5573670864105225","1.5573670864105225","1.5573670864105225"
"26777","1.4238519668579102","1.4238519668579102","1.4238519668579102"
"26779","1.4496259689331055","1.4496259689331055","1.4496259689331055"
"26782","1.5505077838897705","1.5505077838897705","1.5505077838897705"
"26786","1.4327138662338257","1.4327138662338257","1.4327138662338257"
"26790","1.6055057048797607","1.6055057048797607","1.6055057048797607"
"26798","1.4259873628616333","1.4259873628616333","1.4259873628616333"
"26799","1.5610435009002686","1.5610435009002686","1.5610435009002686"
"26809","1.473436951637268","1.473436951637268","1.473436951637268"
"26817","1.4885096549987793","1.4885096549987793","1.4885096549987793"
"26819","1.3327977657318115","1.3327977657318115","1.3327977657318115"
"26821","1.4137094020843506","1.4137094020843506","1.4137094020843506"
"26834","1.3387749195098877","1.3387749195098877","1.3387749195098877"
"26835","1.4822382926940918","1.4822382926940918","1.4822382926940918"
"26837","1.357684850692749","1.357684850692749","1.357684850692749"
"26838","1.5494420528411865","1.5494420528411865","1.5494420528411865"
"26845","1.42198646068573","1.42198646068573","1.42198646068573"
"26847","1.471527338027954","1.471527338027954","1.471527338027954"
"26850","1.4635238647460938","1.4635238647460938","1.4635238647460938"
"26862","1.6230907440185547","1.6230907440185547","1.6230907440185547"
"26863","1.4946558475494385","1.4946558475494385","1.4946558475494385"
"26868","1.437875509262085","1.437875509262085","1.437875509262085"
"26877","1.454832911491394","1.454832911491394","1.454832911491394"
"26878","1.5612881183624268","1.5612881183624268","1.5612881183624268"
"26888","1.5073763132095337","1.5073763132095337","1.5073763132095337"
"26891","1.5773594379425049","1.5773594379425049","1.5773594379425049"
"26900","1.4756784439086914","1.4756784439086914","1.4756784439086914"
"26901","1.4597363471984863","1.4597363471984863","1.4597363471984863"
"26905","1.3753228187561035","1.3753228187561035","1.3753228187561035"
"26911","1.5116773843765259","1.5116773843765259","1.5116773843765259"
"26925","1.496192455291748","1.496192455291748","1.496192455291748"
"26929","1.5271503925323486","1.5271503925323486","1.5271503925323486"
"26934","1.4628841876983643","1.4628841876983643","1.4628841876983643"
"26938","1.452858567237854","1.452858567237854","1.452858567237854"
"26945","1.5944689512252808","1.5944689512252808","1.5944689512252808"
"26951","1.375537395477295","1.375537395477295","1.375537395477295"
"26952","1.4698750972747803","1.4698750972747803","1.4698750972747803"
"26959","1.453011393547058","1.453011393547058","1.453011393547058"
"26960","1.4766075611114502","1.4766075611114502","1.4766075611114502"
"26968","1.4566603899002075","1.4566603899002075","1.4566603899002075"
"26969","1.3679654598236084","1.3679654598236084","1.3679654598236084"
"26973","1.456852674484253","1.456852674484253","1.456852674484253"
"26975","1.479613184928894","1.479613184928894","1.479613184928894"
"26979","1.4598677158355713","1.4598677158355713","1.4598677158355713"
"26980","1.5289161205291748","1.5289161205291748","1.5289161205291748"
"26981","1.480381965637207","1.480381965637207","1.480381965637207"
"26983","1.453134536743164","1.453134536743164","1.453134536743164"
"26988","1.340869426727295","1.340869426727295","1.340869426727295"
"26990","1.4915975332260132","1.4915975332260132","1.4915975332260132"
"26993","1.3813471794128418","1.3813471794128418","1.3813471794128418"
"26998","1.5240209102630615","1.5240209102630615","1.5240209102630615"
"26999","1.4115393161773682","1.4115393161773682","1.4115393161773682"
"27002","1.504378318786621","1.504378318786621","1.504378318786621"
"27004","1.4887878894805908","1.4887878894805908","1.4887878894805908"
"27005","1.4483978748321533","1.4483978748321533","1.4483978748321533"
"27014","1.5112056732177734","1.5112056732177734","1.5112056732177734"
"27015","1.5192830562591553","1.5192830562591553","1.5192830562591553"
"27019","1.4443378448486328","1.4443378448486328","1.4443378448486328"
"27033","1.5020300149917603","1.5020300149917603","1.5020300149917603"
"27036","1.430774211883545","1.430774211883545","1.430774211883545"
"27041","1.4763867855072021","1.4763867855072021","1.4763867855072021"
"27046","1.3865666389465332","1.3865666389465332","1.3865666389465332"
"27052","1.3720062971115112","1.3720062971115112","1.3720062971115112"
"27056","1.5257612466812134","1.5257612466812134","1.5257612466812134"
"27058","1.342651128768921","1.342651128768921","1.342651128768921"
"27063","1.533073902130127","1.533073902130127","1.533073902130127"
"27067","1.4891135692596436","1.4891135692596436","1.4891135692596436"
"27069","1.4496002197265625","1.4496002197265625","1.4496002197265625"
"27070","1.4950673580169678","1.4950673580169678","1.4950673580169678"
"27085","1.3917086124420166","1.3917086124420166","1.3917086124420166"
"27087","1.3396461009979248","1.3396461009979248","1.3396461009979248"
"27089","1.579549789428711","1.579549789428711","1.579549789428711"
"27091","1.3747282028198242","1.3747282028198242","1.3747282028198242"
"27093","1.4660390615463257","1.4660390615463257","1.4660390615463257"
"27094","1.4322030544281006","1.4322030544281006","1.4322030544281006"
"27100","1.3915852308273315","1.3915852308273315","1.3915852308273315"
"27103","1.4847639799118042","1.4847639799118042","1.4847639799118042"
"27104","1.4179445505142212","1.4179445505142212","1.4179445505142212"
"27118","1.5220160484313965","1.5220160484313965","1.5220160484313965"
"27128","1.4413273334503174","1.4413273334503174","1.4413273334503174"
"27131","1.3597798347473145","1.3597798347473145","1.3597798347473145"
"27132","1.4302701950073242","1.4302701950073242","1.4302701950073242"
"27138","1.4446806907653809","1.4446806907653809","1.4446806907653809"
"27139","1.4815764427185059","1.4815764427185059","1.4815764427185059"
"27140","1.4434688091278076","1.4434688091278076","1.4434688091278076"
"27142","1.5164234638214111","1.5164234638214111","1.5164234638214111"
"27146","1.4084606170654297","1.4084606170654297","1.4084606170654297"
"27148","1.3901088237762451","1.3901088237762451","1.3901088237762451"
"27151","1.4617605209350586","1.4617605209350586","1.4617605209350586"
"27160","1.385740041732788","1.385740041732788","1.385740041732788"
"27164","1.46890127658844","1.46890127658844","1.46890127658844"
"27166","1.5613775253295898","1.5613775253295898","1.5613775253295898"
"27167","1.3177355527877808","1.3177355527877808","1.3177355527877808"
"27170","1.476365089416504","1.476365089416504","1.476365089416504"
"27180","1.460904598236084","1.460904598236084","1.460904598236084"
"27181","1.4615544080734253","1.4615544080734253","1.4615544080734253"
"27183","1.461763620376587","1.461763620376587","1.461763620376587"
"27184","1.3920183181762695","1.3920183181762695","1.3920183181762695"
"27185","1.4284981489181519","1.4284981489181519","1.4284981489181519"
"27188","1.5063258409500122","1.5063258409500122","1.5063258409500122"
"27190","1.41383695602417","1.41383695602417","1.41383695602417"
"27191","1.5654444694519043","1.5654444694519043","1.5654444694519043"
"27192","1.4279687404632568","1.4279687404632568","1.4279687404632568"
"27193","1.5766005516052246","1.5766005516052246","1.5766005516052246"
"27194","1.4699169397354126","1.4699169397354126","1.4699169397354126"
"27196","1.5330227613449097","1.5330227613449097","1.5330227613449097"
"27198","1.404599905014038","1.404599905014038","1.404599905014038"
"27200","1.5149281024932861","1.5149281024932861","1.5149281024932861"
"27201","1.4148958921432495","1.4148958921432495","1.4148958921432495"
"27204","1.4761704206466675","1.4761704206466675","1.4761704206466675"
"27209","1.449440836906433","1.449440836906433","1.449440836906433"
"27214","1.4423898458480835","1.4423898458480835","1.4423898458480835"
"27217","1.4295209646224976","1.4295209646224976","1.4295209646224976"
"27220","1.5491739511489868","1.5491739511489868","1.5491739511489868"
"27225","1.440927267074585","1.440927267074585","1.440927267074585"
"27227","1.4077074527740479","1.4077074527740479","1.4077074527740479"
"27228","1.4391977787017822","1.4391977787017822","1.4391977787017822"
"27229","1.49169921875","1.49169921875","1.49169921875"
"27236","1.5605614185333252","1.5605614185333252","1.5605614185333252"
"27240","1.404076337814331","1.404076337814331","1.404076337814331"
"27248","1.469171404838562","1.469171404838562","1.469171404838562"
"27252","1.49122953414917","1.49122953414917","1.49122953414917"
"27255","1.4662621021270752","1.4662621021270752","1.4662621021270752"
"27263","1.467041254043579","1.467041254043579","1.467041254043579"
"27271","1.3465747833251953","1.3465747833251953","1.3465747833251953"
"27273","1.5099107027053833","1.5099107027053833","1.5099107027053833"
"27274","1.4371471405029297","1.4371471405029297","1.4371471405029297"
"27278","1.4625154733657837","1.4625154733657837","1.4625154733657837"
"27286","1.3893141746520996","1.3893141746520996","1.3893141746520996"
"27287","1.438852071762085","1.438852071762085","1.438852071762085"
"27290","1.4766201972961426","1.4766201972961426","1.4766201972961426"
"27291","1.3806425333023071","1.3806425333023071","1.3806425333023071"
"27294","1.4935781955718994","1.4935781955718994","1.4935781955718994"
"27305","1.493585467338562","1.493585467338562","1.493585467338562"
"27316","1.4390296936035156","1.4390296936035156","1.4390296936035156"
"27318","1.4318379163742065","1.4318379163742065","1.4318379163742065"
"27325","1.4477505683898926","1.4477505683898926","1.4477505683898926"
"27327","1.4381487369537354","1.4381487369537354","1.4381487369537354"
"27328","1.5267521142959595","1.5267521142959595","1.5267521142959595"
"27332","1.4317649602890015","1.4317649602890015","1.4317649602890015"
"27337","1.4041658639907837","1.4041658639907837","1.4041658639907837"
"27345","1.4171209335327148","1.4171209335327148","1.4171209335327148"
"27347","1.4202637672424316","1.4202637672424316","1.4202637672424316"
"27349","1.5564525127410889","1.5564525127410889","1.5564525127410889"
"27351","1.4320889711380005","1.4320889711380005","1.4320889711380005"
"27367","1.4325940608978271","1.4325940608978271","1.4325940608978271"
"27373","1.467747688293457","1.467747688293457","1.467747688293457"
"27380","1.4625184535980225","1.4625184535980225","1.4625184535980225"
"27384","1.39947509765625","1.39947509765625","1.39947509765625"
"27385","1.463545799255371","1.463545799255371","1.463545799255371"
"27392","1.4109818935394287","1.4109818935394287","1.4109818935394287"
"27396","1.4732084274291992","1.4732084274291992","1.4732084274291992"
"27397","1.5159034729003906","1.5159034729003906","1.5159034729003906"
"27401","1.3930914402008057","1.3930914402008057","1.3930914402008057"
"27402","1.4411845207214355","1.4411845207214355","1.4411845207214355"
"27408","1.4783098697662354","1.4783098697662354","1.4783098697662354"
"27409","1.4340394735336304","1.4340394735336304","1.4340394735336304"
"27415","1.3453214168548584","1.3453214168548584","1.3453214168548584"
"27420","1.4892425537109375","1.4892425537109375","1.4892425537109375"
"27433","1.5543272495269775","1.5543272495269775","1.5543272495269775"
"27435","1.3803166151046753","1.3803166151046753","1.3803166151046753"
"27436","1.4373219013214111","1.4373219013214111","1.4373219013214111"
"27443","1.4909799098968506","1.4909799098968506","1.4909799098968506"
"27446","1.49679696559906","1.49679696559906","1.49679696559906"
"27448","1.447849154472351","1.447849154472351","1.447849154472351"
"27449","1.4774140119552612","1.4774140119552612","1.4774140119552612"
"27454","1.5541850328445435","1.5541850328445435","1.5541850328445435"
"27458","1.4274020195007324","1.4274020195007324","1.4274020195007324"
"27464","1.4868619441986084","1.4868619441986084","1.4868619441986084"
"27467","1.4566208124160767","1.4566208124160767","1.4566208124160767"
"27470","1.4544533491134644","1.4544533491134644","1.4544533491134644"
"27473","1.460817813873291","1.460817813873291","1.460817813873291"
"27474","1.4270800352096558","1.4270800352096558","1.4270800352096558"
"27476","1.5283088684082031","1.5283088684082031","1.5283088684082031"
"27477","1.5329630374908447","1.5329630374908447","1.5329630374908447"
"27479","1.4500086307525635","1.4500086307525635","1.4500086307525635"
"27480","1.4336414337158203","1.4336414337158203","1.4336414337158203"
"27481","1.557161808013916","1.557161808013916","1.557161808013916"
"27487","1.4512020349502563","1.4512020349502563","1.4512020349502563"
"27492","1.4433518648147583","1.4433518648147583","1.4433518648147583"
"27494","1.3865900039672852","1.3865900039672852","1.3865900039672852"
"27497","1.46516752243042","1.46516752243042","1.46516752243042"
"27498","1.5166125297546387","1.5166125297546387","1.5166125297546387"
"27506","1.383368968963623","1.383368968963623","1.383368968963623"
"27507","1.4037411212921143","1.4037411212921143","1.4037411212921143"
"27508","1.3846328258514404","1.3846328258514404","1.3846328258514404"
"27509","1.4335353374481201","1.4335353374481201","1.4335353374481201"
"27511","1.480893850326538","1.480893850326538","1.480893850326538"
"27512","1.5470170974731445","1.5470170974731445","1.5470170974731445"
"27513","1.4489630460739136","1.4489630460739136","1.4489630460739136"
"27515","1.5382078886032104","1.5382078886032104","1.5382078886032104"
"27517","1.5221333503723145","1.5221333503723145","1.5221333503723145"
"27518","1.4746859073638916","1.4746859073638916","1.4746859073638916"
"27526","1.4954777956008911","1.4954777956008911","1.4954777956008911"
"27528","1.433180809020996","1.433180809020996","1.433180809020996"
"27531","1.5079727172851562","1.5079727172851562","1.5079727172851562"
"27542","1.4609278440475464","1.4609278440475464","1.4609278440475464"
"27545","1.4897576570510864","1.4897576570510864","1.4897576570510864"
"27547","1.4473363161087036","1.4473363161087036","1.4473363161087036"
"27548","1.4017374515533447","1.4017374515533447","1.4017374515533447"
"27549","1.517555594444275","1.517555594444275","1.517555594444275"
"27554","1.5207979679107666","1.5207979679107666","1.5207979679107666"
"27556","1.5194547176361084","1.5194547176361084","1.5194547176361084"
"27564","1.475409746170044","1.475409746170044","1.475409746170044"
"27567","1.401473045349121","1.401473045349121","1.401473045349121"
"27569","1.524407148361206","1.524407148361206","1.524407148361206"
"27570","1.4318463802337646","1.4318463802337646","1.4318463802337646"
"27574","1.4324452877044678","1.4324452877044678","1.4324452877044678"
"27590","1.5566046237945557","1.5566046237945557","1.5566046237945557"
"27591","1.3784641027450562","1.3784641027450562","1.3784641027450562"
"27592","1.4829254150390625","1.4829254150390625","1.4829254150390625"
"27595","1.5117530822753906","1.5117530822753906","1.5117530822753906"
"27596","1.5308172702789307","1.5308172702789307","1.5308172702789307"
"27601","1.5070116519927979","1.5070116519927979","1.5070116519927979"
"27614","1.3751221895217896","1.3751221895217896","1.3751221895217896"
"27618","1.4790196418762207","1.4790196418762207","1.4790196418762207"
"27623","1.4828475713729858","1.4828475713729858","1.4828475713729858"
"27625","1.4102342128753662","1.4102342128753662","1.4102342128753662"
"27628","1.541851282119751","1.541851282119751","1.541851282119751"
"27630","1.4868429899215698","1.4868429899215698","1.4868429899215698"
"27631","1.4710460901260376","1.4710460901260376","1.4710460901260376"
"27634","1.4501557350158691","1.4501557350158691","1.4501557350158691"
"27636","1.3666279315948486","1.3666279315948486","1.3666279315948486"
"27640","1.4013397693634033","1.4013397693634033","1.4013397693634033"
"27647","1.4584746360778809","1.4584746360778809","1.4584746360778809"
"27650","1.370542287826538","1.370542287826538","1.370542287826538"
"27651","1.4193642139434814","1.4193642139434814","1.4193642139434814"
"27652","1.4649603366851807","1.4649603366851807","1.4649603366851807"
"27656","1.4829521179199219","1.4829521179199219","1.4829521179199219"
"27658","1.434704303741455","1.434704303741455","1.434704303741455"
"27661","1.4911766052246094","1.4911766052246094","1.4911766052246094"
"27663","1.4357695579528809","1.4357695579528809","1.4357695579528809"
"27680","1.5061872005462646","1.5061872005462646","1.5061872005462646"
"27681","1.4444613456726074","1.4444613456726074","1.4444613456726074"
"27683","1.5001389980316162","1.5001389980316162","1.5001389980316162"
"27685","1.5267772674560547","1.5267772674560547","1.5267772674560547"
"27690","1.4071054458618164","1.4071054458618164","1.4071054458618164"
"27702","1.4311096668243408","1.4311096668243408","1.4311096668243408"
"27708","1.4342120885849","1.4342120885849","1.4342120885849"
"27712","1.4398207664489746","1.4398207664489746","1.4398207664489746"
"27713","1.4405158758163452","1.4405158758163452","1.4405158758163452"
"27717","1.5351098775863647","1.5351098775863647","1.5351098775863647"
"27721","1.3837292194366455","1.3837292194366455","1.3837292194366455"
"27728","1.462414026260376","1.462414026260376","1.462414026260376"
"27732","1.4484703540802002","1.4484703540802002","1.4484703540802002"
"27736","1.5827758312225342","1.5827758312225342","1.5827758312225342"
"27737","1.333253264427185","1.333253264427185","1.333253264427185"
"27744","1.4847103357315063","1.4847103357315063","1.4847103357315063"
"27745","1.5441811084747314","1.5441811084747314","1.5441811084747314"
"27749","1.4804596900939941","1.4804596900939941","1.4804596900939941"
"27751","1.4231843948364258","1.4231843948364258","1.4231843948364258"
"27753","1.505321741104126","1.505321741104126","1.505321741104126"
"27754","1.4033927917480469","1.4033927917480469","1.4033927917480469"
"27761","1.509334921836853","1.509334921836853","1.509334921836853"
"27765","1.3518667221069336","1.3518667221069336","1.3518667221069336"
"27770","1.384690761566162","1.384690761566162","1.384690761566162"
"27772","1.4452621936798096","1.4452621936798096","1.4452621936798096"
"27775","1.4556808471679688","1.4556808471679688","1.4556808471679688"
"27782","1.566735863685608","1.566735863685608","1.566735863685608"
"27791","1.5519556999206543","1.5519556999206543","1.5519556999206543"
"27794","1.4818588495254517","1.4818588495254517","1.4818588495254517"
"27796","1.4460875988006592","1.4460875988006592","1.4460875988006592"
"27799","1.405513048171997","1.405513048171997","1.405513048171997"
"27800","1.3709259033203125","1.3709259033203125","1.3709259033203125"
"27815","1.3827762603759766","1.3827762603759766","1.3827762603759766"
"27821","1.3950716257095337","1.3950716257095337","1.3950716257095337"
"27830","1.357642412185669","1.357642412185669","1.357642412185669"
"27833","1.4411782026290894","1.4411782026290894","1.4411782026290894"
"27834","1.3835234642028809","1.3835234642028809","1.3835234642028809"
"27840","1.512975811958313","1.512975811958313","1.512975811958313"
"27847","1.4290615320205688","1.4290615320205688","1.4290615320205688"
"27849","1.479557991027832","1.479557991027832","1.479557991027832"
"27855","1.4217637777328491","1.4217637777328491","1.4217637777328491"
"27864","1.5351589918136597","1.5351589918136597","1.5351589918136597"
"27865","1.467132568359375","1.467132568359375","1.467132568359375"
"27868","1.4459887742996216","1.4459887742996216","1.4459887742996216"
"27870","1.421404480934143","1.421404480934143","1.421404480934143"
"27879","1.39443838596344","1.39443838596344","1.39443838596344"
"27889","1.4064934253692627","1.4064934253692627","1.4064934253692627"
"27896","1.429652214050293","1.429652214050293","1.429652214050293"
"27900","1.454311728477478","1.454311728477478","1.454311728477478"
"27905","1.5298128128051758","1.5298128128051758","1.5298128128051758"
"27908","1.5141568183898926","1.5141568183898926","1.5141568183898926"
"27913","1.4131968021392822","1.4131968021392822","1.4131968021392822"
"27918","1.4565339088439941","1.4565339088439941","1.4565339088439941"
"27919","1.5499769449234009","1.5499769449234009","1.5499769449234009"
"27920","1.5072150230407715","1.5072150230407715","1.5072150230407715"
"27921","1.5189383029937744","1.5189383029937744","1.5189383029937744"
"27923","1.5588196516036987","1.5588196516036987","1.5588196516036987"
"27926","1.4532647132873535","1.4532647132873535","1.4532647132873535"
"27927","1.3528838157653809","1.3528838157653809","1.3528838157653809"
"27929","1.6081197261810303","1.6081197261810303","1.6081197261810303"
"27931","1.4004626274108887","1.4004626274108887","1.4004626274108887"
"27936","1.4224140644073486","1.4224140644073486","1.4224140644073486"
"27938","1.4624688625335693","1.4624688625335693","1.4624688625335693"
"27946","1.4251127243041992","1.4251127243041992","1.4251127243041992"
"27949","1.4841140508651733","1.4841140508651733","1.4841140508651733"
"27956","1.4062812328338623","1.4062812328338623","1.4062812328338623"
"27962","1.4386979341506958","1.4386979341506958","1.4386979341506958"
"27965","1.3682693243026733","1.3682693243026733","1.3682693243026733"
"27969","1.4644770622253418","1.4644770622253418","1.4644770622253418"
"27970","1.4559292793273926","1.4559292793273926","1.4559292793273926"
"27971","1.5564945936203003","1.5564945936203003","1.5564945936203003"
"27972","1.4904268980026245","1.4904268980026245","1.4904268980026245"
"27974","1.4108085632324219","1.4108085632324219","1.4108085632324219"
"27977","1.4790741205215454","1.4790741205215454","1.4790741205215454"
"27979","1.4861795902252197","1.4861795902252197","1.4861795902252197"
"27985","1.4594199657440186","1.4594199657440186","1.4594199657440186"
"27989","1.3911972045898438","1.3911972045898438","1.3911972045898438"
"27991","1.511476993560791","1.511476993560791","1.511476993560791"
"27993","1.4998555183410645","1.4998555183410645","1.4998555183410645"
"27995","1.4163284301757812","1.4163284301757812","1.4163284301757812"
"27996","1.4601107835769653","1.4601107835769653","1.4601107835769653"
"28001","1.4224958419799805","1.4224958419799805","1.4224958419799805"
"28007","1.4883756637573242","1.4883756637573242","1.4883756637573242"
"28011","1.556489109992981","1.556489109992981","1.556489109992981"
"28015","1.3785531520843506","1.3785531520843506","1.3785531520843506"
"28016","1.4721705913543701","1.4721705913543701","1.4721705913543701"
"28025","1.4240654706954956","1.4240654706954956","1.4240654706954956"
"28030","1.488476037979126","1.488476037979126","1.488476037979126"
"28035","1.4639873504638672","1.4639873504638672","1.4639873504638672"
"28036","1.4599287509918213","1.4599287509918213","1.4599287509918213"
"28048","1.4981147050857544","1.4981147050857544","1.4981147050857544"
"28064","1.3538569211959839","1.3538569211959839","1.3538569211959839"
"28067","1.4344594478607178","1.4344594478607178","1.4344594478607178"
"28070","1.3059759140014648","1.3059759140014648","1.3059759140014648"
"28071","1.3359148502349854","1.3359148502349854","1.3359148502349854"
"28077","1.4172766208648682","1.4172766208648682","1.4172766208648682"
"28078","1.4285759925842285","1.4285759925842285","1.4285759925842285"
"28079","1.485209345817566","1.485209345817566","1.485209345817566"
"28083","1.455871343612671","1.455871343612671","1.455871343612671"
"28084","1.3666608333587646","1.3666608333587646","1.3666608333587646"
"28087","1.4165380001068115","1.4165380001068115","1.4165380001068115"
"28090","1.5171840190887451","1.5171840190887451","1.5171840190887451"
"28093","1.4654359817504883","1.4654359817504883","1.4654359817504883"
"28094","1.4644510746002197","1.4644510746002197","1.4644510746002197"
"28095","1.4603514671325684","1.4603514671325684","1.4603514671325684"
"28099","1.3676962852478027","1.3676962852478027","1.3676962852478027"
"28102","1.4182257652282715","1.4182257652282715","1.4182257652282715"
"28108","1.5198354721069336","1.5198354721069336","1.5198354721069336"
"28113","1.4217653274536133","1.4217653274536133","1.4217653274536133"
"28116","1.4293725490570068","1.4293725490570068","1.4293725490570068"
"28118","1.5035510063171387","1.5035510063171387","1.5035510063171387"
"28127","1.4807792901992798","1.4807792901992798","1.4807792901992798"
"28129","1.4575245380401611","1.4575245380401611","1.4575245380401611"
"28133","1.5038353204727173","1.5038353204727173","1.5038353204727173"
"28134","1.4530034065246582","1.4530034065246582","1.4530034065246582"
"28150","1.452702283859253","1.452702283859253","1.452702283859253"
"28157","1.3918625116348267","1.3918625116348267","1.3918625116348267"
"28160","1.5000213384628296","1.5000213384628296","1.5000213384628296"
"28163","1.4246494770050049","1.4246494770050049","1.4246494770050049"
"28164","1.4813733100891113","1.4813733100891113","1.4813733100891113"
"28166","1.4546653032302856","1.4546653032302856","1.4546653032302856"
"28167","1.4757946729660034","1.4757946729660034","1.4757946729660034"
"28173","1.5853877067565918","1.5853877067565918","1.5853877067565918"
"28174","1.4279537200927734","1.4279537200927734","1.4279537200927734"
"28177","1.4765982627868652","1.4765982627868652","1.4765982627868652"
"28181","1.4222493171691895","1.4222493171691895","1.4222493171691895"
"28182","1.5378971099853516","1.5378971099853516","1.5378971099853516"
"28188","1.4730879068374634","1.4730879068374634","1.4730879068374634"
"28192","1.3285315036773682","1.3285315036773682","1.3285315036773682"
"28194","1.3490667343139648","1.3490667343139648","1.3490667343139648"
"28195","1.388504981994629","1.388504981994629","1.388504981994629"
"28198","1.4974262714385986","1.4974262714385986","1.4974262714385986"
"28199","1.4882934093475342","1.4882934093475342","1.4882934093475342"
"28215","1.3515021800994873","1.3515021800994873","1.3515021800994873"
"28224","1.477924108505249","1.477924108505249","1.477924108505249"
"28229","1.4380853176116943","1.4380853176116943","1.4380853176116943"
"28232","1.4478459358215332","1.4478459358215332","1.4478459358215332"
"28236","1.5340681076049805","1.5340681076049805","1.5340681076049805"
"28242","1.4478023052215576","1.4478023052215576","1.4478023052215576"
"28244","1.4822124242782593","1.4822124242782593","1.4822124242782593"
"28248","1.4364104270935059","1.4364104270935059","1.4364104270935059"
"28250","1.4949994087219238","1.4949994087219238","1.4949994087219238"
"28251","1.3933372497558594","1.3933372497558594","1.3933372497558594"
"28255","1.3703731298446655","1.3703731298446655","1.3703731298446655"
"28260","1.5120052099227905","1.5120052099227905","1.5120052099227905"
"28263","1.5364835262298584","1.5364835262298584","1.5364835262298584"
"28268","1.4364738464355469","1.4364738464355469","1.4364738464355469"
"28273","1.4143505096435547","1.4143505096435547","1.4143505096435547"
"28274","1.4059216976165771","1.4059216976165771","1.4059216976165771"
"28286","1.5842664241790771","1.5842664241790771","1.5842664241790771"
"28287","1.4834136962890625","1.4834136962890625","1.4834136962890625"
"28298","1.4414122104644775","1.4414122104644775","1.4414122104644775"
"28309","1.5598046779632568","1.5598046779632568","1.5598046779632568"
"28326","1.477311134338379","1.477311134338379","1.477311134338379"
"28332","1.4668049812316895","1.4668049812316895","1.4668049812316895"
"28334","1.4747213125228882","1.4747213125228882","1.4747213125228882"
"28335","1.4390473365783691","1.4390473365783691","1.4390473365783691"
"28337","1.5081546306610107","1.5081546306610107","1.5081546306610107"
"28340","1.3659902811050415","1.3659902811050415","1.3659902811050415"
"28345","1.3141368627548218","1.3141368627548218","1.3141368627548218"
"28346","1.4555195569992065","1.4555195569992065","1.4555195569992065"
"28347","1.5475378036499023","1.5475378036499023","1.5475378036499023"
"28359","1.4461617469787598","1.4461617469787598","1.4461617469787598"
"28361","1.4886236190795898","1.4886236190795898","1.4886236190795898"
"28362","1.555737018585205","1.555737018585205","1.555737018585205"
"28363","1.4084142446517944","1.4084142446517944","1.4084142446517944"
"28371","1.5260378122329712","1.5260378122329712","1.5260378122329712"
"28372","1.4907162189483643","1.4907162189483643","1.4907162189483643"
"28373","1.3155865669250488","1.3155865669250488","1.3155865669250488"
"28375","1.4786330461502075","1.4786330461502075","1.4786330461502075"
"28378","1.4047470092773438","1.4047470092773438","1.4047470092773438"
"28379","1.412854790687561","1.412854790687561","1.412854790687561"
"28387","1.409514307975769","1.409514307975769","1.409514307975769"
"28394","1.42667555809021","1.42667555809021","1.42667555809021"
"28395","1.380051612854004","1.380051612854004","1.380051612854004"
"28399","1.67311692237854","1.67311692237854","1.67311692237854"
"28404","1.3454625606536865","1.3454625606536865","1.3454625606536865"
"28409","1.4071123600006104","1.4071123600006104","1.4071123600006104"
"28410","1.510265588760376","1.510265588760376","1.510265588760376"
"28411","1.4519191980361938","1.4519191980361938","1.4519191980361938"
"28414","1.50560462474823","1.50560462474823","1.50560462474823"
"28415","1.4401869773864746","1.4401869773864746","1.4401869773864746"
"28417","1.4812297821044922","1.4812297821044922","1.4812297821044922"
"28425","1.381463885307312","1.381463885307312","1.381463885307312"
"28426","1.416975498199463","1.416975498199463","1.416975498199463"
"28448","1.395566701889038","1.395566701889038","1.395566701889038"
"28449","1.4248967170715332","1.4248967170715332","1.4248967170715332"
"28451","1.5172247886657715","1.5172247886657715","1.5172247886657715"
"28453","1.4164977073669434","1.4164977073669434","1.4164977073669434"
"28455","1.4709227085113525","1.4709227085113525","1.4709227085113525"
"28458","1.4111812114715576","1.4111812114715576","1.4111812114715576"
"28460","1.4724760055541992","1.4724760055541992","1.4724760055541992"
"28462","1.3807764053344727","1.3807764053344727","1.3807764053344727"
"28464","1.5253205299377441","1.5253205299377441","1.5253205299377441"
"28470","1.4300603866577148","1.4300603866577148","1.4300603866577148"
"28472","1.4529731273651123","1.4529731273651123","1.4529731273651123"
"28488","1.4799190759658813","1.4799190759658813","1.4799190759658813"
"28505","1.4285759925842285","1.4285759925842285","1.4285759925842285"
"28506","1.3640445470809937","1.3640445470809937","1.3640445470809937"
"28508","1.462458610534668","1.462458610534668","1.462458610534668"
"28510","1.5397762060165405","1.5397762060165405","1.5397762060165405"
"28514","1.527066946029663","1.527066946029663","1.527066946029663"
"28517","1.487234115600586","1.487234115600586","1.487234115600586"
"28519","1.4762736558914185","1.4762736558914185","1.4762736558914185"
"28527","1.4023102521896362","1.4023102521896362","1.4023102521896362"
"28541","1.3605127334594727","1.3605127334594727","1.3605127334594727"
"28543","1.3246880769729614","1.3246880769729614","1.3246880769729614"
"28545","1.4405853748321533","1.4405853748321533","1.4405853748321533"
"28548","1.4569815397262573","1.4569815397262573","1.4569815397262573"
"28559","1.4022634029388428","1.4022634029388428","1.4022634029388428"
"28565","1.4802496433258057","1.4802496433258057","1.4802496433258057"
"28574","1.5281332731246948","1.5281332731246948","1.5281332731246948"
"28577","1.3781509399414062","1.3781509399414062","1.3781509399414062"
"28585","1.513094186782837","1.513094186782837","1.513094186782837"
"28586","1.4064810276031494","1.4064810276031494","1.4064810276031494"
"28589","1.4283260107040405","1.4283260107040405","1.4283260107040405"
"28591","1.5174460411071777","1.5174460411071777","1.5174460411071777"
"28592","1.3296881914138794","1.3296881914138794","1.3296881914138794"
"28595","1.5427191257476807","1.5427191257476807","1.5427191257476807"
"28597","1.363036870956421","1.363036870956421","1.363036870956421"
"28599","1.4314740896224976","1.4314740896224976","1.4314740896224976"
"28600","1.4915865659713745","1.4915865659713745","1.4915865659713745"
"28601","1.3804770708084106","1.3804770708084106","1.3804770708084106"
"28603","1.3943780660629272","1.3943780660629272","1.3943780660629272"
"28606","1.4200384616851807","1.4200384616851807","1.4200384616851807"
"28610","1.4535770416259766","1.4535770416259766","1.4535770416259766"
"28616","1.5833613872528076","1.5833613872528076","1.5833613872528076"
"28618","1.508291244506836","1.508291244506836","1.508291244506836"
"28620","1.478557825088501","1.478557825088501","1.478557825088501"
"28621","1.5209060907363892","1.5209060907363892","1.5209060907363892"
"28624","1.5388706922531128","1.5388706922531128","1.5388706922531128"
"28625","1.4131417274475098","1.4131417274475098","1.4131417274475098"
"28626","1.3343536853790283","1.3343536853790283","1.3343536853790283"
"28628","1.4230411052703857","1.4230411052703857","1.4230411052703857"
"28631","1.4939227104187012","1.4939227104187012","1.4939227104187012"
"28643","1.4177193641662598","1.4177193641662598","1.4177193641662598"
"28644","1.456773281097412","1.456773281097412","1.456773281097412"
"28649","1.473717451095581","1.473717451095581","1.473717451095581"
"28659","1.4739972352981567","1.4739972352981567","1.4739972352981567"
"28660","1.347659945487976","1.347659945487976","1.347659945487976"
"28661","1.415669560432434","1.415669560432434","1.415669560432434"
"28665","1.424709677696228","1.424709677696228","1.424709677696228"
"28667","1.4352877140045166","1.4352877140045166","1.4352877140045166"
"28668","1.478317379951477","1.478317379951477","1.478317379951477"
"28672","1.4997313022613525","1.4997313022613525","1.4997313022613525"
"28674","1.426647424697876","1.426647424697876","1.426647424697876"
"28680","1.408912181854248","1.408912181854248","1.408912181854248"
"28681","1.533799171447754","1.533799171447754","1.533799171447754"
"28686","1.4576315879821777","1.4576315879821777","1.4576315879821777"
"28692","1.4642329216003418","1.4642329216003418","1.4642329216003418"
"28694","1.503882646560669","1.503882646560669","1.503882646560669"
"28700","1.4842453002929688","1.4842453002929688","1.4842453002929688"
"28702","1.415626049041748","1.415626049041748","1.415626049041748"
"28706","1.4363747835159302","1.4363747835159302","1.4363747835159302"
"28711","1.460850477218628","1.460850477218628","1.460850477218628"
"28712","1.394312858581543","1.394312858581543","1.394312858581543"
"28714","1.4483637809753418","1.4483637809753418","1.4483637809753418"
"28716","1.5146725177764893","1.5146725177764893","1.5146725177764893"
"28717","1.492546796798706","1.492546796798706","1.492546796798706"
"28721","1.3930197954177856","1.3930197954177856","1.3930197954177856"
"28724","1.4457961320877075","1.4457961320877075","1.4457961320877075"
"28725","1.4321253299713135","1.4321253299713135","1.4321253299713135"
"28731","1.435241460800171","1.435241460800171","1.435241460800171"
"28732","1.35750150680542","1.35750150680542","1.35750150680542"
"28736","1.4379221200942993","1.4379221200942993","1.4379221200942993"
"28748","1.4334781169891357","1.4334781169891357","1.4334781169891357"
"28749","1.4846775531768799","1.4846775531768799","1.4846775531768799"
"28750","1.458634376525879","1.458634376525879","1.458634376525879"
"28754","1.3806685209274292","1.3806685209274292","1.3806685209274292"
"28755","1.5504101514816284","1.5504101514816284","1.5504101514816284"
"28760","1.4541161060333252","1.4541161060333252","1.4541161060333252"
"28772","1.4211663007736206","1.4211663007736206","1.4211663007736206"
"28773","1.5130362510681152","1.5130362510681152","1.5130362510681152"
"28790","1.3386883735656738","1.3386883735656738","1.3386883735656738"
"28804","1.4072227478027344","1.4072227478027344","1.4072227478027344"
"28805","1.4767004251480103","1.4767004251480103","1.4767004251480103"
"28806","1.523513674736023","1.523513674736023","1.523513674736023"
"28808","1.5213565826416016","1.5213565826416016","1.5213565826416016"
"28811","1.5165560245513916","1.5165560245513916","1.5165560245513916"
"28812","1.3884868621826172","1.3884868621826172","1.3884868621826172"
"28815","1.2985990047454834","1.2985990047454834","1.2985990047454834"
"28821","1.4521195888519287","1.4521195888519287","1.4521195888519287"
"28825","1.3964160680770874","1.3964160680770874","1.3964160680770874"
"28829","1.5442553758621216","1.5442553758621216","1.5442553758621216"
"28830","1.4271845817565918","1.4271845817565918","1.4271845817565918"
"28832","1.4719234704971313","1.4719234704971313","1.4719234704971313"
"28841","1.357870101928711","1.357870101928711","1.357870101928711"
"28842","1.4692375659942627","1.4692375659942627","1.4692375659942627"
"28843","1.3710007667541504","1.3710007667541504","1.3710007667541504"
"28845","1.52292799949646","1.52292799949646","1.52292799949646"
"28847","1.536461353302002","1.536461353302002","1.536461353302002"
"28850","1.4422073364257812","1.4422073364257812","1.4422073364257812"
"28851","1.4461555480957031","1.4461555480957031","1.4461555480957031"
"28860","1.5429242849349976","1.5429242849349976","1.5429242849349976"
"28861","1.4704374074935913","1.4704374074935913","1.4704374074935913"
"28865","1.4102897644042969","1.4102897644042969","1.4102897644042969"
"28866","1.4466286897659302","1.4466286897659302","1.4466286897659302"
"28867","1.3764238357543945","1.3764238357543945","1.3764238357543945"
"28871","1.4188158512115479","1.4188158512115479","1.4188158512115479"
"28875","1.4857089519500732","1.4857089519500732","1.4857089519500732"
"28879","1.4016597270965576","1.4016597270965576","1.4016597270965576"
"28880","1.5023534297943115","1.5023534297943115","1.5023534297943115"
"28881","1.4993942975997925","1.4993942975997925","1.4993942975997925"
"28882","1.4399735927581787","1.4399735927581787","1.4399735927581787"
"28885","1.544252634048462","1.544252634048462","1.544252634048462"
"28887","1.4917194843292236","1.4917194843292236","1.4917194843292236"
"28892","1.49855375289917","1.49855375289917","1.49855375289917"
"28893","1.4907206296920776","1.4907206296920776","1.4907206296920776"
"28896","1.4000293016433716","1.4000293016433716","1.4000293016433716"
"28898","1.5388810634613037","1.5388810634613037","1.5388810634613037"
"28916","1.4609861373901367","1.4609861373901367","1.4609861373901367"
"28917","1.4931360483169556","1.4931360483169556","1.4931360483169556"
"28922","1.4850414991378784","1.4850414991378784","1.4850414991378784"
"28924","1.457005262374878","1.457005262374878","1.457005262374878"
"28927","1.4434788227081299","1.4434788227081299","1.4434788227081299"
"28932","1.4089552164077759","1.4089552164077759","1.4089552164077759"
"28938","1.3403271436691284","1.3403271436691284","1.3403271436691284"
"28939","1.5334209203720093","1.5334209203720093","1.5334209203720093"
"28941","1.407682180404663","1.407682180404663","1.407682180404663"
"28944","1.4693900346755981","1.4693900346755981","1.4693900346755981"
"28949","1.4359633922576904","1.4359633922576904","1.4359633922576904"
"28953","1.3965133428573608","1.3965133428573608","1.3965133428573608"
"28965","1.49229097366333","1.49229097366333","1.49229097366333"
"28975","1.542243480682373","1.542243480682373","1.542243480682373"
"28976","1.4288272857666016","1.4288272857666016","1.4288272857666016"
"28981","1.4897425174713135","1.4897425174713135","1.4897425174713135"
"28983","1.395992398262024","1.395992398262024","1.395992398262024"
"28988","1.4146277904510498","1.4146277904510498","1.4146277904510498"
"28989","1.4639179706573486","1.4639179706573486","1.4639179706573486"
"28993","1.4047703742980957","1.4047703742980957","1.4047703742980957"
"29001","1.4902678728103638","1.4902678728103638","1.4902678728103638"
"29004","1.466221570968628","1.466221570968628","1.466221570968628"
"29007","1.4864847660064697","1.4864847660064697","1.4864847660064697"
"29011","1.5256876945495605","1.5256876945495605","1.5256876945495605"
"29012","1.5026191473007202","1.5026191473007202","1.5026191473007202"
"29017","1.408304214477539","1.408304214477539","1.408304214477539"
"29020","1.3997719287872314","1.3997719287872314","1.3997719287872314"
"29021","1.4377015829086304","1.4377015829086304","1.4377015829086304"
"29022","1.317185878753662","1.317185878753662","1.317185878753662"
"29026","1.4275400638580322","1.4275400638580322","1.4275400638580322"
"29034","1.4228601455688477","1.4228601455688477","1.4228601455688477"
"29036","1.3806993961334229","1.3806993961334229","1.3806993961334229"
"29053","1.518267035484314","1.518267035484314","1.518267035484314"
"29058","1.438711166381836","1.438711166381836","1.438711166381836"
"29059","1.5193674564361572","1.5193674564361572","1.5193674564361572"
"29062","1.429783821105957","1.429783821105957","1.429783821105957"
"29065","1.4475963115692139","1.4475963115692139","1.4475963115692139"
"29067","1.3883028030395508","1.3883028030395508","1.3883028030395508"
"29076","1.5433812141418457","1.5433812141418457","1.5433812141418457"
"29077","1.421616554260254","1.421616554260254","1.421616554260254"
"29078","1.4533348083496094","1.4533348083496094","1.4533348083496094"
"29082","1.4386523962020874","1.4386523962020874","1.4386523962020874"
"29086","1.477432131767273","1.477432131767273","1.477432131767273"
"29090","1.3869807720184326","1.3869807720184326","1.3869807720184326"
"29096","1.427320957183838","1.427320957183838","1.427320957183838"
"29102","1.4063289165496826","1.4063289165496826","1.4063289165496826"
"29104","1.4706966876983643","1.4706966876983643","1.4706966876983643"
"29105","1.467642903327942","1.467642903327942","1.467642903327942"
"29110","1.3914414644241333","1.3914414644241333","1.3914414644241333"
"29112","1.4022047519683838","1.4022047519683838","1.4022047519683838"
"29113","1.545485496520996","1.545485496520996","1.545485496520996"
"29114","1.4929993152618408","1.4929993152618408","1.4929993152618408"
"29117","1.4207282066345215","1.4207282066345215","1.4207282066345215"
"29119","1.5596837997436523","1.5596837997436523","1.5596837997436523"
"29122","1.4256013631820679","1.4256013631820679","1.4256013631820679"
"29123","1.4137511253356934","1.4137511253356934","1.4137511253356934"
"29127","1.4781808853149414","1.4781808853149414","1.4781808853149414"
"29132","1.531217098236084","1.531217098236084","1.531217098236084"
"29139","1.3796290159225464","1.3796290159225464","1.3796290159225464"
"29140","1.44636869430542","1.44636869430542","1.44636869430542"
"29144","1.390540361404419","1.390540361404419","1.390540361404419"
"29152","1.3663617372512817","1.3663617372512817","1.3663617372512817"
"29157","1.4314701557159424","1.4314701557159424","1.4314701557159424"
"29161","1.465895414352417","1.465895414352417","1.465895414352417"
"29162","1.4723563194274902","1.4723563194274902","1.4723563194274902"
"29171","1.305891990661621","1.305891990661621","1.305891990661621"
"29172","1.4631736278533936","1.4631736278533936","1.4631736278533936"
"29175","1.4503302574157715","1.4503302574157715","1.4503302574157715"
"29176","1.3822795152664185","1.3822795152664185","1.3822795152664185"
"29177","1.427574634552002","1.427574634552002","1.427574634552002"
"29179","1.477702260017395","1.477702260017395","1.477702260017395"
"29181","1.4671993255615234","1.4671993255615234","1.4671993255615234"
"29183","1.4792404174804688","1.4792404174804688","1.4792404174804688"
"29189","1.3502503633499146","1.3502503633499146","1.3502503633499146"
"29190","1.3664915561676025","1.3664915561676025","1.3664915561676025"
"29191","1.4510763883590698","1.4510763883590698","1.4510763883590698"
"29197","1.3755568265914917","1.3755568265914917","1.3755568265914917"
"29221","1.3664253950119019","1.3664253950119019","1.3664253950119019"
"29224","1.342020034790039","1.342020034790039","1.342020034790039"
"29232","1.3865554332733154","1.3865554332733154","1.3865554332733154"
"29234","1.538910150527954","1.538910150527954","1.538910150527954"
"29237","1.534375786781311","1.534375786781311","1.534375786781311"
"29239","1.4800043106079102","1.4800043106079102","1.4800043106079102"
"29241","1.4429895877838135","1.4429895877838135","1.4429895877838135"
"29264","1.3914451599121094","1.3914451599121094","1.3914451599121094"
"29269","1.3434300422668457","1.3434300422668457","1.3434300422668457"
"29272","1.364802598953247","1.364802598953247","1.364802598953247"
"29274","1.357940435409546","1.357940435409546","1.357940435409546"
"29276","1.4962918758392334","1.4962918758392334","1.4962918758392334"
"29277","1.4809422492980957","1.4809422492980957","1.4809422492980957"
"29279","1.4706224203109741","1.4706224203109741","1.4706224203109741"
"29281","1.4158951044082642","1.4158951044082642","1.4158951044082642"
"29284","1.4719154834747314","1.4719154834747314","1.4719154834747314"
"29287","1.3650236129760742","1.3650236129760742","1.3650236129760742"
"29293","1.5652799606323242","1.5652799606323242","1.5652799606323242"
"29297","1.3408145904541016","1.3408145904541016","1.3408145904541016"
"29301","1.4962276220321655","1.4962276220321655","1.4962276220321655"
"29306","1.436637043952942","1.436637043952942","1.436637043952942"
"29308","1.4134230613708496","1.4134230613708496","1.4134230613708496"
"29321","1.3666679859161377","1.3666679859161377","1.3666679859161377"
"29325","1.4672226905822754","1.4672226905822754","1.4672226905822754"
"29327","1.4818179607391357","1.4818179607391357","1.4818179607391357"
"29329","1.4970641136169434","1.4970641136169434","1.4970641136169434"
"29331","1.4125523567199707","1.4125523567199707","1.4125523567199707"
"29335","1.4486298561096191","1.4486298561096191","1.4486298561096191"
"29345","1.3878802061080933","1.3878802061080933","1.3878802061080933"
"29347","1.4976121187210083","1.4976121187210083","1.4976121187210083"
"29349","1.4459490776062012","1.4459490776062012","1.4459490776062012"
"29351","1.436554193496704","1.436554193496704","1.436554193496704"
"29357","1.363778829574585","1.363778829574585","1.363778829574585"
"29358","1.380079746246338","1.380079746246338","1.380079746246338"
"29360","1.43963623046875","1.43963623046875","1.43963623046875"
"29382","1.446387529373169","1.446387529373169","1.446387529373169"
"29387","1.35762357711792","1.35762357711792","1.35762357711792"
"29393","1.505912184715271","1.505912184715271","1.505912184715271"
"29399","1.305076241493225","1.305076241493225","1.305076241493225"
"29401","1.4139100313186646","1.4139100313186646","1.4139100313186646"
"29406","1.4302599430084229","1.4302599430084229","1.4302599430084229"
"29408","1.4115166664123535","1.4115166664123535","1.4115166664123535"
"29409","1.377806305885315","1.377806305885315","1.377806305885315"
"29412","1.3944878578186035","1.3944878578186035","1.3944878578186035"
"29413","1.4599928855895996","1.4599928855895996","1.4599928855895996"
"29417","1.4746007919311523","1.4746007919311523","1.4746007919311523"
"29418","1.3885475397109985","1.3885475397109985","1.3885475397109985"
"29423","1.414326548576355","1.414326548576355","1.414326548576355"
"29424","1.4598352909088135","1.4598352909088135","1.4598352909088135"
"29427","1.3952243328094482","1.3952243328094482","1.3952243328094482"
"29428","1.4964758157730103","1.4964758157730103","1.4964758157730103"
"29430","1.3997581005096436","1.3997581005096436","1.3997581005096436"
"29432","1.450417399406433","1.450417399406433","1.450417399406433"
"29441","1.5204594135284424","1.5204594135284424","1.5204594135284424"
"29446","1.3770203590393066","1.3770203590393066","1.3770203590393066"
"29454","1.417859435081482","1.417859435081482","1.417859435081482"
"29455","1.3797498941421509","1.3797498941421509","1.3797498941421509"
"29458","1.550666093826294","1.550666093826294","1.550666093826294"
"29460","1.3945833444595337","1.3945833444595337","1.3945833444595337"
"29461","1.514176368713379","1.514176368713379","1.514176368713379"
"29467","1.3858014345169067","1.3858014345169067","1.3858014345169067"
"29469","1.5484957695007324","1.5484957695007324","1.5484957695007324"
"29472","1.4547302722930908","1.4547302722930908","1.4547302722930908"
"29473","1.5317171812057495","1.5317171812057495","1.5317171812057495"
"29475","1.444338083267212","1.444338083267212","1.444338083267212"
"29478","1.387760877609253","1.387760877609253","1.387760877609253"
"29483","1.4041144847869873","1.4041144847869873","1.4041144847869873"
"29491","1.3957619667053223","1.3957619667053223","1.3957619667053223"
"29501","1.414505958557129","1.414505958557129","1.414505958557129"
"29504","1.3765060901641846","1.3765060901641846","1.3765060901641846"
"29505","1.6109156608581543","1.6109156608581543","1.6109156608581543"
"29508","1.4790191650390625","1.4790191650390625","1.4790191650390625"
"29509","1.4937164783477783","1.4937164783477783","1.4937164783477783"
"29510","1.6110647916793823","1.6110647916793823","1.6110647916793823"
"29516","1.4211264848709106","1.4211264848709106","1.4211264848709106"
"29517","1.5845623016357422","1.5845623016357422","1.5845623016357422"
"29523","1.476217269897461","1.476217269897461","1.476217269897461"
"29535","1.511627197265625","1.511627197265625","1.511627197265625"
"29538","1.4236907958984375","1.4236907958984375","1.4236907958984375"
"29539","1.3189668655395508","1.3189668655395508","1.3189668655395508"
"29540","1.5685913562774658","1.5685913562774658","1.5685913562774658"
"29542","1.3733735084533691","1.3733735084533691","1.3733735084533691"
"29545","1.3567962646484375","1.3567962646484375","1.3567962646484375"
"29559","1.4691301584243774","1.4691301584243774","1.4691301584243774"
"29560","1.5216208696365356","1.5216208696365356","1.5216208696365356"
"29563","1.5375561714172363","1.5375561714172363","1.5375561714172363"
"29569","1.529159665107727","1.529159665107727","1.529159665107727"
"29571","1.571035623550415","1.571035623550415","1.571035623550415"
"29574","1.385228157043457","1.385228157043457","1.385228157043457"
"29579","1.4234720468521118","1.4234720468521118","1.4234720468521118"
"29581","1.4475491046905518","1.4475491046905518","1.4475491046905518"
"29582","1.3466014862060547","1.3466014862060547","1.3466014862060547"
"29583","1.5208730697631836","1.5208730697631836","1.5208730697631836"
"29584","1.5431458950042725","1.5431458950042725","1.5431458950042725"
"29585","1.3817942142486572","1.3817942142486572","1.3817942142486572"
"29586","1.3811858892440796","1.3811858892440796","1.3811858892440796"
"29587","1.454869031906128","1.454869031906128","1.454869031906128"
"29591","1.3900090456008911","1.3900090456008911","1.3900090456008911"
"29593","1.4684022665023804","1.4684022665023804","1.4684022665023804"
"29595","1.4386038780212402","1.4386038780212402","1.4386038780212402"
"29596","1.4989421367645264","1.4989421367645264","1.4989421367645264"
"29598","1.4000937938690186","1.4000937938690186","1.4000937938690186"
"29601","1.4146617650985718","1.4146617650985718","1.4146617650985718"
"29603","1.4256105422973633","1.4256105422973633","1.4256105422973633"
"29604","1.4391361474990845","1.4391361474990845","1.4391361474990845"
"29605","1.370283603668213","1.370283603668213","1.370283603668213"
"29606","1.3947709798812866","1.3947709798812866","1.3947709798812866"
"29608","1.4358022212982178","1.4358022212982178","1.4358022212982178"
"29609","1.4358317852020264","1.4358317852020264","1.4358317852020264"
"29610","1.5444984436035156","1.5444984436035156","1.5444984436035156"
"29611","1.4311295747756958","1.4311295747756958","1.4311295747756958"
"29621","1.4768987894058228","1.4768987894058228","1.4768987894058228"
"29623","1.3365676403045654","1.3365676403045654","1.3365676403045654"
"29625","1.4841535091400146","1.4841535091400146","1.4841535091400146"
"29626","1.4697294235229492","1.4697294235229492","1.4697294235229492"
"29629","1.4426352977752686","1.4426352977752686","1.4426352977752686"
"29636","1.4667882919311523","1.4667882919311523","1.4667882919311523"
"29640","1.4842476844787598","1.4842476844787598","1.4842476844787598"
"29642","1.3878722190856934","1.3878722190856934","1.3878722190856934"
"29646","1.43039071559906","1.43039071559906","1.43039071559906"
"29647","1.445642113685608","1.445642113685608","1.445642113685608"
"29654","1.5085729360580444","1.5085729360580444","1.5085729360580444"
"29656","1.3711906671524048","1.3711906671524048","1.3711906671524048"
"29658","1.4335439205169678","1.4335439205169678","1.4335439205169678"
"29661","1.4565846920013428","1.4565846920013428","1.4565846920013428"
"29664","1.311476707458496","1.311476707458496","1.311476707458496"
"29667","1.4848694801330566","1.4848694801330566","1.4848694801330566"
"29669","1.321790337562561","1.321790337562561","1.321790337562561"
"29670","1.4282010793685913","1.4282010793685913","1.4282010793685913"
"29678","1.4945347309112549","1.4945347309112549","1.4945347309112549"
"29681","1.3904480934143066","1.3904480934143066","1.3904480934143066"
"29682","1.5122010707855225","1.5122010707855225","1.5122010707855225"
"29689","1.3922474384307861","1.3922474384307861","1.3922474384307861"
"29693","1.4760768413543701","1.4760768413543701","1.4760768413543701"
"29696","1.304030179977417","1.304030179977417","1.304030179977417"
"29705","1.4512323141098022","1.4512323141098022","1.4512323141098022"
"29709","1.4082638025283813","1.4082638025283813","1.4082638025283813"
"29712","1.4253087043762207","1.4253087043762207","1.4253087043762207"
"29713","1.427300214767456","1.427300214767456","1.427300214767456"
"29714","1.424153208732605","1.424153208732605","1.424153208732605"
"29715","1.5099050998687744","1.5099050998687744","1.5099050998687744"
"29721","1.4417951107025146","1.4417951107025146","1.4417951107025146"
"29725","1.5309513807296753","1.5309513807296753","1.5309513807296753"
"29729","1.3083698749542236","1.3083698749542236","1.3083698749542236"
"29731","1.5114402770996094","1.5114402770996094","1.5114402770996094"
"29736","1.457578182220459","1.457578182220459","1.457578182220459"
"29738","1.4653620719909668","1.4653620719909668","1.4653620719909668"
"29750","1.4876632690429688","1.4876632690429688","1.4876632690429688"
"29756","1.4788763523101807","1.4788763523101807","1.4788763523101807"
"29762","1.4798805713653564","1.4798805713653564","1.4798805713653564"
"29779","1.409714937210083","1.409714937210083","1.409714937210083"
"29781","1.365248203277588","1.365248203277588","1.365248203277588"
"29782","1.4828904867172241","1.4828904867172241","1.4828904867172241"
"29783","1.3930299282073975","1.3930299282073975","1.3930299282073975"
"29784","1.4350249767303467","1.4350249767303467","1.4350249767303467"
"29787","1.3930892944335938","1.3930892944335938","1.3930892944335938"
"29788","1.45894193649292","1.45894193649292","1.45894193649292"
"29789","1.4836387634277344","1.4836387634277344","1.4836387634277344"
"29796","1.444982647895813","1.444982647895813","1.444982647895813"
"29797","1.3453859090805054","1.3453859090805054","1.3453859090805054"
"29799","1.4001812934875488","1.4001812934875488","1.4001812934875488"
"29806","1.4353255033493042","1.4353255033493042","1.4353255033493042"
"29807","1.3546745777130127","1.3546745777130127","1.3546745777130127"
"29809","1.3993961811065674","1.3993961811065674","1.3993961811065674"
"29821","1.500522255897522","1.500522255897522","1.500522255897522"
"29822","1.4149460792541504","1.4149460792541504","1.4149460792541504"
"29826","1.509793758392334","1.509793758392334","1.509793758392334"
"29828","1.4296284914016724","1.4296284914016724","1.4296284914016724"
"29831","1.3739619255065918","1.3739619255065918","1.3739619255065918"
"29833","1.566075086593628","1.566075086593628","1.566075086593628"
"29839","1.368693232536316","1.368693232536316","1.368693232536316"
"29855","1.3559954166412354","1.3559954166412354","1.3559954166412354"
"29866","1.3514420986175537","1.3514420986175537","1.3514420986175537"
"29881","1.4503059387207031","1.4503059387207031","1.4503059387207031"
"29888","1.454345703125","1.454345703125","1.454345703125"
"29889","1.5006794929504395","1.5006794929504395","1.5006794929504395"
"29890","1.508514404296875","1.508514404296875","1.508514404296875"
"29891","1.3457497358322144","1.3457497358322144","1.3457497358322144"
"29892","1.3716272115707397","1.3716272115707397","1.3716272115707397"
"29894","1.4675686359405518","1.4675686359405518","1.4675686359405518"
"29898","1.4484195709228516","1.4484195709228516","1.4484195709228516"
"29904","1.4224073886871338","1.4224073886871338","1.4224073886871338"
"29905","1.5703752040863037","1.5703752040863037","1.5703752040863037"
"29907","1.4841171503067017","1.4841171503067017","1.4841171503067017"
"29919","1.421777367591858","1.421777367591858","1.421777367591858"
"29926","1.4407436847686768","1.4407436847686768","1.4407436847686768"
"29930","1.3345022201538086","1.3345022201538086","1.3345022201538086"
"29931","1.5042424201965332","1.5042424201965332","1.5042424201965332"
"29932","1.414731502532959","1.414731502532959","1.414731502532959"
"29933","1.367588996887207","1.367588996887207","1.367588996887207"
"29935","1.4720027446746826","1.4720027446746826","1.4720027446746826"
"29936","1.4352679252624512","1.4352679252624512","1.4352679252624512"
"29940","1.4172422885894775","1.4172422885894775","1.4172422885894775"
"29942","1.4280024766921997","1.4280024766921997","1.4280024766921997"
"29948","1.5481626987457275","1.5481626987457275","1.5481626987457275"
"29953","1.4055559635162354","1.4055559635162354","1.4055559635162354"
"29956","1.5168700218200684","1.5168700218200684","1.5168700218200684"
"29963","1.326568365097046","1.326568365097046","1.326568365097046"
"29966","1.465749740600586","1.465749740600586","1.465749740600586"
"29969","1.422850489616394","1.422850489616394","1.422850489616394"
"29971","1.43491792678833","1.43491792678833","1.43491792678833"
"29976","1.4191358089447021","1.4191358089447021","1.4191358089447021"
"29981","1.4476110935211182","1.4476110935211182","1.4476110935211182"
"29989","1.3659837245941162","1.3659837245941162","1.3659837245941162"
"29992","1.4002058506011963","1.4002058506011963","1.4002058506011963"
"29996","1.3823204040527344","1.3823204040527344","1.3823204040527344"
"29999","1.5116194486618042","1.5116194486618042","1.5116194486618042"
"30009","1.4240561723709106","1.4240561723709106","1.4240561723709106"
"30030","1.4681000709533691","1.4681000709533691","1.4681000709533691"
"30033","1.474254846572876","1.474254846572876","1.474254846572876"
"30038","1.4498705863952637","1.4498705863952637","1.4498705863952637"
"30040","1.5156233310699463","1.5156233310699463","1.5156233310699463"
"30052","1.449533224105835","1.449533224105835","1.449533224105835"
"30053","1.5197219848632812","1.5197219848632812","1.5197219848632812"
"30059","1.3563337326049805","1.3563337326049805","1.3563337326049805"
"30065","1.3812410831451416","1.3812410831451416","1.3812410831451416"
"30068","1.426034927368164","1.426034927368164","1.426034927368164"
"30069","1.412898302078247","1.412898302078247","1.412898302078247"
"30072","1.419611930847168","1.419611930847168","1.419611930847168"
"30075","1.3807625770568848","1.3807625770568848","1.3807625770568848"
"30078","1.440911054611206","1.440911054611206","1.440911054611206"
"30098","1.3950512409210205","1.3950512409210205","1.3950512409210205"
"30099","1.5137029886245728","1.5137029886245728","1.5137029886245728"
"30103","1.568505048751831","1.568505048751831","1.568505048751831"
"30104","1.4709217548370361","1.4709217548370361","1.4709217548370361"
"30106","1.4639203548431396","1.4639203548431396","1.4639203548431396"
"30110","1.3825881481170654","1.3825881481170654","1.3825881481170654"
"30111","1.494484305381775","1.494484305381775","1.494484305381775"
"30115","1.416410207748413","1.416410207748413","1.416410207748413"
"30120","1.341477394104004","1.341477394104004","1.341477394104004"
"30123","1.4228382110595703","1.4228382110595703","1.4228382110595703"
"30124","1.4825983047485352","1.4825983047485352","1.4825983047485352"
"30125","1.457269549369812","1.457269549369812","1.457269549369812"
"30126","1.4043126106262207","1.4043126106262207","1.4043126106262207"
"30129","1.3233208656311035","1.3233208656311035","1.3233208656311035"
"30130","1.4246621131896973","1.4246621131896973","1.4246621131896973"
"30134","1.4360917806625366","1.4360917806625366","1.4360917806625366"
"30138","1.479607105255127","1.479607105255127","1.479607105255127"
"30141","1.3844914436340332","1.3844914436340332","1.3844914436340332"
"30147","1.4637315273284912","1.4637315273284912","1.4637315273284912"
"30150","1.4349353313446045","1.4349353313446045","1.4349353313446045"
"30154","1.3966648578643799","1.3966648578643799","1.3966648578643799"
"30160","1.4442386627197266","1.4442386627197266","1.4442386627197266"
"30163","1.3354740142822266","1.3354740142822266","1.3354740142822266"
"30167","1.4531047344207764","1.4531047344207764","1.4531047344207764"
"30171","1.5182255506515503","1.5182255506515503","1.5182255506515503"
"30176","1.4823095798492432","1.4823095798492432","1.4823095798492432"
"30178","1.5038472414016724","1.5038472414016724","1.5038472414016724"
"30181","1.3957475423812866","1.3957475423812866","1.3957475423812866"
"30184","1.3474392890930176","1.3474392890930176","1.3474392890930176"
"30189","1.4835039377212524","1.4835039377212524","1.4835039377212524"
"30191","1.5360918045043945","1.5360918045043945","1.5360918045043945"
"30192","1.4898563623428345","1.4898563623428345","1.4898563623428345"
"30193","1.4512441158294678","1.4512441158294678","1.4512441158294678"
"30194","1.4269819259643555","1.4269819259643555","1.4269819259643555"
"30196","1.382627248764038","1.382627248764038","1.382627248764038"
"30197","1.44552743434906","1.44552743434906","1.44552743434906"
"30202","1.411121129989624","1.411121129989624","1.411121129989624"
"30208","1.3820300102233887","1.3820300102233887","1.3820300102233887"
"30215","1.4300553798675537","1.4300553798675537","1.4300553798675537"
"30217","1.369689702987671","1.369689702987671","1.369689702987671"
"30218","1.377528190612793","1.377528190612793","1.377528190612793"
"30226","1.478156328201294","1.478156328201294","1.478156328201294"
"30227","1.5453619956970215","1.5453619956970215","1.5453619956970215"
"30229","1.4766120910644531","1.4766120910644531","1.4766120910644531"
"30231","1.3479294776916504","1.3479294776916504","1.3479294776916504"
"30232","1.4502222537994385","1.4502222537994385","1.4502222537994385"
"30234","1.4739199876785278","1.4739199876785278","1.4739199876785278"
"30244","1.3600497245788574","1.3600497245788574","1.3600497245788574"
"30247","1.342356562614441","1.342356562614441","1.342356562614441"
"30250","1.4006297588348389","1.4006297588348389","1.4006297588348389"
"30252","1.4664949178695679","1.4664949178695679","1.4664949178695679"
"30253","1.4662584066390991","1.4662584066390991","1.4662584066390991"
"30254","1.4513521194458008","1.4513521194458008","1.4513521194458008"
"30260","1.5033258199691772","1.5033258199691772","1.5033258199691772"
"30274","1.4466769695281982","1.4466769695281982","1.4466769695281982"
"30276","1.4449180364608765","1.4449180364608765","1.4449180364608765"
"30290","1.396606683731079","1.396606683731079","1.396606683731079"
"30296","1.3899638652801514","1.3899638652801514","1.3899638652801514"
"30304","1.5396325588226318","1.5396325588226318","1.5396325588226318"
"30308","1.414078950881958","1.414078950881958","1.414078950881958"
"30312","1.383083701133728","1.383083701133728","1.383083701133728"
"30318","1.368772268295288","1.368772268295288","1.368772268295288"
"30320","1.429020881652832","1.429020881652832","1.429020881652832"
"30325","1.3921797275543213","1.3921797275543213","1.3921797275543213"
"30326","1.3941519260406494","1.3941519260406494","1.3941519260406494"
"30330","1.5078177452087402","1.5078177452087402","1.5078177452087402"
"30332","1.4992315769195557","1.4992315769195557","1.4992315769195557"
"30340","1.446585774421692","1.446585774421692","1.446585774421692"
"30341","1.218668818473816","1.218668818473816","1.218668818473816"
"30342","1.469032645225525","1.469032645225525","1.469032645225525"
"30350","1.4262490272521973","1.4262490272521973","1.4262490272521973"
"30354","1.483684778213501","1.483684778213501","1.483684778213501"
"30362","1.4846827983856201","1.4846827983856201","1.4846827983856201"
"30368","1.338087797164917","1.338087797164917","1.338087797164917"
"30371","1.3738152980804443","1.3738152980804443","1.3738152980804443"
"30375","1.4700536727905273","1.4700536727905273","1.4700536727905273"
"30378","1.3945953845977783","1.3945953845977783","1.3945953845977783"
"30379","1.4029479026794434","1.4029479026794434","1.4029479026794434"
"30382","1.4463050365447998","1.4463050365447998","1.4463050365447998"
"30383","1.3959453105926514","1.3959453105926514","1.3959453105926514"
"30384","1.5193910598754883","1.5193910598754883","1.5193910598754883"
"30390","1.5001747608184814","1.5001747608184814","1.5001747608184814"
"30395","1.417309284210205","1.417309284210205","1.417309284210205"
"30401","1.355859398841858","1.355859398841858","1.355859398841858"
"30402","1.425316572189331","1.425316572189331","1.425316572189331"
"30410","1.425965666770935","1.425965666770935","1.425965666770935"
"30414","1.4218592643737793","1.4218592643737793","1.4218592643737793"
"30418","1.4706237316131592","1.4706237316131592","1.4706237316131592"
"30425","1.4107013940811157","1.4107013940811157","1.4107013940811157"
"30428","1.3702783584594727","1.3702783584594727","1.3702783584594727"
"30429","1.3887085914611816","1.3887085914611816","1.3887085914611816"
"30437","1.5282871723175049","1.5282871723175049","1.5282871723175049"
"30451","1.4498205184936523","1.4498205184936523","1.4498205184936523"
"30452","1.395714282989502","1.395714282989502","1.395714282989502"
"30456","1.4008398056030273","1.4008398056030273","1.4008398056030273"
"30457","1.4880945682525635","1.4880945682525635","1.4880945682525635"
"30459","1.4515790939331055","1.4515790939331055","1.4515790939331055"
"30461","1.419421911239624","1.419421911239624","1.419421911239624"
"30462","1.4843456745147705","1.4843456745147705","1.4843456745147705"
"30469","1.4105292558670044","1.4105292558670044","1.4105292558670044"
"30477","1.407022476196289","1.407022476196289","1.407022476196289"
"30479","1.3848646879196167","1.3848646879196167","1.3848646879196167"
"30480","1.4631941318511963","1.4631941318511963","1.4631941318511963"
"30484","1.378936767578125","1.378936767578125","1.378936767578125"
"30492","1.512387752532959","1.512387752532959","1.512387752532959"
"30493","1.4451894760131836","1.4451894760131836","1.4451894760131836"
"30494","1.4642784595489502","1.4642784595489502","1.4642784595489502"
"30501","1.4351787567138672","1.4351787567138672","1.4351787567138672"
"30504","1.371813178062439","1.371813178062439","1.371813178062439"
"30507","1.441546082496643","1.441546082496643","1.441546082496643"
"30511","1.4446192979812622","1.4446192979812622","1.4446192979812622"
"30515","1.431081771850586","1.431081771850586","1.431081771850586"
"30519","1.4522616863250732","1.4522616863250732","1.4522616863250732"
"30523","1.4937763214111328","1.4937763214111328","1.4937763214111328"
"30530","1.3994652032852173","1.3994652032852173","1.3994652032852173"
"30533","1.3519928455352783","1.3519928455352783","1.3519928455352783"
"30535","1.3768439292907715","1.3768439292907715","1.3768439292907715"
"30536","1.5224171876907349","1.5224171876907349","1.5224171876907349"
"30551","1.457364797592163","1.457364797592163","1.457364797592163"
"30553","1.4312993288040161","1.4312993288040161","1.4312993288040161"
"30558","1.448974370956421","1.448974370956421","1.448974370956421"
"30563","1.3880733251571655","1.3880733251571655","1.3880733251571655"
"30565","1.471127986907959","1.471127986907959","1.471127986907959"
"30568","1.4070576429367065","1.4070576429367065","1.4070576429367065"
"30573","1.4208871126174927","1.4208871126174927","1.4208871126174927"
"30575","1.352285385131836","1.352285385131836","1.352285385131836"
"30576","1.3483203649520874","1.3483203649520874","1.3483203649520874"
"30580","1.3742797374725342","1.3742797374725342","1.3742797374725342"
"30582","1.408459186553955","1.408459186553955","1.408459186553955"
"30583","1.4803955554962158","1.4803955554962158","1.4803955554962158"
"30586","1.4795875549316406","1.4795875549316406","1.4795875549316406"
"30591","1.4574302434921265","1.4574302434921265","1.4574302434921265"
"30595","1.4260246753692627","1.4260246753692627","1.4260246753692627"
"30598","1.3340694904327393","1.3340694904327393","1.3340694904327393"
"30603","1.4300079345703125","1.4300079345703125","1.4300079345703125"
"30604","1.4313026666641235","1.4313026666641235","1.4313026666641235"
"30606","1.390435814857483","1.390435814857483","1.390435814857483"
"30607","1.3849060535430908","1.3849060535430908","1.3849060535430908"
"30616","1.479202151298523","1.479202151298523","1.479202151298523"
"30620","1.4855955839157104","1.4855955839157104","1.4855955839157104"
"30623","1.4080970287322998","1.4080970287322998","1.4080970287322998"
"30624","1.5529906749725342","1.5529906749725342","1.5529906749725342"
"30625","1.5027711391448975","1.5027711391448975","1.5027711391448975"
"30635","1.462964653968811","1.462964653968811","1.462964653968811"
"30640","1.345363736152649","1.345363736152649","1.345363736152649"
"30645","1.3148669004440308","1.3148669004440308","1.3148669004440308"
"30655","1.3528892993927002","1.3528892993927002","1.3528892993927002"
"30658","1.3752681016921997","1.3752681016921997","1.3752681016921997"
"30659","1.4243364334106445","1.4243364334106445","1.4243364334106445"
"30667","1.3936583995819092","1.3936583995819092","1.3936583995819092"
"30669","1.6192337274551392","1.6192337274551392","1.6192337274551392"
"30671","1.467158555984497","1.467158555984497","1.467158555984497"
"30677","1.4299917221069336","1.4299917221069336","1.4299917221069336"
"30679","1.3529558181762695","1.3529558181762695","1.3529558181762695"
"30684","1.4581494331359863","1.4581494331359863","1.4581494331359863"
"30690","1.4142003059387207","1.4142003059387207","1.4142003059387207"
"30691","1.363507866859436","1.363507866859436","1.363507866859436"
"30692","1.446633219718933","1.446633219718933","1.446633219718933"
"30693","1.3486084938049316","1.3486084938049316","1.3486084938049316"
"30698","1.3918797969818115","1.3918797969818115","1.3918797969818115"
"30699","1.4486489295959473","1.4486489295959473","1.4486489295959473"
"30704","1.391204595565796","1.391204595565796","1.391204595565796"
"30705","1.4357717037200928","1.4357717037200928","1.4357717037200928"
"30711","1.5032973289489746","1.5032973289489746","1.5032973289489746"
"30715","1.3473808765411377","1.3473808765411377","1.3473808765411377"
"30718","1.390401005744934","1.390401005744934","1.390401005744934"
"30720","1.4504064321517944","1.4504064321517944","1.4504064321517944"
"30721","1.402016520500183","1.402016520500183","1.402016520500183"
"30725","1.406563401222229","1.406563401222229","1.406563401222229"
"30727","1.404517412185669","1.404517412185669","1.404517412185669"
"30744","1.4211090803146362","1.4211090803146362","1.4211090803146362"
"30746","1.6569831371307373","1.6569831371307373","1.6569831371307373"
"30751","1.31753671169281","1.31753671169281","1.31753671169281"
"30753","1.4104208946228027","1.4104208946228027","1.4104208946228027"
"30755","1.3461724519729614","1.3461724519729614","1.3461724519729614"
"30759","1.462376594543457","1.462376594543457","1.462376594543457"
"30760","1.4400959014892578","1.4400959014892578","1.4400959014892578"
"30761","1.5034185647964478","1.5034185647964478","1.5034185647964478"
"30763","1.3858928680419922","1.3858928680419922","1.3858928680419922"
"30773","1.5123589038848877","1.5123589038848877","1.5123589038848877"
"30779","1.4576587677001953","1.4576587677001953","1.4576587677001953"
"30780","1.4087859392166138","1.4087859392166138","1.4087859392166138"
"30781","1.466252326965332","1.466252326965332","1.466252326965332"
"30788","1.4894945621490479","1.4894945621490479","1.4894945621490479"
"30789","1.4656462669372559","1.4656462669372559","1.4656462669372559"
"30793","1.3707680702209473","1.3707680702209473","1.3707680702209473"
"30798","1.4253935813903809","1.4253935813903809","1.4253935813903809"
"30803","1.4440464973449707","1.4440464973449707","1.4440464973449707"
"30806","1.450852394104004","1.450852394104004","1.450852394104004"
"30807","1.4891178607940674","1.4891178607940674","1.4891178607940674"
"30814","1.4388526678085327","1.4388526678085327","1.4388526678085327"
"30816","1.3559298515319824","1.3559298515319824","1.3559298515319824"
"30819","1.4623048305511475","1.4623048305511475","1.4623048305511475"
"30820","1.509140968322754","1.509140968322754","1.509140968322754"
"30826","1.3099517822265625","1.3099517822265625","1.3099517822265625"
"30827","1.3842887878417969","1.3842887878417969","1.3842887878417969"
"30830","1.4173059463500977","1.4173059463500977","1.4173059463500977"
"30832","1.3737682104110718","1.3737682104110718","1.3737682104110718"
"30833","1.5286173820495605","1.5286173820495605","1.5286173820495605"
"30834","1.3619093894958496","1.3619093894958496","1.3619093894958496"
"30836","1.4108378887176514","1.4108378887176514","1.4108378887176514"
"30838","1.423771619796753","1.423771619796753","1.423771619796753"
"30840","1.4077391624450684","1.4077391624450684","1.4077391624450684"
"30842","1.3935385942459106","1.3935385942459106","1.3935385942459106"
"30843","1.4821155071258545","1.4821155071258545","1.4821155071258545"
"30846","1.4751120805740356","1.4751120805740356","1.4751120805740356"
"30848","1.427375078201294","1.427375078201294","1.427375078201294"
"30850","1.3641324043273926","1.3641324043273926","1.3641324043273926"
"30853","1.466552495956421","1.466552495956421","1.466552495956421"
"30866","1.3969454765319824","1.3969454765319824","1.3969454765319824"
"30869","1.4955474138259888","1.4955474138259888","1.4955474138259888"
"30870","1.3751890659332275","1.3751890659332275","1.3751890659332275"
"30871","1.4518015384674072","1.4518015384674072","1.4518015384674072"
"30873","1.4679222106933594","1.4679222106933594","1.4679222106933594"
"30876","1.500011682510376","1.500011682510376","1.500011682510376"
"30878","1.4156161546707153","1.4156161546707153","1.4156161546707153"
"30880","1.4635870456695557","1.4635870456695557","1.4635870456695557"
"30881","1.4187605381011963","1.4187605381011963","1.4187605381011963"
"30882","1.4255568981170654","1.4255568981170654","1.4255568981170654"
"30884","1.4333176612854004","1.4333176612854004","1.4333176612854004"
"30886","1.3766608238220215","1.3766608238220215","1.3766608238220215"
"30888","1.4483041763305664","1.4483041763305664","1.4483041763305664"
"30889","1.4787229299545288","1.4787229299545288","1.4787229299545288"
"30894","1.3853447437286377","1.3853447437286377","1.3853447437286377"
"30896","1.345771312713623","1.345771312713623","1.345771312713623"
"30898","1.3622628450393677","1.3622628450393677","1.3622628450393677"
"30900","1.3868558406829834","1.3868558406829834","1.3868558406829834"
"30907","1.4085702896118164","1.4085702896118164","1.4085702896118164"
"30915","1.5053205490112305","1.5053205490112305","1.5053205490112305"
"30916","1.5055599212646484","1.5055599212646484","1.5055599212646484"
"30918","1.3779648542404175","1.3779648542404175","1.3779648542404175"
"30922","1.2986218929290771","1.2986218929290771","1.2986218929290771"
"30928","1.33460533618927","1.33460533618927","1.33460533618927"
"30929","1.3697552680969238","1.3697552680969238","1.3697552680969238"
"30931","1.4353954792022705","1.4353954792022705","1.4353954792022705"
"30933","1.4165019989013672","1.4165019989013672","1.4165019989013672"
"30935","1.5425934791564941","1.5425934791564941","1.5425934791564941"
"30937","1.4581629037857056","1.4581629037857056","1.4581629037857056"
"30962","1.3658968210220337","1.3658968210220337","1.3658968210220337"
"30963","1.4158210754394531","1.4158210754394531","1.4158210754394531"
"30972","1.398545265197754","1.398545265197754","1.398545265197754"
"30980","1.4404845237731934","1.4404845237731934","1.4404845237731934"
"30987","1.4968924522399902","1.4968924522399902","1.4968924522399902"
"30988","1.5167748928070068","1.5167748928070068","1.5167748928070068"
"30989","1.4524306058883667","1.4524306058883667","1.4524306058883667"
"30990","1.4476211071014404","1.4476211071014404","1.4476211071014404"
"30992","1.481766700744629","1.481766700744629","1.481766700744629"
"30995","1.4330205917358398","1.4330205917358398","1.4330205917358398"
"30996","1.3216688632965088","1.3216688632965088","1.3216688632965088"
"31003","1.4737460613250732","1.4737460613250732","1.4737460613250732"
"31006","1.4942362308502197","1.4942362308502197","1.4942362308502197"
"31007","1.5352122783660889","1.5352122783660889","1.5352122783660889"
"31017","1.5544575452804565","1.5544575452804565","1.5544575452804565"
"31019","1.343487024307251","1.343487024307251","1.343487024307251"
"31023","1.4181021451950073","1.4181021451950073","1.4181021451950073"
"31025","1.4557268619537354","1.4557268619537354","1.4557268619537354"
"31028","1.4050989151000977","1.4050989151000977","1.4050989151000977"
"31038","1.375456690788269","1.375456690788269","1.375456690788269"
"31047","1.395218849182129","1.395218849182129","1.395218849182129"
"31053","1.5679965019226074","1.5679965019226074","1.5679965019226074"
"31058","1.3036689758300781","1.3036689758300781","1.3036689758300781"
"31067","1.534663438796997","1.534663438796997","1.534663438796997"
"31068","1.3735932111740112","1.3735932111740112","1.3735932111740112"
"31070","1.3776850700378418","1.3776850700378418","1.3776850700378418"
"31073","1.3684718608856201","1.3684718608856201","1.3684718608856201"
"31079","1.3862589597702026","1.3862589597702026","1.3862589597702026"
"31081","1.4728866815567017","1.4728866815567017","1.4728866815567017"
"31083","1.3552075624465942","1.3552075624465942","1.3552075624465942"
"31089","1.4299336671829224","1.4299336671829224","1.4299336671829224"
"31090","1.3608381748199463","1.3608381748199463","1.3608381748199463"
"31091","1.4807662963867188","1.4807662963867188","1.4807662963867188"
"31098","1.436489224433899","1.436489224433899","1.436489224433899"
"31100","1.5187711715698242","1.5187711715698242","1.5187711715698242"
"31102","1.3772026300430298","1.3772026300430298","1.3772026300430298"
"31109","1.412675380706787","1.412675380706787","1.412675380706787"
"31110","1.3998836278915405","1.3998836278915405","1.3998836278915405"
"31126","1.4198861122131348","1.4198861122131348","1.4198861122131348"
"31127","1.3682326078414917","1.3682326078414917","1.3682326078414917"
"31131","1.4390854835510254","1.4390854835510254","1.4390854835510254"
"31135","1.4579784870147705","1.4579784870147705","1.4579784870147705"
"31139","1.4001001119613647","1.4001001119613647","1.4001001119613647"
"31141","1.4231716394424438","1.4231716394424438","1.4231716394424438"
"31142","1.3589816093444824","1.3589816093444824","1.3589816093444824"
"31146","1.4554321765899658","1.4554321765899658","1.4554321765899658"
"31147","1.3370709419250488","1.3370709419250488","1.3370709419250488"
"31148","1.5027174949645996","1.5027174949645996","1.5027174949645996"
"31153","1.386899471282959","1.386899471282959","1.386899471282959"
"31159","1.5341284275054932","1.5341284275054932","1.5341284275054932"
"31163","1.4435553550720215","1.4435553550720215","1.4435553550720215"
"31166","1.397973895072937","1.397973895072937","1.397973895072937"
"31167","1.3667948246002197","1.3667948246002197","1.3667948246002197"
"31172","1.352557897567749","1.352557897567749","1.352557897567749"
"31177","1.4347418546676636","1.4347418546676636","1.4347418546676636"
"31182","1.5331387519836426","1.5331387519836426","1.5331387519836426"
"31188","1.474749207496643","1.474749207496643","1.474749207496643"
"31192","1.4061429500579834","1.4061429500579834","1.4061429500579834"
"31193","1.4839566946029663","1.4839566946029663","1.4839566946029663"
"31200","1.4169193506240845","1.4169193506240845","1.4169193506240845"
"31215","1.398451566696167","1.398451566696167","1.398451566696167"
"31219","1.4824787378311157","1.4824787378311157","1.4824787378311157"
"31220","1.3628566265106201","1.3628566265106201","1.3628566265106201"
"31221","1.4630988836288452","1.4630988836288452","1.4630988836288452"
"31236","1.5194027423858643","1.5194027423858643","1.5194027423858643"
"31243","1.440183401107788","1.440183401107788","1.440183401107788"
"31245","1.4179595708847046","1.4179595708847046","1.4179595708847046"
"31250","1.4801274538040161","1.4801274538040161","1.4801274538040161"
"31253","1.3883095979690552","1.3883095979690552","1.3883095979690552"
"31256","1.4401755332946777","1.4401755332946777","1.4401755332946777"
"31259","1.453514575958252","1.453514575958252","1.453514575958252"
"31260","1.4661946296691895","1.4661946296691895","1.4661946296691895"
"31264","1.4022233486175537","1.4022233486175537","1.4022233486175537"
"31280","1.5451793670654297","1.5451793670654297","1.5451793670654297"
"31283","1.4206300973892212","1.4206300973892212","1.4206300973892212"
"31287","1.5204527378082275","1.5204527378082275","1.5204527378082275"
"31294","1.378185510635376","1.378185510635376","1.378185510635376"
"31296","1.490126132965088","1.490126132965088","1.490126132965088"
"31297","1.376706838607788","1.376706838607788","1.376706838607788"
"31301","1.5794649124145508","1.5794649124145508","1.5794649124145508"
"31303","1.3550441265106201","1.3550441265106201","1.3550441265106201"
"31306","1.320878267288208","1.320878267288208","1.320878267288208"
"31311","1.5475962162017822","1.5475962162017822","1.5475962162017822"
"31315","1.4919772148132324","1.4919772148132324","1.4919772148132324"
"31324","1.3201351165771484","1.3201351165771484","1.3201351165771484"
"31334","1.464642882347107","1.464642882347107","1.464642882347107"
"31346","1.4524486064910889","1.4524486064910889","1.4524486064910889"
"31347","1.4651734828948975","1.4651734828948975","1.4651734828948975"
"31350","1.3745222091674805","1.3745222091674805","1.3745222091674805"
"31351","1.37441885471344","1.37441885471344","1.37441885471344"
"31360","1.3713858127593994","1.3713858127593994","1.3713858127593994"
"31363","1.4499378204345703","1.4499378204345703","1.4499378204345703"
"31364","1.4971815347671509","1.4971815347671509","1.4971815347671509"
"31366","1.426220178604126","1.426220178604126","1.426220178604126"
"31373","1.2909185886383057","1.2909185886383057","1.2909185886383057"
"31379","1.3799360990524292","1.3799360990524292","1.3799360990524292"
"31387","1.4904674291610718","1.4904674291610718","1.4904674291610718"
"31390","1.3549258708953857","1.3549258708953857","1.3549258708953857"
"31397","1.4291753768920898","1.4291753768920898","1.4291753768920898"
"31399","1.4731775522232056","1.4731775522232056","1.4731775522232056"
"31403","1.3472678661346436","1.3472678661346436","1.3472678661346436"
"31404","1.351291298866272","1.351291298866272","1.351291298866272"
"31405","1.4201266765594482","1.4201266765594482","1.4201266765594482"
"31409","1.3878462314605713","1.3878462314605713","1.3878462314605713"
"31410","1.4639661312103271","1.4639661312103271","1.4639661312103271"
"31414","1.3810691833496094","1.3810691833496094","1.3810691833496094"
"31415","1.4495574235916138","1.4495574235916138","1.4495574235916138"
"31417","1.3786518573760986","1.3786518573760986","1.3786518573760986"
"31418","1.349834680557251","1.349834680557251","1.349834680557251"
"31420","1.4140987396240234","1.4140987396240234","1.4140987396240234"
"31426","1.5117316246032715","1.5117316246032715","1.5117316246032715"
"31427","1.3754255771636963","1.3754255771636963","1.3754255771636963"
"31430","1.5082720518112183","1.5082720518112183","1.5082720518112183"
"31436","1.4028469324111938","1.4028469324111938","1.4028469324111938"
"31438","1.4492876529693604","1.4492876529693604","1.4492876529693604"
"31447","1.4176867008209229","1.4176867008209229","1.4176867008209229"
"31454","1.343007206916809","1.343007206916809","1.343007206916809"
"31455","1.31787109375","1.31787109375","1.31787109375"
"31460","1.4177720546722412","1.4177720546722412","1.4177720546722412"
"31468","1.3659117221832275","1.3659117221832275","1.3659117221832275"
"31469","1.451131820678711","1.451131820678711","1.451131820678711"
"31472","1.466381311416626","1.466381311416626","1.466381311416626"
"31478","1.3655660152435303","1.3655660152435303","1.3655660152435303"
"31481","1.4770901203155518","1.4770901203155518","1.4770901203155518"
"31490","1.465241551399231","1.465241551399231","1.465241551399231"
"31495","1.4823405742645264","1.4823405742645264","1.4823405742645264"
"31500","1.3017300367355347","1.3017300367355347","1.3017300367355347"
"31501","1.5529054403305054","1.5529054403305054","1.5529054403305054"
"31505","1.4691104888916016","1.4691104888916016","1.4691104888916016"
"31507","1.439469575881958","1.439469575881958","1.439469575881958"
"31509","1.4338129758834839","1.4338129758834839","1.4338129758834839"
"31510","1.4112235307693481","1.4112235307693481","1.4112235307693481"
"31517","1.4853144884109497","1.4853144884109497","1.4853144884109497"
"31521","1.3986291885375977","1.3986291885375977","1.3986291885375977"
"31522","1.4247443675994873","1.4247443675994873","1.4247443675994873"
"31525","1.4285513162612915","1.4285513162612915","1.4285513162612915"
"31531","1.3590412139892578","1.3590412139892578","1.3590412139892578"
"31534","1.3690693378448486","1.3690693378448486","1.3690693378448486"
"31540","1.4067355394363403","1.4067355394363403","1.4067355394363403"
"31542","1.452521562576294","1.452521562576294","1.452521562576294"
"31547","1.4133323431015015","1.4133323431015015","1.4133323431015015"
"31551","1.452355146408081","1.452355146408081","1.452355146408081"
"31559","1.5655702352523804","1.5655702352523804","1.5655702352523804"
"31561","1.3464062213897705","1.3464062213897705","1.3464062213897705"
"31567","1.4741443395614624","1.4741443395614624","1.4741443395614624"
"31575","1.5079325437545776","1.5079325437545776","1.5079325437545776"
"31577","1.4848597049713135","1.4848597049713135","1.4848597049713135"
"31579","1.3057079315185547","1.3057079315185547","1.3057079315185547"
"31580","1.4343421459197998","1.4343421459197998","1.4343421459197998"
"31581","1.4437203407287598","1.4437203407287598","1.4437203407287598"
"31584","1.3638172149658203","1.3638172149658203","1.3638172149658203"
"31586","1.4591169357299805","1.4591169357299805","1.4591169357299805"
"31599","1.4381053447723389","1.4381053447723389","1.4381053447723389"
"31603","1.542862892150879","1.542862892150879","1.542862892150879"
"31614","1.4525814056396484","1.4525814056396484","1.4525814056396484"
"31615","1.4365007877349854","1.4365007877349854","1.4365007877349854"
"31627","1.3738183975219727","1.3738183975219727","1.3738183975219727"
"31629","1.3257324695587158","1.3257324695587158","1.3257324695587158"
"31630","1.4008779525756836","1.4008779525756836","1.4008779525756836"
"31633","1.4901458024978638","1.4901458024978638","1.4901458024978638"
"31634","1.5026969909667969","1.5026969909667969","1.5026969909667969"
"31637","1.5669605731964111","1.5669605731964111","1.5669605731964111"
"31641","1.4300758838653564","1.4300758838653564","1.4300758838653564"
"31644","1.2917242050170898","1.2917242050170898","1.2917242050170898"
"31645","1.436762809753418","1.436762809753418","1.436762809753418"
"31648","1.4851055145263672","1.4851055145263672","1.4851055145263672"
"31658","1.5117220878601074","1.5117220878601074","1.5117220878601074"
"31663","1.39230477809906","1.39230477809906","1.39230477809906"
"31667","1.5310454368591309","1.5310454368591309","1.5310454368591309"
"31670","1.5208194255828857","1.5208194255828857","1.5208194255828857"
"31672","1.457063913345337","1.457063913345337","1.457063913345337"
"31678","1.3091919422149658","1.3091919422149658","1.3091919422149658"
"31681","1.4330157041549683","1.4330157041549683","1.4330157041549683"
"31686","1.489305019378662","1.489305019378662","1.489305019378662"
"31689","1.3851089477539062","1.3851089477539062","1.3851089477539062"
"31693","1.3821730613708496","1.3821730613708496","1.3821730613708496"
"31698","1.4486702680587769","1.4486702680587769","1.4486702680587769"
"31699","1.397780418395996","1.397780418395996","1.397780418395996"
"31701","1.4701828956604004","1.4701828956604004","1.4701828956604004"
"31705","1.370142936706543","1.370142936706543","1.370142936706543"
"31711","1.416677474975586","1.416677474975586","1.416677474975586"
"31719","1.6169401407241821","1.6169401407241821","1.6169401407241821"
"31725","1.5364665985107422","1.5364665985107422","1.5364665985107422"
"31726","1.3430601358413696","1.3430601358413696","1.3430601358413696"
"31728","1.392417311668396","1.392417311668396","1.392417311668396"
"31730","1.420245885848999","1.420245885848999","1.420245885848999"
"31734","1.3256779909133911","1.3256779909133911","1.3256779909133911"
"31735","1.4898874759674072","1.4898874759674072","1.4898874759674072"
"31736","1.4129860401153564","1.4129860401153564","1.4129860401153564"
"31737","1.4794235229492188","1.4794235229492188","1.4794235229492188"
"31739","1.3636460304260254","1.3636460304260254","1.3636460304260254"
"31743","1.4244623184204102","1.4244623184204102","1.4244623184204102"
"31744","1.365290880203247","1.365290880203247","1.365290880203247"
"31749","1.4232839345932007","1.4232839345932007","1.4232839345932007"
"31751","1.4269945621490479","1.4269945621490479","1.4269945621490479"
"31753","1.4638385772705078","1.4638385772705078","1.4638385772705078"
"31757","1.4408543109893799","1.4408543109893799","1.4408543109893799"
"31768","1.3643732070922852","1.3643732070922852","1.3643732070922852"
"31770","1.3915784358978271","1.3915784358978271","1.3915784358978271"
"31771","1.4368364810943604","1.4368364810943604","1.4368364810943604"
"31772","1.5037978887557983","1.5037978887557983","1.5037978887557983"
"31774","1.4368915557861328","1.4368915557861328","1.4368915557861328"
"31775","1.447746753692627","1.447746753692627","1.447746753692627"
"31778","1.3980417251586914","1.3980417251586914","1.3980417251586914"
"31780","1.5852384567260742","1.5852384567260742","1.5852384567260742"
"31783","1.5001001358032227","1.5001001358032227","1.5001001358032227"
"31785","1.429621934890747","1.429621934890747","1.429621934890747"
"31787","1.3202581405639648","1.3202581405639648","1.3202581405639648"
"31788","1.4272409677505493","1.4272409677505493","1.4272409677505493"
"31790","1.4355331659317017","1.4355331659317017","1.4355331659317017"
"31792","1.4211424589157104","1.4211424589157104","1.4211424589157104"
"31796","1.4872347116470337","1.4872347116470337","1.4872347116470337"
"31797","1.4122445583343506","1.4122445583343506","1.4122445583343506"
"31798","1.4276982545852661","1.4276982545852661","1.4276982545852661"
"31800","1.4673171043395996","1.4673171043395996","1.4673171043395996"
"31803","1.430025577545166","1.430025577545166","1.430025577545166"
"31804","1.3628454208374023","1.3628454208374023","1.3628454208374023"
"31810","1.4604370594024658","1.4604370594024658","1.4604370594024658"
"31820","1.3983228206634521","1.3983228206634521","1.3983228206634521"
"31831","1.513788104057312","1.513788104057312","1.513788104057312"
"31832","1.3857136964797974","1.3857136964797974","1.3857136964797974"
"31833","1.3855232000350952","1.3855232000350952","1.3855232000350952"
"31839","1.4690598249435425","1.4690598249435425","1.4690598249435425"
"31841","1.4324986934661865","1.4324986934661865","1.4324986934661865"
"31843","1.4198241233825684","1.4198241233825684","1.4198241233825684"
"31844","1.4210703372955322","1.4210703372955322","1.4210703372955322"
"31845","1.3524632453918457","1.3524632453918457","1.3524632453918457"
"31846","1.5272380113601685","1.5272380113601685","1.5272380113601685"
"31852","1.3799934387207031","1.3799934387207031","1.3799934387207031"
"31860","1.391951322555542","1.391951322555542","1.391951322555542"
"31863","1.4554171562194824","1.4554171562194824","1.4554171562194824"
"31865","1.4124135971069336","1.4124135971069336","1.4124135971069336"
"31867","1.3241446018218994","1.3241446018218994","1.3241446018218994"
"31870","1.4068554639816284","1.4068554639816284","1.4068554639816284"
"31874","1.358116626739502","1.358116626739502","1.358116626739502"
"31877","1.3796740770339966","1.3796740770339966","1.3796740770339966"
"31886","1.2578575611114502","1.2578575611114502","1.2578575611114502"
"31889","1.3477991819381714","1.3477991819381714","1.3477991819381714"
"31890","1.3738877773284912","1.3738877773284912","1.3738877773284912"
"31891","1.5427088737487793","1.5427088737487793","1.5427088737487793"
"31896","1.4551992416381836","1.4551992416381836","1.4551992416381836"
"31902","1.39789879322052","1.39789879322052","1.39789879322052"
"31904","1.4198380708694458","1.4198380708694458","1.4198380708694458"
"31905","1.5017998218536377","1.5017998218536377","1.5017998218536377"
"31913","1.3988970518112183","1.3988970518112183","1.3988970518112183"
"31916","1.3869646787643433","1.3869646787643433","1.3869646787643433"
"31918","1.4292662143707275","1.4292662143707275","1.4292662143707275"
"31920","1.4487531185150146","1.4487531185150146","1.4487531185150146"
"31924","1.3833961486816406","1.3833961486816406","1.3833961486816406"
"31929","1.4376635551452637","1.4376635551452637","1.4376635551452637"
"31930","1.4269235134124756","1.4269235134124756","1.4269235134124756"
"31932","1.4396201372146606","1.4396201372146606","1.4396201372146606"
"31933","1.4696325063705444","1.4696325063705444","1.4696325063705444"
"31935","1.479344129562378","1.479344129562378","1.479344129562378"
"31943","1.3145116567611694","1.3145116567611694","1.3145116567611694"
"31950","1.3945708274841309","1.3945708274841309","1.3945708274841309"
"31952","1.3994230031967163","1.3994230031967163","1.3994230031967163"
"31953","1.4364345073699951","1.4364345073699951","1.4364345073699951"
"31958","1.3819694519042969","1.3819694519042969","1.3819694519042969"
"31959","1.4291775226593018","1.4291775226593018","1.4291775226593018"
"31963","1.3487448692321777","1.3487448692321777","1.3487448692321777"
"31964","1.452223777770996","1.452223777770996","1.452223777770996"
"31966","1.3732013702392578","1.3732013702392578","1.3732013702392578"
"31969","1.427676796913147","1.427676796913147","1.427676796913147"
"31971","1.483816385269165","1.483816385269165","1.483816385269165"
"31972","1.4635887145996094","1.4635887145996094","1.4635887145996094"
"31975","1.6281554698944092","1.6281554698944092","1.6281554698944092"
"31979","1.464845895767212","1.464845895767212","1.464845895767212"
"31983","1.4703316688537598","1.4703316688537598","1.4703316688537598"
"31986","1.45442533493042","1.45442533493042","1.45442533493042"
"31987","1.411329984664917","1.411329984664917","1.411329984664917"
"31988","1.4782246351242065","1.4782246351242065","1.4782246351242065"
"31990","1.4632294178009033","1.4632294178009033","1.4632294178009033"
"31998","1.377679467201233","1.377679467201233","1.377679467201233"
"31999","1.4054064750671387","1.4054064750671387","1.4054064750671387"
"32002","1.3733620643615723","1.3733620643615723","1.3733620643615723"
"32017","1.438601016998291","1.438601016998291","1.438601016998291"
"32020","1.3920707702636719","1.3920707702636719","1.3920707702636719"
"32022","1.402477502822876","1.402477502822876","1.402477502822876"
"32023","1.3639496564865112","1.3639496564865112","1.3639496564865112"
"32024","1.3862974643707275","1.3862974643707275","1.3862974643707275"
"32028","1.3944737911224365","1.3944737911224365","1.3944737911224365"
"32035","1.5487151145935059","1.5487151145935059","1.5487151145935059"
"32036","1.5554763078689575","1.5554763078689575","1.5554763078689575"
"32039","1.3890886306762695","1.3890886306762695","1.3890886306762695"
"32041","1.4016799926757812","1.4016799926757812","1.4016799926757812"
"32043","1.400757908821106","1.400757908821106","1.400757908821106"
"32044","1.5172207355499268","1.5172207355499268","1.5172207355499268"
"32047","1.5069386959075928","1.5069386959075928","1.5069386959075928"
"32049","1.4359062910079956","1.4359062910079956","1.4359062910079956"
"32052","1.4219486713409424","1.4219486713409424","1.4219486713409424"
"32054","1.3965682983398438","1.3965682983398438","1.3965682983398438"
"32055","1.4345684051513672","1.4345684051513672","1.4345684051513672"
"32056","1.3636775016784668","1.3636775016784668","1.3636775016784668"
"32057","1.4206910133361816","1.4206910133361816","1.4206910133361816"
"32067","1.476076364517212","1.476076364517212","1.476076364517212"
"32068","1.3015094995498657","1.3015094995498657","1.3015094995498657"
"32069","1.5473053455352783","1.5473053455352783","1.5473053455352783"
"32072","1.4093904495239258","1.4093904495239258","1.4093904495239258"
"32078","1.3269637823104858","1.3269637823104858","1.3269637823104858"
"32081","1.381039023399353","1.381039023399353","1.381039023399353"
"32082","1.4537369012832642","1.4537369012832642","1.4537369012832642"
"32083","1.4003854990005493","1.4003854990005493","1.4003854990005493"
"32087","1.3889143466949463","1.3889143466949463","1.3889143466949463"
"32091","1.3388862609863281","1.3388862609863281","1.3388862609863281"
"32103","1.453869104385376","1.453869104385376","1.453869104385376"
"32107","1.4414969682693481","1.4414969682693481","1.4414969682693481"
"32108","1.4589996337890625","1.4589996337890625","1.4589996337890625"
"32121","1.4683513641357422","1.4683513641357422","1.4683513641357422"
"32123","1.5205398797988892","1.5205398797988892","1.5205398797988892"
"32126","1.3018124103546143","1.3018124103546143","1.3018124103546143"
"32127","1.4760308265686035","1.4760308265686035","1.4760308265686035"
"32129","1.3803428411483765","1.3803428411483765","1.3803428411483765"
"32132","1.3718986511230469","1.3718986511230469","1.3718986511230469"
"32137","1.4446980953216553","1.4446980953216553","1.4446980953216553"
"32138","1.3751989603042603","1.3751989603042603","1.3751989603042603"
"32140","1.2767442464828491","1.2767442464828491","1.2767442464828491"
"32141","1.4432786703109741","1.4432786703109741","1.4432786703109741"
"32150","1.3745787143707275","1.3745787143707275","1.3745787143707275"
"32159","1.3914415836334229","1.3914415836334229","1.3914415836334229"
"32160","1.3706920146942139","1.3706920146942139","1.3706920146942139"
"32162","1.4899392127990723","1.4899392127990723","1.4899392127990723"
"32168","1.401658296585083","1.401658296585083","1.401658296585083"
"32176","1.4399001598358154","1.4399001598358154","1.4399001598358154"
"32180","1.455145239830017","1.455145239830017","1.455145239830017"
"32183","1.5141818523406982","1.5141818523406982","1.5141818523406982"
"32188","1.4189164638519287","1.4189164638519287","1.4189164638519287"
"32192","1.4682248830795288","1.4682248830795288","1.4682248830795288"
"32201","1.363774061203003","1.363774061203003","1.363774061203003"
"32203","1.3579001426696777","1.3579001426696777","1.3579001426696777"
"32204","1.3903900384902954","1.3903900384902954","1.3903900384902954"
"32205","1.432666301727295","1.432666301727295","1.432666301727295"
"32208","1.308610200881958","1.308610200881958","1.308610200881958"
"32211","1.4289448261260986","1.4289448261260986","1.4289448261260986"
"32217","1.4337029457092285","1.4337029457092285","1.4337029457092285"
"32224","1.372757911682129","1.372757911682129","1.372757911682129"
"32227","1.4200416803359985","1.4200416803359985","1.4200416803359985"
"32232","1.4173493385314941","1.4173493385314941","1.4173493385314941"
"32248","1.35776948928833","1.35776948928833","1.35776948928833"
"32250","1.4209096431732178","1.4209096431732178","1.4209096431732178"
"32253","1.388615608215332","1.388615608215332","1.388615608215332"
"32264","1.4817652702331543","1.4817652702331543","1.4817652702331543"
"32265","1.3201813697814941","1.3201813697814941","1.3201813697814941"
"32267","1.449968695640564","1.449968695640564","1.449968695640564"
"32274","1.461191177368164","1.461191177368164","1.461191177368164"
"32284","1.4069163799285889","1.4069163799285889","1.4069163799285889"
"32285","1.4792358875274658","1.4792358875274658","1.4792358875274658"
"32286","1.3651491403579712","1.3651491403579712","1.3651491403579712"
"32290","1.4056718349456787","1.4056718349456787","1.4056718349456787"
"32296","1.466240406036377","1.466240406036377","1.466240406036377"
"32298","1.4387502670288086","1.4387502670288086","1.4387502670288086"
"32302","1.3680229187011719","1.3680229187011719","1.3680229187011719"
"32303","1.3375746011734009","1.3375746011734009","1.3375746011734009"
"32305","1.3600304126739502","1.3600304126739502","1.3600304126739502"
"32309","1.4426202774047852","1.4426202774047852","1.4426202774047852"
"32313","1.3653016090393066","1.3653016090393066","1.3653016090393066"
"32315","1.3699573278427124","1.3699573278427124","1.3699573278427124"
"32317","1.457862377166748","1.457862377166748","1.457862377166748"
"32323","1.3780078887939453","1.3780078887939453","1.3780078887939453"
"32326","1.5047663450241089","1.5047663450241089","1.5047663450241089"
"32329","1.3920128345489502","1.3920128345489502","1.3920128345489502"
"32330","1.396286129951477","1.396286129951477","1.396286129951477"
"32332","1.3921785354614258","1.3921785354614258","1.3921785354614258"
"32333","1.4077341556549072","1.4077341556549072","1.4077341556549072"
"32337","1.4484128952026367","1.4484128952026367","1.4484128952026367"
"32340","1.4517297744750977","1.4517297744750977","1.4517297744750977"
"32349","1.4760043621063232","1.4760043621063232","1.4760043621063232"
"32351","1.3684234619140625","1.3684234619140625","1.3684234619140625"
"32358","1.3845940828323364","1.3845940828323364","1.3845940828323364"
"32362","1.3778362274169922","1.3778362274169922","1.3778362274169922"
"32371","1.469001293182373","1.469001293182373","1.469001293182373"
"32379","1.4005311727523804","1.4005311727523804","1.4005311727523804"
"32388","1.4082398414611816","1.4082398414611816","1.4082398414611816"
"32390","1.4410250186920166","1.4410250186920166","1.4410250186920166"
"32394","1.4219858646392822","1.4219858646392822","1.4219858646392822"
"32399","1.4334652423858643","1.4334652423858643","1.4334652423858643"
"32411","1.474125862121582","1.474125862121582","1.474125862121582"
"32412","1.444746494293213","1.444746494293213","1.444746494293213"
"32413","1.3099629878997803","1.3099629878997803","1.3099629878997803"
"32415","1.4383831024169922","1.4383831024169922","1.4383831024169922"
"32428","1.429738998413086","1.429738998413086","1.429738998413086"
"32431","1.4413865804672241","1.4413865804672241","1.4413865804672241"
"32433","1.4220402240753174","1.4220402240753174","1.4220402240753174"
"32436","1.3997864723205566","1.3997864723205566","1.3997864723205566"
"32437","1.4390289783477783","1.4390289783477783","1.4390289783477783"
"32438","1.4756765365600586","1.4756765365600586","1.4756765365600586"
"32450","1.3496434688568115","1.3496434688568115","1.3496434688568115"
"32453","1.4454052448272705","1.4454052448272705","1.4454052448272705"
"32456","1.4568428993225098","1.4568428993225098","1.4568428993225098"
"32459","1.404228687286377","1.404228687286377","1.404228687286377"
"32460","1.3485417366027832","1.3485417366027832","1.3485417366027832"
"32464","1.3829301595687866","1.3829301595687866","1.3829301595687866"
"32466","1.3886982202529907","1.3886982202529907","1.3886982202529907"
"32467","1.5038492679595947","1.5038492679595947","1.5038492679595947"
"32470","1.406300663948059","1.406300663948059","1.406300663948059"
"32471","1.4348607063293457","1.4348607063293457","1.4348607063293457"
"32474","1.4071605205535889","1.4071605205535889","1.4071605205535889"
"32493","1.4673763513565063","1.4673763513565063","1.4673763513565063"
"32494","1.3812036514282227","1.3812036514282227","1.3812036514282227"
"32495","1.339261531829834","1.339261531829834","1.339261531829834"
"32496","1.4422752857208252","1.4422752857208252","1.4422752857208252"
"32499","1.4654459953308105","1.4654459953308105","1.4654459953308105"
"32501","1.464132308959961","1.464132308959961","1.464132308959961"
"32502","1.502612829208374","1.502612829208374","1.502612829208374"
"32510","1.3548288345336914","1.3548288345336914","1.3548288345336914"
"32511","1.4400523900985718","1.4400523900985718","1.4400523900985718"
"32513","1.4050109386444092","1.4050109386444092","1.4050109386444092"
"32514","1.4687201976776123","1.4687201976776123","1.4687201976776123"
"32515","1.4687635898590088","1.4687635898590088","1.4687635898590088"
"32521","1.5388319492340088","1.5388319492340088","1.5388319492340088"
"32528","1.442245364189148","1.442245364189148","1.442245364189148"
"32530","1.4437776803970337","1.4437776803970337","1.4437776803970337"
"32531","1.4184989929199219","1.4184989929199219","1.4184989929199219"
"32535","1.4904224872589111","1.4904224872589111","1.4904224872589111"
"32540","1.394869327545166","1.394869327545166","1.394869327545166"
"32549","1.4574050903320312","1.4574050903320312","1.4574050903320312"
"32552","1.3826954364776611","1.3826954364776611","1.3826954364776611"
"32559","1.443575143814087","1.443575143814087","1.443575143814087"
"32566","1.3617098331451416","1.3617098331451416","1.3617098331451416"
"32571","1.3905963897705078","1.3905963897705078","1.3905963897705078"
"32572","1.4412498474121094","1.4412498474121094","1.4412498474121094"
"32573","1.4920803308486938","1.4920803308486938","1.4920803308486938"
"32574","1.3868470191955566","1.3868470191955566","1.3868470191955566"
"32576","1.4043385982513428","1.4043385982513428","1.4043385982513428"
"32579","1.38140869140625","1.38140869140625","1.38140869140625"
"32586","1.3372387886047363","1.3372387886047363","1.3372387886047363"
"32587","1.377795696258545","1.377795696258545","1.377795696258545"
"32590","1.4471917152404785","1.4471917152404785","1.4471917152404785"
"32593","1.4660060405731201","1.4660060405731201","1.4660060405731201"
"32603","1.4199004173278809","1.4199004173278809","1.4199004173278809"
"32605","1.3466386795043945","1.3466386795043945","1.3466386795043945"
"32613","1.4883006811141968","1.4883006811141968","1.4883006811141968"
"32614","1.4037139415740967","1.4037139415740967","1.4037139415740967"
"32628","1.3813202381134033","1.3813202381134033","1.3813202381134033"
"32633","1.3735712766647339","1.3735712766647339","1.3735712766647339"
"32636","1.4175742864608765","1.4175742864608765","1.4175742864608765"
"32639","1.5381722450256348","1.5381722450256348","1.5381722450256348"
"32641","1.3929920196533203","1.3929920196533203","1.3929920196533203"
"32642","1.4599356651306152","1.4599356651306152","1.4599356651306152"
"32651","1.4054388999938965","1.4054388999938965","1.4054388999938965"
"32659","1.5207676887512207","1.5207676887512207","1.5207676887512207"
"32661","1.433472752571106","1.433472752571106","1.433472752571106"
"32665","1.4184165000915527","1.4184165000915527","1.4184165000915527"
"32666","1.4581154584884644","1.4581154584884644","1.4581154584884644"
"32670","1.4738552570343018","1.4738552570343018","1.4738552570343018"
"32672","1.4608807563781738","1.4608807563781738","1.4608807563781738"
"32676","1.4172511100769043","1.4172511100769043","1.4172511100769043"
"32678","1.379280924797058","1.379280924797058","1.379280924797058"
"32680","1.4122257232666016","1.4122257232666016","1.4122257232666016"
"32691","1.4538612365722656","1.4538612365722656","1.4538612365722656"
"32693","1.4207353591918945","1.4207353591918945","1.4207353591918945"
"32694","1.3365042209625244","1.3365042209625244","1.3365042209625244"
"32696","1.4277057647705078","1.4277057647705078","1.4277057647705078"
"32698","1.291015386581421","1.291015386581421","1.291015386581421"
"32703","1.336348056793213","1.336348056793213","1.336348056793213"
"32716","1.3303837776184082","1.3303837776184082","1.3303837776184082"
"32723","1.4516355991363525","1.4516355991363525","1.4516355991363525"
"32726","1.4892326593399048","1.4892326593399048","1.4892326593399048"
"32727","1.4043155908584595","1.4043155908584595","1.4043155908584595"
"32729","1.3788471221923828","1.3788471221923828","1.3788471221923828"
"32735","1.41864013671875","1.41864013671875","1.41864013671875"
"32740","1.3633334636688232","1.3633334636688232","1.3633334636688232"
"32741","1.4076842069625854","1.4076842069625854","1.4076842069625854"
"32744","1.5002559423446655","1.5002559423446655","1.5002559423446655"
"32746","1.4633841514587402","1.4633841514587402","1.4633841514587402"
"32747","1.4551339149475098","1.4551339149475098","1.4551339149475098"
"32749","1.4107609987258911","1.4107609987258911","1.4107609987258911"
"32750","1.3363902568817139","1.3363902568817139","1.3363902568817139"
"32752","1.4537804126739502","1.4537804126739502","1.4537804126739502"
"32766","1.4823048114776611","1.4823048114776611","1.4823048114776611"
"32770","1.4476377964019775","1.4476377964019775","1.4476377964019775"
"32771","1.416340708732605","1.416340708732605","1.416340708732605"
"32772","1.3792378902435303","1.3792378902435303","1.3792378902435303"
"32780","1.3905152082443237","1.3905152082443237","1.3905152082443237"
"32781","1.4343425035476685","1.4343425035476685","1.4343425035476685"
"32795","1.3142653703689575","1.3142653703689575","1.3142653703689575"
"32796","1.488909125328064","1.488909125328064","1.488909125328064"
"32797","1.4631576538085938","1.4631576538085938","1.4631576538085938"
"32804","1.346024513244629","1.346024513244629","1.346024513244629"
"32806","1.429648756980896","1.429648756980896","1.429648756980896"
"32814","1.514405369758606","1.514405369758606","1.514405369758606"
"32822","1.3521043062210083","1.3521043062210083","1.3521043062210083"
"32823","1.3795106410980225","1.3795106410980225","1.3795106410980225"
"32827","1.4308795928955078","1.4308795928955078","1.4308795928955078"
"32833","1.3779807090759277","1.3779807090759277","1.3779807090759277"
"32838","1.3887391090393066","1.3887391090393066","1.3887391090393066"
"32839","1.5045349597930908","1.5045349597930908","1.5045349597930908"
"32843","1.443192958831787","1.443192958831787","1.443192958831787"
"32845","1.3369343280792236","1.3369343280792236","1.3369343280792236"
"32850","1.30049467086792","1.30049467086792","1.30049467086792"
"32852","1.409576654434204","1.409576654434204","1.409576654434204"
"32865","1.4166181087493896","1.4166181087493896","1.4166181087493896"
"32867","1.4303232431411743","1.4303232431411743","1.4303232431411743"
"32869","1.3537886142730713","1.3537886142730713","1.3537886142730713"
"32875","1.3819670677185059","1.3819670677185059","1.3819670677185059"
"32878","1.3842284679412842","1.3842284679412842","1.3842284679412842"
"32880","1.3152471780776978","1.3152471780776978","1.3152471780776978"
"32882","1.427416443824768","1.427416443824768","1.427416443824768"
"32883","1.3843600749969482","1.3843600749969482","1.3843600749969482"
"32887","1.3699982166290283","1.3699982166290283","1.3699982166290283"
"32893","1.3548102378845215","1.3548102378845215","1.3548102378845215"
"32895","1.438787817955017","1.438787817955017","1.438787817955017"
"32900","1.4240944385528564","1.4240944385528564","1.4240944385528564"
"32903","1.4805383682250977","1.4805383682250977","1.4805383682250977"
"32905","1.2828961610794067","1.2828961610794067","1.2828961610794067"
"32910","1.39412522315979","1.39412522315979","1.39412522315979"
"32913","1.361320972442627","1.361320972442627","1.361320972442627"
"32914","1.423004388809204","1.423004388809204","1.423004388809204"
"32915","1.396566390991211","1.396566390991211","1.396566390991211"
"32916","1.3732720613479614","1.3732720613479614","1.3732720613479614"
"32917","1.524429440498352","1.524429440498352","1.524429440498352"
"32919","1.4723384380340576","1.4723384380340576","1.4723384380340576"
"32922","1.4030132293701172","1.4030132293701172","1.4030132293701172"
"32927","1.4640859365463257","1.4640859365463257","1.4640859365463257"
"32928","1.3109203577041626","1.3109203577041626","1.3109203577041626"
"32930","1.35872483253479","1.35872483253479","1.35872483253479"
"32932","1.4077414274215698","1.4077414274215698","1.4077414274215698"
"32940","1.459371566772461","1.459371566772461","1.459371566772461"
"32946","1.3925615549087524","1.3925615549087524","1.3925615549087524"
"32950","1.4623839855194092","1.4623839855194092","1.4623839855194092"
"32951","1.3283377885818481","1.3283377885818481","1.3283377885818481"
"32952","1.5045380592346191","1.5045380592346191","1.5045380592346191"
"32957","1.3576103448867798","1.3576103448867798","1.3576103448867798"
"32958","1.4405224323272705","1.4405224323272705","1.4405224323272705"
"32963","1.4002330303192139","1.4002330303192139","1.4002330303192139"
"32968","1.432877779006958","1.432877779006958","1.432877779006958"
"32972","1.4060879945755005","1.4060879945755005","1.4060879945755005"
"32974","1.4311320781707764","1.4311320781707764","1.4311320781707764"
"32978","1.51129150390625","1.51129150390625","1.51129150390625"
"32987","1.4582545757293701","1.4582545757293701","1.4582545757293701"
"32996","1.3870270252227783","1.3870270252227783","1.3870270252227783"
"32999","1.4946725368499756","1.4946725368499756","1.4946725368499756"
"33000","1.497812271118164","1.497812271118164","1.497812271118164"
"33003","1.5239288806915283","1.5239288806915283","1.5239288806915283"
"33004","1.4365346431732178","1.4365346431732178","1.4365346431732178"
"33006","1.4605462551116943","1.4605462551116943","1.4605462551116943"
"33013","1.503021240234375","1.503021240234375","1.503021240234375"
"33014","1.4386191368103027","1.4386191368103027","1.4386191368103027"
"33015","1.4571236371994019","1.4571236371994019","1.4571236371994019"
"33016","1.3026734590530396","1.3026734590530396","1.3026734590530396"
"33017","1.427492618560791","1.427492618560791","1.427492618560791"
"33018","1.4835337400436401","1.4835337400436401","1.4835337400436401"
"33020","1.328026294708252","1.328026294708252","1.328026294708252"
"33021","1.397132396697998","1.397132396697998","1.397132396697998"
"33023","1.371063232421875","1.371063232421875","1.371063232421875"
"33024","1.5112180709838867","1.5112180709838867","1.5112180709838867"
"33025","1.3043166399002075","1.3043166399002075","1.3043166399002075"
"33027","1.3921842575073242","1.3921842575073242","1.3921842575073242"
"33029","1.427626609802246","1.427626609802246","1.427626609802246"
"33032","1.4221667051315308","1.4221667051315308","1.4221667051315308"
"33033","1.3192028999328613","1.3192028999328613","1.3192028999328613"
"33035","1.453401803970337","1.453401803970337","1.453401803970337"
"33045","1.373398780822754","1.373398780822754","1.373398780822754"
"33052","1.440887451171875","1.440887451171875","1.440887451171875"
"33065","1.4299243688583374","1.4299243688583374","1.4299243688583374"
"33066","1.4426698684692383","1.4426698684692383","1.4426698684692383"
"33070","1.312932014465332","1.312932014465332","1.312932014465332"
"33073","1.4631867408752441","1.4631867408752441","1.4631867408752441"
"33077","1.4124131202697754","1.4124131202697754","1.4124131202697754"
"33080","1.4221224784851074","1.4221224784851074","1.4221224784851074"
"33083","1.4541821479797363","1.4541821479797363","1.4541821479797363"
"33084","1.4688911437988281","1.4688911437988281","1.4688911437988281"
"33092","1.3771551847457886","1.3771551847457886","1.3771551847457886"
"33093","1.4534156322479248","1.4534156322479248","1.4534156322479248"
"33098","1.3580973148345947","1.3580973148345947","1.3580973148345947"
"33105","1.4859226942062378","1.4859226942062378","1.4859226942062378"
"33110","1.6149485111236572","1.6149485111236572","1.6149485111236572"
"33121","1.4073058366775513","1.4073058366775513","1.4073058366775513"
"33125","1.3515501022338867","1.3515501022338867","1.3515501022338867"
"33126","1.4244452714920044","1.4244452714920044","1.4244452714920044"
"33128","1.3356484174728394","1.3356484174728394","1.3356484174728394"
"33129","1.4204487800598145","1.4204487800598145","1.4204487800598145"
"33132","1.4452322721481323","1.4452322721481323","1.4452322721481323"
"33135","1.4377596378326416","1.4377596378326416","1.4377596378326416"
"33136","1.3167755603790283","1.3167755603790283","1.3167755603790283"
"33138","1.3389469385147095","1.3389469385147095","1.3389469385147095"
"33140","1.4771955013275146","1.4771955013275146","1.4771955013275146"
"33145","1.4528428316116333","1.4528428316116333","1.4528428316116333"
"33146","1.4148693084716797","1.4148693084716797","1.4148693084716797"
"33156","1.4155220985412598","1.4155220985412598","1.4155220985412598"
"33164","1.485668420791626","1.485668420791626","1.485668420791626"
"33166","1.3915908336639404","1.3915908336639404","1.3915908336639404"
"33174","1.3699698448181152","1.3699698448181152","1.3699698448181152"
"33177","1.4760451316833496","1.4760451316833496","1.4760451316833496"
"33182","1.4231494665145874","1.4231494665145874","1.4231494665145874"
"33188","1.5878486633300781","1.5878486633300781","1.5878486633300781"
"33189","1.4473285675048828","1.4473285675048828","1.4473285675048828"
"33206","1.4251478910446167","1.4251478910446167","1.4251478910446167"
"33208","1.458724021911621","1.458724021911621","1.458724021911621"
"33214","1.386474609375","1.386474609375","1.386474609375"
"33222","1.5084365606307983","1.5084365606307983","1.5084365606307983"
"33223","1.4054977893829346","1.4054977893829346","1.4054977893829346"
"33224","1.4355230331420898","1.4355230331420898","1.4355230331420898"
"33232","1.4161996841430664","1.4161996841430664","1.4161996841430664"
"33235","1.430795669555664","1.430795669555664","1.430795669555664"
"33239","1.531360149383545","1.531360149383545","1.531360149383545"
"33241","1.4706027507781982","1.4706027507781982","1.4706027507781982"
"33244","1.4554328918457031","1.4554328918457031","1.4554328918457031"
"33262","1.3931114673614502","1.3931114673614502","1.3931114673614502"
"33264","1.394158124923706","1.394158124923706","1.394158124923706"
"33267","1.3576347827911377","1.3576347827911377","1.3576347827911377"
"33269","1.3530511856079102","1.3530511856079102","1.3530511856079102"
"33270","1.4028055667877197","1.4028055667877197","1.4028055667877197"
"33281","1.3875107765197754","1.3875107765197754","1.3875107765197754"
"33283","1.4235599040985107","1.4235599040985107","1.4235599040985107"
"33291","1.3437039852142334","1.3437039852142334","1.3437039852142334"
"33292","1.3669489622116089","1.3669489622116089","1.3669489622116089"
"33293","1.389481544494629","1.389481544494629","1.389481544494629"
"33296","1.449808955192566","1.449808955192566","1.449808955192566"
"33301","1.5023614168167114","1.5023614168167114","1.5023614168167114"
"33306","1.4338845014572144","1.4338845014572144","1.4338845014572144"
"33307","1.447463035583496","1.447463035583496","1.447463035583496"
"33315","1.3692069053649902","1.3692069053649902","1.3692069053649902"
"33324","1.4609487056732178","1.4609487056732178","1.4609487056732178"
"33329","1.3809788227081299","1.3809788227081299","1.3809788227081299"
"33330","1.416811466217041","1.416811466217041","1.416811466217041"
"33336","1.3476228713989258","1.3476228713989258","1.3476228713989258"
"33338","1.5057861804962158","1.5057861804962158","1.5057861804962158"
"33339","1.4415297508239746","1.4415297508239746","1.4415297508239746"
"33357","1.4664362668991089","1.4664362668991089","1.4664362668991089"
"33361","1.3907707929611206","1.3907707929611206","1.3907707929611206"
"33371","1.458397388458252","1.458397388458252","1.458397388458252"
"33374","1.425818681716919","1.425818681716919","1.425818681716919"
"33381","1.3931403160095215","1.3931403160095215","1.3931403160095215"
"33385","1.455001950263977","1.455001950263977","1.455001950263977"
"33386","1.3706669807434082","1.3706669807434082","1.3706669807434082"
"33389","1.4533536434173584","1.4533536434173584","1.4533536434173584"
"33391","1.4252327680587769","1.4252327680587769","1.4252327680587769"
"33398","1.2997310161590576","1.2997310161590576","1.2997310161590576"
"33406","1.4464237689971924","1.4464237689971924","1.4464237689971924"
"33407","1.410876989364624","1.410876989364624","1.410876989364624"
"33408","1.4155514240264893","1.4155514240264893","1.4155514240264893"
"33411","1.4974703788757324","1.4974703788757324","1.4974703788757324"
"33412","1.3593618869781494","1.3593618869781494","1.3593618869781494"
"33413","1.4250876903533936","1.4250876903533936","1.4250876903533936"
"33423","1.3603417873382568","1.3603417873382568","1.3603417873382568"
"33426","1.3779982328414917","1.3779982328414917","1.3779982328414917"
"33432","1.3255646228790283","1.3255646228790283","1.3255646228790283"
"33433","1.3992805480957031","1.3992805480957031","1.3992805480957031"
"33434","1.4188380241394043","1.4188380241394043","1.4188380241394043"
"33436","1.467273235321045","1.467273235321045","1.467273235321045"
"33444","1.5152626037597656","1.5152626037597656","1.5152626037597656"
"33449","1.4098989963531494","1.4098989963531494","1.4098989963531494"
"33452","1.3751366138458252","1.3751366138458252","1.3751366138458252"
"33454","1.458540678024292","1.458540678024292","1.458540678024292"
"33456","1.431309461593628","1.431309461593628","1.431309461593628"
"33460","1.3190118074417114","1.3190118074417114","1.3190118074417114"
"33464","1.422419786453247","1.422419786453247","1.422419786453247"
"33465","1.3514654636383057","1.3514654636383057","1.3514654636383057"
"33466","1.4126896858215332","1.4126896858215332","1.4126896858215332"
"33469","1.4237767457962036","1.4237767457962036","1.4237767457962036"
"33471","1.4735431671142578","1.4735431671142578","1.4735431671142578"
"33484","1.3737833499908447","1.3737833499908447","1.3737833499908447"
"33486","1.3883326053619385","1.3883326053619385","1.3883326053619385"
"33490","1.3811073303222656","1.3811073303222656","1.3811073303222656"
"33492","1.5008673667907715","1.5008673667907715","1.5008673667907715"
"33496","1.4076805114746094","1.4076805114746094","1.4076805114746094"
"33514","1.3579392433166504","1.3579392433166504","1.3579392433166504"
"33517","1.4437135457992554","1.4437135457992554","1.4437135457992554"
"33518","1.3961334228515625","1.3961334228515625","1.3961334228515625"
"33519","1.4910621643066406","1.4910621643066406","1.4910621643066406"
"33525","1.4096870422363281","1.4096870422363281","1.4096870422363281"
"33529","1.4087872505187988","1.4087872505187988","1.4087872505187988"
"33539","1.3873085975646973","1.3873085975646973","1.3873085975646973"
"33546","1.3822436332702637","1.3822436332702637","1.3822436332702637"
"33547","1.3662822246551514","1.3662822246551514","1.3662822246551514"
"33559","1.3011566400527954","1.3011566400527954","1.3011566400527954"
"33561","1.4106484651565552","1.4106484651565552","1.4106484651565552"
"33562","1.3499735593795776","1.3499735593795776","1.3499735593795776"
"33569","1.3190975189208984","1.3190975189208984","1.3190975189208984"
"33576","1.3742291927337646","1.3742291927337646","1.3742291927337646"
"33577","1.3128466606140137","1.3128466606140137","1.3128466606140137"
"33581","1.406114101409912","1.406114101409912","1.406114101409912"
"33586","1.4951667785644531","1.4951667785644531","1.4951667785644531"
"33587","1.3718252182006836","1.3718252182006836","1.3718252182006836"
"33588","1.377990961074829","1.377990961074829","1.377990961074829"
"33589","1.425844669342041","1.425844669342041","1.425844669342041"
"33590","1.3352835178375244","1.3352835178375244","1.3352835178375244"
"33599","1.4653631448745728","1.4653631448745728","1.4653631448745728"
"33608","1.3950822353363037","1.3950822353363037","1.3950822353363037"
"33610","1.358338713645935","1.358338713645935","1.358338713645935"
"33617","1.3675243854522705","1.3675243854522705","1.3675243854522705"
"33625","1.4989104270935059","1.4989104270935059","1.4989104270935059"
"33628","1.4083068370819092","1.4083068370819092","1.4083068370819092"
"33633","1.3256256580352783","1.3256256580352783","1.3256256580352783"
"33635","1.456514835357666","1.456514835357666","1.456514835357666"
"33636","1.4651367664337158","1.4651367664337158","1.4651367664337158"
"33639","1.3590912818908691","1.3590912818908691","1.3590912818908691"
"33649","1.4477413892745972","1.4477413892745972","1.4477413892745972"
"33651","1.4342385530471802","1.4342385530471802","1.4342385530471802"
"33652","1.4285359382629395","1.4285359382629395","1.4285359382629395"
"33654","1.3909776210784912","1.3909776210784912","1.3909776210784912"
"33661","1.40626859664917","1.40626859664917","1.40626859664917"
"33662","1.4476330280303955","1.4476330280303955","1.4476330280303955"
"33663","1.3906152248382568","1.3906152248382568","1.3906152248382568"
"33668","1.3788561820983887","1.3788561820983887","1.3788561820983887"
"33670","1.288731575012207","1.288731575012207","1.288731575012207"
"33679","1.4308626651763916","1.4308626651763916","1.4308626651763916"
"33681","1.3996626138687134","1.3996626138687134","1.3996626138687134"
"33683","1.4754843711853027","1.4754843711853027","1.4754843711853027"
"33689","1.4108695983886719","1.4108695983886719","1.4108695983886719"
"33707","1.4236130714416504","1.4236130714416504","1.4236130714416504"
"33712","1.3918832540512085","1.3918832540512085","1.3918832540512085"
"33715","1.4473423957824707","1.4473423957824707","1.4473423957824707"
"33717","1.4511454105377197","1.4511454105377197","1.4511454105377197"
"33721","1.2651962041854858","1.2651962041854858","1.2651962041854858"
"33724","1.4425404071807861","1.4425404071807861","1.4425404071807861"
"33728","1.4776661396026611","1.4776661396026611","1.4776661396026611"
"33733","1.4422380924224854","1.4422380924224854","1.4422380924224854"
"33736","1.2769969701766968","1.2769969701766968","1.2769969701766968"
"33738","1.5110450983047485","1.5110450983047485","1.5110450983047485"
"33740","1.40413236618042","1.40413236618042","1.40413236618042"
"33749","1.3593950271606445","1.3593950271606445","1.3593950271606445"
"33753","1.4257702827453613","1.4257702827453613","1.4257702827453613"
"33755","1.4697891473770142","1.4697891473770142","1.4697891473770142"
"33765","1.465980052947998","1.465980052947998","1.465980052947998"
"33774","1.3660578727722168","1.3660578727722168","1.3660578727722168"
"33786","1.3388046026229858","1.3388046026229858","1.3388046026229858"
"33790","1.404131531715393","1.404131531715393","1.404131531715393"
"33793","1.3532683849334717","1.3532683849334717","1.3532683849334717"
"33799","1.3666799068450928","1.3666799068450928","1.3666799068450928"
"33805","1.3840293884277344","1.3840293884277344","1.3840293884277344"
"33813","1.3582098484039307","1.3582098484039307","1.3582098484039307"
"33814","1.414548397064209","1.414548397064209","1.414548397064209"
"33821","1.419862151145935","1.419862151145935","1.419862151145935"
"33822","1.4014431238174438","1.4014431238174438","1.4014431238174438"
"33825","1.321099877357483","1.321099877357483","1.321099877357483"
"33826","1.4754433631896973","1.4754433631896973","1.4754433631896973"
"33827","1.300384521484375","1.300384521484375","1.300384521484375"
"33828","1.42551589012146","1.42551589012146","1.42551589012146"
"33831","1.3494691848754883","1.3494691848754883","1.3494691848754883"
"33835","1.311298131942749","1.311298131942749","1.311298131942749"
"33842","1.4678492546081543","1.4678492546081543","1.4678492546081543"
"33844","1.5249037742614746","1.5249037742614746","1.5249037742614746"
"33851","1.2832601070404053","1.2832601070404053","1.2832601070404053"
"33855","1.3660273551940918","1.3660273551940918","1.3660273551940918"
"33858","1.4185773134231567","1.4185773134231567","1.4185773134231567"
"33863","1.3391149044036865","1.3391149044036865","1.3391149044036865"
"33871","1.3488717079162598","1.3488717079162598","1.3488717079162598"
"33879","1.3914649486541748","1.3914649486541748","1.3914649486541748"
"33883","1.3313982486724854","1.3313982486724854","1.3313982486724854"
"33887","1.5419591665267944","1.5419591665267944","1.5419591665267944"
"33888","1.3624286651611328","1.3624286651611328","1.3624286651611328"
"33889","1.3213809728622437","1.3213809728622437","1.3213809728622437"
"33893","1.4335808753967285","1.4335808753967285","1.4335808753967285"
"33896","1.5057541131973267","1.5057541131973267","1.5057541131973267"
"33901","1.4781042337417603","1.4781042337417603","1.4781042337417603"
"33904","1.3721095323562622","1.3721095323562622","1.3721095323562622"
"33909","1.3429862260818481","1.3429862260818481","1.3429862260818481"
"33913","1.4357233047485352","1.4357233047485352","1.4357233047485352"
"33924","1.4595407247543335","1.4595407247543335","1.4595407247543335"
"33925","1.4051923751831055","1.4051923751831055","1.4051923751831055"
"33926","1.3653199672698975","1.3653199672698975","1.3653199672698975"
"33932","1.4532146453857422","1.4532146453857422","1.4532146453857422"
"33933","1.4255961179733276","1.4255961179733276","1.4255961179733276"
"33938","1.3423454761505127","1.3423454761505127","1.3423454761505127"
"33941","1.3723081350326538","1.3723081350326538","1.3723081350326538"
"33947","1.5186371803283691","1.5186371803283691","1.5186371803283691"
"33948","1.4079291820526123","1.4079291820526123","1.4079291820526123"
"33949","1.3685425519943237","1.3685425519943237","1.3685425519943237"
"33952","1.447798252105713","1.447798252105713","1.447798252105713"
"33957","1.3511940240859985","1.3511940240859985","1.3511940240859985"
"33960","1.334619164466858","1.334619164466858","1.334619164466858"
"33969","1.343862771987915","1.343862771987915","1.343862771987915"
"33973","1.3694701194763184","1.3694701194763184","1.3694701194763184"
"33978","1.460660457611084","1.460660457611084","1.460660457611084"
"33986","1.415318489074707","1.415318489074707","1.415318489074707"
"33987","1.4246125221252441","1.4246125221252441","1.4246125221252441"
"33990","1.4384499788284302","1.4384499788284302","1.4384499788284302"
"33993","1.4294204711914062","1.4294204711914062","1.4294204711914062"
"33995","1.5534751415252686","1.5534751415252686","1.5534751415252686"
"34000","1.4324302673339844","1.4324302673339844","1.4324302673339844"
"34008","1.461685299873352","1.461685299873352","1.461685299873352"
"34010","1.3375422954559326","1.3375422954559326","1.3375422954559326"
"34016","1.4064686298370361","1.4064686298370361","1.4064686298370361"
"34017","1.386163353919983","1.386163353919983","1.386163353919983"
"34023","1.380805253982544","1.380805253982544","1.380805253982544"
"34027","1.4722048044204712","1.4722048044204712","1.4722048044204712"
"34028","1.3114004135131836","1.3114004135131836","1.3114004135131836"
"34032","1.394695520401001","1.394695520401001","1.394695520401001"
"34038","1.4007431268692017","1.4007431268692017","1.4007431268692017"
"34039","1.4121191501617432","1.4121191501617432","1.4121191501617432"
"34044","1.428705096244812","1.428705096244812","1.428705096244812"
"34047","1.3400375843048096","1.3400375843048096","1.3400375843048096"
"34051","1.370518445968628","1.370518445968628","1.370518445968628"
"34053","1.4806687831878662","1.4806687831878662","1.4806687831878662"
"34059","1.4323030710220337","1.4323030710220337","1.4323030710220337"
"34062","1.3421602249145508","1.3421602249145508","1.3421602249145508"
"34064","1.5243698358535767","1.5243698358535767","1.5243698358535767"
"34079","1.2992160320281982","1.2992160320281982","1.2992160320281982"
"34088","1.3627479076385498","1.3627479076385498","1.3627479076385498"
"34089","1.4134013652801514","1.4134013652801514","1.4134013652801514"
"34091","1.4164650440216064","1.4164650440216064","1.4164650440216064"
"34095","1.3864649534225464","1.3864649534225464","1.3864649534225464"
"34099","1.4000986814498901","1.4000986814498901","1.4000986814498901"
"34101","1.343747854232788","1.343747854232788","1.343747854232788"
"34105","1.4200854301452637","1.4200854301452637","1.4200854301452637"
"34109","1.4288851022720337","1.4288851022720337","1.4288851022720337"
"34110","1.3949114084243774","1.3949114084243774","1.3949114084243774"
"34116","1.3222005367279053","1.3222005367279053","1.3222005367279053"
"34119","1.3865993022918701","1.3865993022918701","1.3865993022918701"
"34125","1.3670834302902222","1.3670834302902222","1.3670834302902222"
"34130","1.5456299781799316","1.5456299781799316","1.5456299781799316"
"34138","1.3262550830841064","1.3262550830841064","1.3262550830841064"
"34140","1.4284164905548096","1.4284164905548096","1.4284164905548096"
"34142","1.3695919513702393","1.3695919513702393","1.3695919513702393"
"34144","1.3998754024505615","1.3998754024505615","1.3998754024505615"
"34147","1.4792983531951904","1.4792983531951904","1.4792983531951904"
"34149","1.386818766593933","1.386818766593933","1.386818766593933"
"34150","1.5374867916107178","1.5374867916107178","1.5374867916107178"
"34151","1.4060755968093872","1.4060755968093872","1.4060755968093872"
"34154","1.3663084506988525","1.3663084506988525","1.3663084506988525"
"34159","1.3552687168121338","1.3552687168121338","1.3552687168121338"
"34166","1.4340755939483643","1.4340755939483643","1.4340755939483643"
"34169","1.3518283367156982","1.3518283367156982","1.3518283367156982"
"34171","1.447989583015442","1.447989583015442","1.447989583015442"
"34175","1.4428290128707886","1.4428290128707886","1.4428290128707886"
"34179","1.439486026763916","1.439486026763916","1.439486026763916"
"34180","1.3655009269714355","1.3655009269714355","1.3655009269714355"
"34184","1.4740142822265625","1.4740142822265625","1.4740142822265625"
"34187","1.4250872135162354","1.4250872135162354","1.4250872135162354"
"34201","1.3998937606811523","1.3998937606811523","1.3998937606811523"
"34203","1.3893039226531982","1.3893039226531982","1.3893039226531982"
"34204","1.3676308393478394","1.3676308393478394","1.3676308393478394"
"34205","1.3673897981643677","1.3673897981643677","1.3673897981643677"
"34207","1.4607222080230713","1.4607222080230713","1.4607222080230713"
"34208","1.4013714790344238","1.4013714790344238","1.4013714790344238"
"34225","1.4356584548950195","1.4356584548950195","1.4356584548950195"
"34230","1.3276355266571045","1.3276355266571045","1.3276355266571045"
"34231","1.4817237854003906","1.4817237854003906","1.4817237854003906"
"34233","1.5240837335586548","1.5240837335586548","1.5240837335586548"
"34241","1.3620755672454834","1.3620755672454834","1.3620755672454834"
"34242","1.4991728067398071","1.4991728067398071","1.4991728067398071"
"34246","1.3720256090164185","1.3720256090164185","1.3720256090164185"
"34249","1.3808990716934204","1.3808990716934204","1.3808990716934204"
"34255","1.3576281070709229","1.3576281070709229","1.3576281070709229"
"34260","1.4024989604949951","1.4024989604949951","1.4024989604949951"
"34265","1.3911736011505127","1.3911736011505127","1.3911736011505127"
"34266","1.4398610591888428","1.4398610591888428","1.4398610591888428"
"34274","1.29156494140625","1.29156494140625","1.29156494140625"
"34277","1.3466167449951172","1.3466167449951172","1.3466167449951172"
"34280","1.401598334312439","1.401598334312439","1.401598334312439"
"34283","1.3639280796051025","1.3639280796051025","1.3639280796051025"
"34291","1.4310386180877686","1.4310386180877686","1.4310386180877686"
"34293","1.4002214670181274","1.4002214670181274","1.4002214670181274"
"34295","1.3298745155334473","1.3298745155334473","1.3298745155334473"
"34300","1.4276361465454102","1.4276361465454102","1.4276361465454102"
"34301","1.3540441989898682","1.3540441989898682","1.3540441989898682"
"34302","1.4111367464065552","1.4111367464065552","1.4111367464065552"
"34303","1.3801631927490234","1.3801631927490234","1.3801631927490234"
"34307","1.4117857217788696","1.4117857217788696","1.4117857217788696"
"34309","1.3800127506256104","1.3800127506256104","1.3800127506256104"
"34312","1.340541124343872","1.340541124343872","1.340541124343872"
"34316","1.3619067668914795","1.3619067668914795","1.3619067668914795"
"34318","1.4418692588806152","1.4418692588806152","1.4418692588806152"
"34319","1.416818618774414","1.416818618774414","1.416818618774414"
"34323","1.4582759141921997","1.4582759141921997","1.4582759141921997"
"34329","1.3748444318771362","1.3748444318771362","1.3748444318771362"
"34336","1.304614543914795","1.304614543914795","1.304614543914795"
"34344","1.3779149055480957","1.3779149055480957","1.3779149055480957"
"34349","1.367875337600708","1.367875337600708","1.367875337600708"
"34350","1.2965877056121826","1.2965877056121826","1.2965877056121826"
"34352","1.3196485042572021","1.3196485042572021","1.3196485042572021"
"34366","1.4256635904312134","1.4256635904312134","1.4256635904312134"
"34370","1.4142484664916992","1.4142484664916992","1.4142484664916992"
"34379","1.3606780767440796","1.3606780767440796","1.3606780767440796"
"34381","1.4195067882537842","1.4195067882537842","1.4195067882537842"
"34386","1.3418939113616943","1.3418939113616943","1.3418939113616943"
"34392","1.3119380474090576","1.3119380474090576","1.3119380474090576"
"34394","1.367234706878662","1.367234706878662","1.367234706878662"
"34397","1.3234214782714844","1.3234214782714844","1.3234214782714844"
"34400","1.459122657775879","1.459122657775879","1.459122657775879"
"34407","1.3649368286132812","1.3649368286132812","1.3649368286132812"
"34409","1.3743579387664795","1.3743579387664795","1.3743579387664795"
"34410","1.3709971904754639","1.3709971904754639","1.3709971904754639"
"34415","1.3900858163833618","1.3900858163833618","1.3900858163833618"
"34416","1.4209356307983398","1.4209356307983398","1.4209356307983398"
"34418","1.3973625898361206","1.3973625898361206","1.3973625898361206"
"34420","1.3670923709869385","1.3670923709869385","1.3670923709869385"
"34421","1.4167184829711914","1.4167184829711914","1.4167184829711914"
"34429","1.4032553434371948","1.4032553434371948","1.4032553434371948"
"34431","1.3394006490707397","1.3394006490707397","1.3394006490707397"
"34440","1.3908684253692627","1.3908684253692627","1.3908684253692627"
"34443","1.367558240890503","1.367558240890503","1.367558240890503"
"34446","1.4272630214691162","1.4272630214691162","1.4272630214691162"
"34449","1.513954758644104","1.513954758644104","1.513954758644104"
"34450","1.339689016342163","1.339689016342163","1.339689016342163"
"34469","1.4001071453094482","1.4001071453094482","1.4001071453094482"
"34476","1.4166077375411987","1.4166077375411987","1.4166077375411987"
"34483","1.4106812477111816","1.4106812477111816","1.4106812477111816"
"34486","1.441469430923462","1.441469430923462","1.441469430923462"
"34495","1.3289523124694824","1.3289523124694824","1.3289523124694824"
"34500","1.4191800355911255","1.4191800355911255","1.4191800355911255"
"34502","1.3555891513824463","1.3555891513824463","1.3555891513824463"
"34504","1.313538670539856","1.313538670539856","1.313538670539856"
"34505","1.4413682222366333","1.4413682222366333","1.4413682222366333"
"34507","1.4608606100082397","1.4608606100082397","1.4608606100082397"
"34508","1.4964561462402344","1.4964561462402344","1.4964561462402344"
"34509","1.3617639541625977","1.3617639541625977","1.3617639541625977"
"34510","1.3794684410095215","1.3794684410095215","1.3794684410095215"
"34511","1.5644285678863525","1.5644285678863525","1.5644285678863525"
"34518","1.3804931640625","1.3804931640625","1.3804931640625"
"34526","1.3142626285552979","1.3142626285552979","1.3142626285552979"
"34529","1.4012246131896973","1.4012246131896973","1.4012246131896973"
"34530","1.3444476127624512","1.3444476127624512","1.3444476127624512"
"34534","1.3895795345306396","1.3895795345306396","1.3895795345306396"
"34537","1.3126401901245117","1.3126401901245117","1.3126401901245117"
"34541","1.434025526046753","1.434025526046753","1.434025526046753"
"34545","1.458565592765808","1.458565592765808","1.458565592765808"
"34546","1.4424976110458374","1.4424976110458374","1.4424976110458374"
"34550","1.3883941173553467","1.3883941173553467","1.3883941173553467"
"34562","1.4188257455825806","1.4188257455825806","1.4188257455825806"
"34563","1.2997188568115234","1.2997188568115234","1.2997188568115234"
"34566","1.3457350730895996","1.3457350730895996","1.3457350730895996"
"34575","1.3143229484558105","1.3143229484558105","1.3143229484558105"
"34578","1.389984369277954","1.389984369277954","1.389984369277954"
"34584","1.4596242904663086","1.4596242904663086","1.4596242904663086"
"34591","1.389615774154663","1.389615774154663","1.389615774154663"
"34594","1.3437821865081787","1.3437821865081787","1.3437821865081787"
"34601","1.4752850532531738","1.4752850532531738","1.4752850532531738"
"34606","1.401810884475708","1.401810884475708","1.401810884475708"
"34616","1.38509202003479","1.38509202003479","1.38509202003479"
"34622","1.3533477783203125","1.3533477783203125","1.3533477783203125"
"34631","1.439056158065796","1.439056158065796","1.439056158065796"
"34642","1.3679016828536987","1.3679016828536987","1.3679016828536987"
"34644","1.4244434833526611","1.4244434833526611","1.4244434833526611"
"34645","1.4565585851669312","1.4565585851669312","1.4565585851669312"
"34647","1.4764152765274048","1.4764152765274048","1.4764152765274048"
"34654","1.3792634010314941","1.3792634010314941","1.3792634010314941"
"34655","1.5318045616149902","1.5318045616149902","1.5318045616149902"
"34660","1.3541309833526611","1.3541309833526611","1.3541309833526611"
"34665","1.3338656425476074","1.3338656425476074","1.3338656425476074"
"34666","1.4075628519058228","1.4075628519058228","1.4075628519058228"
"34671","1.3292620182037354","1.3292620182037354","1.3292620182037354"
"34674","1.3046202659606934","1.3046202659606934","1.3046202659606934"
"34678","1.378509521484375","1.378509521484375","1.378509521484375"
"34693","1.4327811002731323","1.4327811002731323","1.4327811002731323"
"34695","1.3800592422485352","1.3800592422485352","1.3800592422485352"
"34696","1.370727777481079","1.370727777481079","1.370727777481079"
"34697","1.3641091585159302","1.3641091585159302","1.3641091585159302"
"34701","1.496967077255249","1.496967077255249","1.496967077255249"
"34704","1.4711204767227173","1.4711204767227173","1.4711204767227173"
"34705","1.403505563735962","1.403505563735962","1.403505563735962"
"34708","1.3601081371307373","1.3601081371307373","1.3601081371307373"
"34710","1.4182231426239014","1.4182231426239014","1.4182231426239014"
"34712","1.5206737518310547","1.5206737518310547","1.5206737518310547"
"34713","1.407477617263794","1.407477617263794","1.407477617263794"
"34715","1.4084484577178955","1.4084484577178955","1.4084484577178955"
"34717","1.3297256231307983","1.3297256231307983","1.3297256231307983"
"34723","1.429215431213379","1.429215431213379","1.429215431213379"
"34724","1.3342370986938477","1.3342370986938477","1.3342370986938477"
"34730","1.3353626728057861","1.3353626728057861","1.3353626728057861"
"34735","1.4973936080932617","1.4973936080932617","1.4973936080932617"
"34737","1.4306517839431763","1.4306517839431763","1.4306517839431763"
"34743","1.3720455169677734","1.3720455169677734","1.3720455169677734"
"34746","1.402811050415039","1.402811050415039","1.402811050415039"
"34747","1.3638755083084106","1.3638755083084106","1.3638755083084106"
"34773","1.3609455823898315","1.3609455823898315","1.3609455823898315"
"34777","1.34334397315979","1.34334397315979","1.34334397315979"
"34778","1.4088878631591797","1.4088878631591797","1.4088878631591797"
"34792","1.308345913887024","1.308345913887024","1.308345913887024"
"34793","1.4430813789367676","1.4430813789367676","1.4430813789367676"
"34794","1.4724419116973877","1.4724419116973877","1.4724419116973877"
"34799","1.3664677143096924","1.3664677143096924","1.3664677143096924"
"34801","1.4021015167236328","1.4021015167236328","1.4021015167236328"
"34802","1.3250106573104858","1.3250106573104858","1.3250106573104858"
"34818","1.4175035953521729","1.4175035953521729","1.4175035953521729"
"34820","1.3381907939910889","1.3381907939910889","1.3381907939910889"
"34831","1.3201942443847656","1.3201942443847656","1.3201942443847656"
"34838","1.3217394351959229","1.3217394351959229","1.3217394351959229"
"34841","1.2929449081420898","1.2929449081420898","1.2929449081420898"
"34843","1.3234021663665771","1.3234021663665771","1.3234021663665771"
"34845","1.385853886604309","1.385853886604309","1.385853886604309"
"34850","1.4377663135528564","1.4377663135528564","1.4377663135528564"
"34852","1.3750441074371338","1.3750441074371338","1.3750441074371338"
"34858","1.4018641710281372","1.4018641710281372","1.4018641710281372"
"34873","1.517577886581421","1.517577886581421","1.517577886581421"
"34881","1.4385175704956055","1.4385175704956055","1.4385175704956055"
"34884","1.370896339416504","1.370896339416504","1.370896339416504"
"34888","1.4661319255828857","1.4661319255828857","1.4661319255828857"
"34889","1.408034324645996","1.408034324645996","1.408034324645996"
"34894","1.3954381942749023","1.3954381942749023","1.3954381942749023"
"34896","1.3000081777572632","1.3000081777572632","1.3000081777572632"
"34899","1.3613091707229614","1.3613091707229614","1.3613091707229614"
"34901","1.3360657691955566","1.3360657691955566","1.3360657691955566"
"34902","1.470745325088501","1.470745325088501","1.470745325088501"
"34903","1.3922693729400635","1.3922693729400635","1.3922693729400635"
"34904","1.3973500728607178","1.3973500728607178","1.3973500728607178"
"34919","1.3313676118850708","1.3313676118850708","1.3313676118850708"
"34921","1.2939882278442383","1.2939882278442383","1.2939882278442383"
"34922","1.3427391052246094","1.3427391052246094","1.3427391052246094"
"34925","1.417558193206787","1.417558193206787","1.417558193206787"
"34927","1.4606871604919434","1.4606871604919434","1.4606871604919434"
"34929","1.4124493598937988","1.4124493598937988","1.4124493598937988"
"34933","1.3983981609344482","1.3983981609344482","1.3983981609344482"
"34935","1.4155491590499878","1.4155491590499878","1.4155491590499878"
"34946","1.3619983196258545","1.3619983196258545","1.3619983196258545"
"34951","1.3700790405273438","1.3700790405273438","1.3700790405273438"
"34955","1.4319202899932861","1.4319202899932861","1.4319202899932861"
"34956","1.4989185333251953","1.4989185333251953","1.4989185333251953"
"34961","1.5133280754089355","1.5133280754089355","1.5133280754089355"
"34968","1.3114686012268066","1.3114686012268066","1.3114686012268066"
"34969","1.5467040538787842","1.5467040538787842","1.5467040538787842"
"34970","1.3835465908050537","1.3835465908050537","1.3835465908050537"
"34976","1.4020040035247803","1.4020040035247803","1.4020040035247803"
"34977","1.4404616355895996","1.4404616355895996","1.4404616355895996"
"34983","1.4051432609558105","1.4051432609558105","1.4051432609558105"
"34990","1.429715871810913","1.429715871810913","1.429715871810913"
"34991","1.3579169511795044","1.3579169511795044","1.3579169511795044"
"35003","1.3399242162704468","1.3399242162704468","1.3399242162704468"
"35005","1.374258041381836","1.374258041381836","1.374258041381836"
"35009","1.3021358251571655","1.3021358251571655","1.3021358251571655"
"35010","1.3583564758300781","1.3583564758300781","1.3583564758300781"
"35012","1.5147395133972168","1.5147395133972168","1.5147395133972168"
"35025","1.475415587425232","1.475415587425232","1.475415587425232"
"35032","1.3723722696304321","1.3723722696304321","1.3723722696304321"
"35033","1.3545551300048828","1.3545551300048828","1.3545551300048828"
"35034","1.5634980201721191","1.5634980201721191","1.5634980201721191"
"35040","1.427722692489624","1.427722692489624","1.427722692489624"
"35046","1.3771589994430542","1.3771589994430542","1.3771589994430542"
"35047","1.372700810432434","1.372700810432434","1.372700810432434"
"35054","1.339919924736023","1.339919924736023","1.339919924736023"
"35056","1.3947480916976929","1.3947480916976929","1.3947480916976929"
"35057","1.300093173980713","1.300093173980713","1.300093173980713"
"35067","1.2934343814849854","1.2934343814849854","1.2934343814849854"
"35070","1.4517099857330322","1.4517099857330322","1.4517099857330322"
"35072","1.4032208919525146","1.4032208919525146","1.4032208919525146"
"35078","1.2988511323928833","1.2988511323928833","1.2988511323928833"
"35082","1.4864637851715088","1.4864637851715088","1.4864637851715088"
"35087","1.4720489978790283","1.4720489978790283","1.4720489978790283"
"35091","1.4711545705795288","1.4711545705795288","1.4711545705795288"
"35096","1.3721338510513306","1.3721338510513306","1.3721338510513306"
"35104","1.436705470085144","1.436705470085144","1.436705470085144"
"35108","1.331423282623291","1.331423282623291","1.331423282623291"
"35113","1.378903865814209","1.378903865814209","1.378903865814209"
"35117","1.4360712766647339","1.4360712766647339","1.4360712766647339"
"35118","1.410710096359253","1.410710096359253","1.410710096359253"
"35121","1.380211591720581","1.380211591720581","1.380211591720581"
"35122","1.4335148334503174","1.4335148334503174","1.4335148334503174"
"35123","1.4652268886566162","1.4652268886566162","1.4652268886566162"
"35135","1.3310251235961914","1.3310251235961914","1.3310251235961914"
"35143","1.4011366367340088","1.4011366367340088","1.4011366367340088"
"35154","1.3683805465698242","1.3683805465698242","1.3683805465698242"
"35175","1.4419324398040771","1.4419324398040771","1.4419324398040771"
"35176","1.4398318529129028","1.4398318529129028","1.4398318529129028"
"35179","1.412214756011963","1.412214756011963","1.412214756011963"
"35190","1.4328861236572266","1.4328861236572266","1.4328861236572266"
"35194","1.3966515064239502","1.3966515064239502","1.3966515064239502"
"35195","1.4037415981292725","1.4037415981292725","1.4037415981292725"
"35199","1.320175290107727","1.320175290107727","1.320175290107727"
"35203","1.472615122795105","1.472615122795105","1.472615122795105"
"35215","1.3301081657409668","1.3301081657409668","1.3301081657409668"
"35222","1.4544339179992676","1.4544339179992676","1.4544339179992676"
"35229","1.3770148754119873","1.3770148754119873","1.3770148754119873"
"35230","1.4124201536178589","1.4124201536178589","1.4124201536178589"
"35231","1.3591454029083252","1.3591454029083252","1.3591454029083252"
"35234","1.4601958990097046","1.4601958990097046","1.4601958990097046"
"35243","1.5547080039978027","1.5547080039978027","1.5547080039978027"
"35246","1.3911322355270386","1.3911322355270386","1.3911322355270386"
"35248","1.4365208148956299","1.4365208148956299","1.4365208148956299"
"35254","1.322182297706604","1.322182297706604","1.322182297706604"
"35255","1.3507704734802246","1.3507704734802246","1.3507704734802246"
"35257","1.3057074546813965","1.3057074546813965","1.3057074546813965"
"35259","1.386916160583496","1.386916160583496","1.386916160583496"
"35261","1.3815613985061646","1.3815613985061646","1.3815613985061646"
"35265","1.4745794534683228","1.4745794534683228","1.4745794534683228"
"35266","1.3561069965362549","1.3561069965362549","1.3561069965362549"
"35268","1.3518662452697754","1.3518662452697754","1.3518662452697754"
"35274","1.369234561920166","1.369234561920166","1.369234561920166"
"35277","1.374397873878479","1.374397873878479","1.374397873878479"
"35278","1.4001129865646362","1.4001129865646362","1.4001129865646362"
"35282","1.3797892332077026","1.3797892332077026","1.3797892332077026"
"35283","1.4606847763061523","1.4606847763061523","1.4606847763061523"
"35297","1.4216920137405396","1.4216920137405396","1.4216920137405396"
"35299","1.3821485042572021","1.3821485042572021","1.3821485042572021"
"35300","1.4195103645324707","1.4195103645324707","1.4195103645324707"
"35307","1.4181797504425049","1.4181797504425049","1.4181797504425049"
"35308","1.2851097583770752","1.2851097583770752","1.2851097583770752"
"35309","1.381685733795166","1.381685733795166","1.381685733795166"
"35333","1.3279091119766235","1.3279091119766235","1.3279091119766235"
"35334","1.2838990688323975","1.2838990688323975","1.2838990688323975"
"35340","1.376826286315918","1.376826286315918","1.376826286315918"
"35341","1.3760080337524414","1.3760080337524414","1.3760080337524414"
"35350","1.3114615678787231","1.3114615678787231","1.3114615678787231"
"35358","1.3953896760940552","1.3953896760940552","1.3953896760940552"
"35360","1.481210708618164","1.481210708618164","1.481210708618164"
"35362","1.3951010704040527","1.3951010704040527","1.3951010704040527"
"35367","1.3972415924072266","1.3972415924072266","1.3972415924072266"
"35369","1.4240103960037231","1.4240103960037231","1.4240103960037231"
"35375","1.4780728816986084","1.4780728816986084","1.4780728816986084"
"35378","1.4109504222869873","1.4109504222869873","1.4109504222869873"
"35379","1.4847747087478638","1.4847747087478638","1.4847747087478638"
"35389","1.4316667318344116","1.4316667318344116","1.4316667318344116"
"35395","1.4363420009613037","1.4363420009613037","1.4363420009613037"
"35406","1.340869665145874","1.340869665145874","1.340869665145874"
"35407","1.419248104095459","1.419248104095459","1.419248104095459"
"35410","1.4540274143218994","1.4540274143218994","1.4540274143218994"
"35413","1.2876592874526978","1.2876592874526978","1.2876592874526978"
"35415","1.4073121547698975","1.4073121547698975","1.4073121547698975"
"35417","1.4420630931854248","1.4420630931854248","1.4420630931854248"
"35420","1.360659122467041","1.360659122467041","1.360659122467041"
"35423","1.4104619026184082","1.4104619026184082","1.4104619026184082"
"35428","1.4873766899108887","1.4873766899108887","1.4873766899108887"
"35435","1.5953454971313477","1.5953454971313477","1.5953454971313477"
"35451","1.3532531261444092","1.3532531261444092","1.3532531261444092"
"35461","1.4966368675231934","1.4966368675231934","1.4966368675231934"
"35469","1.4224432706832886","1.4224432706832886","1.4224432706832886"
"35476","1.452873706817627","1.452873706817627","1.452873706817627"
"35483","1.3004597425460815","1.3004597425460815","1.3004597425460815"
"35485","1.333578109741211","1.333578109741211","1.333578109741211"
"35486","1.3076239824295044","1.3076239824295044","1.3076239824295044"
"35489","1.3541486263275146","1.3541486263275146","1.3541486263275146"
"35494","1.406781792640686","1.406781792640686","1.406781792640686"
"35499","1.3260245323181152","1.3260245323181152","1.3260245323181152"
"35507","1.4226704835891724","1.4226704835891724","1.4226704835891724"
"35514","1.4435439109802246","1.4435439109802246","1.4435439109802246"
"35516","1.413602590560913","1.413602590560913","1.413602590560913"
"35529","1.3314318656921387","1.3314318656921387","1.3314318656921387"
"35531","1.3872358798980713","1.3872358798980713","1.3872358798980713"
"35532","1.3988757133483887","1.3988757133483887","1.3988757133483887"
"35534","1.4122247695922852","1.4122247695922852","1.4122247695922852"
"35552","1.4916534423828125","1.4916534423828125","1.4916534423828125"
"35553","1.3473625183105469","1.3473625183105469","1.3473625183105469"
"35555","1.4815276861190796","1.4815276861190796","1.4815276861190796"
"35557","1.3510346412658691","1.3510346412658691","1.3510346412658691"
"35561","1.3656699657440186","1.3656699657440186","1.3656699657440186"
"35570","1.4741458892822266","1.4741458892822266","1.4741458892822266"
"35571","1.3636878728866577","1.3636878728866577","1.3636878728866577"
"35573","1.3428492546081543","1.3428492546081543","1.3428492546081543"
"35576","1.400076985359192","1.400076985359192","1.400076985359192"
"35592","1.368904948234558","1.368904948234558","1.368904948234558"
"35599","1.3154375553131104","1.3154375553131104","1.3154375553131104"
"35609","1.3672332763671875","1.3672332763671875","1.3672332763671875"
"35612","1.3823254108428955","1.3823254108428955","1.3823254108428955"
"35619","1.3873528242111206","1.3873528242111206","1.3873528242111206"
"35620","1.319822072982788","1.319822072982788","1.319822072982788"
"35622","1.4524173736572266","1.4524173736572266","1.4524173736572266"
"35628","1.372511863708496","1.372511863708496","1.372511863708496"
"35631","1.48697030544281","1.48697030544281","1.48697030544281"
"35632","1.2960469722747803","1.2960469722747803","1.2960469722747803"
"35641","1.416921615600586","1.416921615600586","1.416921615600586"
"35648","1.4315085411071777","1.4315085411071777","1.4315085411071777"
"35650","1.4635295867919922","1.4635295867919922","1.4635295867919922"
"35651","1.4030396938323975","1.4030396938323975","1.4030396938323975"
"35652","1.4915575981140137","1.4915575981140137","1.4915575981140137"
"35656","1.4548370838165283","1.4548370838165283","1.4548370838165283"
"35660","1.4381519556045532","1.4381519556045532","1.4381519556045532"
"35668","1.497584581375122","1.497584581375122","1.497584581375122"
"35672","1.4220935106277466","1.4220935106277466","1.4220935106277466"
"35674","1.392113208770752","1.392113208770752","1.392113208770752"
"35677","1.484572410583496","1.484572410583496","1.484572410583496"
"35680","1.4639378786087036","1.4639378786087036","1.4639378786087036"
"35681","1.389500379562378","1.389500379562378","1.389500379562378"
"35682","1.426268219947815","1.426268219947815","1.426268219947815"
"35683","1.4253581762313843","1.4253581762313843","1.4253581762313843"
"35685","1.4105074405670166","1.4105074405670166","1.4105074405670166"
"35693","1.4183878898620605","1.4183878898620605","1.4183878898620605"
"35695","1.358121633529663","1.358121633529663","1.358121633529663"
"35702","1.5627533197402954","1.5627533197402954","1.5627533197402954"
"35713","1.4051449298858643","1.4051449298858643","1.4051449298858643"
"35719","1.381009817123413","1.381009817123413","1.381009817123413"
"35722","1.3356704711914062","1.3356704711914062","1.3356704711914062"
"35726","1.3619256019592285","1.3619256019592285","1.3619256019592285"
"35728","1.3979201316833496","1.3979201316833496","1.3979201316833496"
"35729","1.2788593769073486","1.2788593769073486","1.2788593769073486"
"35730","1.4657344818115234","1.4657344818115234","1.4657344818115234"
"35736","1.4017068147659302","1.4017068147659302","1.4017068147659302"
"35738","1.375242829322815","1.375242829322815","1.375242829322815"
"35742","1.395179033279419","1.395179033279419","1.395179033279419"
"35744","1.369379997253418","1.369379997253418","1.369379997253418"
"35748","1.317305088043213","1.317305088043213","1.317305088043213"
"35749","1.3700748682022095","1.3700748682022095","1.3700748682022095"
"35754","1.3328341245651245","1.3328341245651245","1.3328341245651245"
"35760","1.375610589981079","1.375610589981079","1.375610589981079"
"35761","1.4178842306137085","1.4178842306137085","1.4178842306137085"
"35768","1.5291800498962402","1.5291800498962402","1.5291800498962402"
"35775","1.4191261529922485","1.4191261529922485","1.4191261529922485"
"35776","1.3937551975250244","1.3937551975250244","1.3937551975250244"
"35778","1.4125453233718872","1.4125453233718872","1.4125453233718872"
"35781","1.4789690971374512","1.4789690971374512","1.4789690971374512"
"35784","1.3941693305969238","1.3941693305969238","1.3941693305969238"
"35785","1.4121845960617065","1.4121845960617065","1.4121845960617065"
"35789","1.4191043376922607","1.4191043376922607","1.4191043376922607"
"35790","1.4371869564056396","1.4371869564056396","1.4371869564056396"
"35800","1.3775715827941895","1.3775715827941895","1.3775715827941895"
"35806","1.3886420726776123","1.3886420726776123","1.3886420726776123"
"35809","1.3614604473114014","1.3614604473114014","1.3614604473114014"
"35810","1.3384513854980469","1.3384513854980469","1.3384513854980469"
"35813","1.415565013885498","1.415565013885498","1.415565013885498"
"35822","1.4637877941131592","1.4637877941131592","1.4637877941131592"
"35824","1.3584918975830078","1.3584918975830078","1.3584918975830078"
"35828","1.4535653591156006","1.4535653591156006","1.4535653591156006"
"35829","1.3692126274108887","1.3692126274108887","1.3692126274108887"
"35830","1.3728364706039429","1.3728364706039429","1.3728364706039429"
"35833","1.400679588317871","1.400679588317871","1.400679588317871"
"35844","1.4319896697998047","1.4319896697998047","1.4319896697998047"
"35846","1.3528392314910889","1.3528392314910889","1.3528392314910889"
"35847","1.3530960083007812","1.3530960083007812","1.3530960083007812"
"35849","1.3654301166534424","1.3654301166534424","1.3654301166534424"
"35857","1.4103367328643799","1.4103367328643799","1.4103367328643799"
"35864","1.4876887798309326","1.4876887798309326","1.4876887798309326"
"35867","1.480363368988037","1.480363368988037","1.480363368988037"
"35872","1.411813497543335","1.411813497543335","1.411813497543335"
"35876","1.3995676040649414","1.3995676040649414","1.3995676040649414"
"35879","1.4115220308303833","1.4115220308303833","1.4115220308303833"
"35882","1.327261209487915","1.327261209487915","1.327261209487915"
"35883","1.3815995454788208","1.3815995454788208","1.3815995454788208"
"35887","1.328210711479187","1.328210711479187","1.328210711479187"
"35891","1.2621653079986572","1.2621653079986572","1.2621653079986572"
"35894","1.3786473274230957","1.3786473274230957","1.3786473274230957"
"35896","1.5153446197509766","1.5153446197509766","1.5153446197509766"
"35897","1.2437994480133057","1.2437994480133057","1.2437994480133057"
"35898","1.3263983726501465","1.3263983726501465","1.3263983726501465"
"35903","1.3745086193084717","1.3745086193084717","1.3745086193084717"
"35905","1.3986055850982666","1.3986055850982666","1.3986055850982666"
"35908","1.5896997451782227","1.5896997451782227","1.5896997451782227"
"35914","1.4041547775268555","1.4041547775268555","1.4041547775268555"
"35916","1.36435866355896","1.36435866355896","1.36435866355896"
"35917","1.3869603872299194","1.3869603872299194","1.3869603872299194"
"35919","1.4925971031188965","1.4925971031188965","1.4925971031188965"
"35922","1.434458613395691","1.434458613395691","1.434458613395691"
"35923","1.3372746706008911","1.3372746706008911","1.3372746706008911"
"35925","1.4516258239746094","1.4516258239746094","1.4516258239746094"
"35928","1.3691761493682861","1.3691761493682861","1.3691761493682861"
"35932","1.411755084991455","1.411755084991455","1.411755084991455"
"35948","1.4124054908752441","1.4124054908752441","1.4124054908752441"
"35952","1.3768036365509033","1.3768036365509033","1.3768036365509033"
"35957","1.3964203596115112","1.3964203596115112","1.3964203596115112"
"35963","1.393442153930664","1.393442153930664","1.393442153930664"
"35964","1.533933162689209","1.533933162689209","1.533933162689209"
"35968","1.4743854999542236","1.4743854999542236","1.4743854999542236"
"35974","1.4933663606643677","1.4933663606643677","1.4933663606643677"
"35978","1.411836862564087","1.411836862564087","1.411836862564087"
"35989","1.4142522811889648","1.4142522811889648","1.4142522811889648"
"35990","1.292773962020874","1.292773962020874","1.292773962020874"
"35994","1.4126067161560059","1.4126067161560059","1.4126067161560059"
"35995","1.438755989074707","1.438755989074707","1.438755989074707"
"36001","1.426936149597168","1.426936149597168","1.426936149597168"
"36004","1.415027379989624","1.415027379989624","1.415027379989624"
"36015","1.3688939809799194","1.3688939809799194","1.3688939809799194"
"36017","1.4987379312515259","1.4987379312515259","1.4987379312515259"
"36018","1.3849982023239136","1.3849982023239136","1.3849982023239136"
"36021","1.3983485698699951","1.3983485698699951","1.3983485698699951"
"36025","1.4840681552886963","1.4840681552886963","1.4840681552886963"
"36032","1.5448964834213257","1.5448964834213257","1.5448964834213257"
"36040","1.4150718450546265","1.4150718450546265","1.4150718450546265"
"36055","1.4638645648956299","1.4638645648956299","1.4638645648956299"
"36056","1.3791875839233398","1.3791875839233398","1.3791875839233398"
"36058","1.4497575759887695","1.4497575759887695","1.4497575759887695"
"36060","1.300063133239746","1.300063133239746","1.300063133239746"
"36064","1.2635409832000732","1.2635409832000732","1.2635409832000732"
"36067","1.4102792739868164","1.4102792739868164","1.4102792739868164"
"36070","1.453195333480835","1.453195333480835","1.453195333480835"
"36074","1.542764663696289","1.542764663696289","1.542764663696289"
"36077","1.3239061832427979","1.3239061832427979","1.3239061832427979"
"36081","1.4412169456481934","1.4412169456481934","1.4412169456481934"
"36091","1.3855741024017334","1.3855741024017334","1.3855741024017334"
"36092","1.4607832431793213","1.4607832431793213","1.4607832431793213"
"36095","1.3357517719268799","1.3357517719268799","1.3357517719268799"
"36104","1.3659077882766724","1.3659077882766724","1.3659077882766724"
"36108","1.5434889793395996","1.5434889793395996","1.5434889793395996"
"36112","1.3721433877944946","1.3721433877944946","1.3721433877944946"
"36119","1.3703333139419556","1.3703333139419556","1.3703333139419556"
"36128","1.4244191646575928","1.4244191646575928","1.4244191646575928"
"36130","1.433405876159668","1.433405876159668","1.433405876159668"
"36137","1.27993643283844","1.27993643283844","1.27993643283844"
"36138","1.473975419998169","1.473975419998169","1.473975419998169"
"36145","1.3112585544586182","1.3112585544586182","1.3112585544586182"
"36151","1.4224493503570557","1.4224493503570557","1.4224493503570557"
"36153","1.38509202003479","1.38509202003479","1.38509202003479"
"36156","1.4434466361999512","1.4434466361999512","1.4434466361999512"
"36160","1.3417878150939941","1.3417878150939941","1.3417878150939941"
"36176","1.4691715240478516","1.4691715240478516","1.4691715240478516"
"36187","1.426151990890503","1.426151990890503","1.426151990890503"
"36193","1.3773518800735474","1.3773518800735474","1.3773518800735474"
"36203","1.4197635650634766","1.4197635650634766","1.4197635650634766"
"36205","1.3519644737243652","1.3519644737243652","1.3519644737243652"
"36206","1.373080849647522","1.373080849647522","1.373080849647522"
"36209","1.4248632192611694","1.4248632192611694","1.4248632192611694"
"36237","1.4286293983459473","1.4286293983459473","1.4286293983459473"
"36240","1.3419179916381836","1.3419179916381836","1.3419179916381836"
"36241","1.3884828090667725","1.3884828090667725","1.3884828090667725"
"36243","1.3653513193130493","1.3653513193130493","1.3653513193130493"
"36245","1.4307982921600342","1.4307982921600342","1.4307982921600342"
"36247","1.352243423461914","1.352243423461914","1.352243423461914"
"36253","1.456199049949646","1.456199049949646","1.456199049949646"
"36260","1.3177484273910522","1.3177484273910522","1.3177484273910522"
"36261","1.393481731414795","1.393481731414795","1.393481731414795"
"36263","1.4607206583023071","1.4607206583023071","1.4607206583023071"
"36268","1.3822541236877441","1.3822541236877441","1.3822541236877441"
"36270","1.3657574653625488","1.3657574653625488","1.3657574653625488"
"36275","1.3975129127502441","1.3975129127502441","1.3975129127502441"
"36279","1.3483493328094482","1.3483493328094482","1.3483493328094482"
"36282","1.4396083354949951","1.4396083354949951","1.4396083354949951"
"36288","1.3681973218917847","1.3681973218917847","1.3681973218917847"
"36293","1.423302412033081","1.423302412033081","1.423302412033081"
"36295","1.4531840085983276","1.4531840085983276","1.4531840085983276"
"36296","1.3146626949310303","1.3146626949310303","1.3146626949310303"
"36298","1.3541221618652344","1.3541221618652344","1.3541221618652344"
"36299","1.3334386348724365","1.3334386348724365","1.3334386348724365"
"36303","1.395890712738037","1.395890712738037","1.395890712738037"
"36307","1.3827393054962158","1.3827393054962158","1.3827393054962158"
"36308","1.3296681642532349","1.3296681642532349","1.3296681642532349"
"36309","1.3559367656707764","1.3559367656707764","1.3559367656707764"
"36314","1.3273115158081055","1.3273115158081055","1.3273115158081055"
"36315","1.413926601409912","1.413926601409912","1.413926601409912"
"36316","1.3825500011444092","1.3825500011444092","1.3825500011444092"
"36318","1.4090474843978882","1.4090474843978882","1.4090474843978882"
"36319","1.3582638502120972","1.3582638502120972","1.3582638502120972"
"36326","1.370535969734192","1.370535969734192","1.370535969734192"
"36332","1.499161720275879","1.499161720275879","1.499161720275879"
"36334","1.4292683601379395","1.4292683601379395","1.4292683601379395"
"36335","1.3408557176589966","1.3408557176589966","1.3408557176589966"
"36343","1.3811603784561157","1.3811603784561157","1.3811603784561157"
"36344","1.3751821517944336","1.3751821517944336","1.3751821517944336"
"36350","1.4428739547729492","1.4428739547729492","1.4428739547729492"
"36354","1.3834388256072998","1.3834388256072998","1.3834388256072998"
"36355","1.3145958185195923","1.3145958185195923","1.3145958185195923"
"36362","1.4364111423492432","1.4364111423492432","1.4364111423492432"
"36363","1.5015230178833008","1.5015230178833008","1.5015230178833008"
"36369","1.348144769668579","1.348144769668579","1.348144769668579"
"36370","1.3929016590118408","1.3929016590118408","1.3929016590118408"
"36372","1.4443888664245605","1.4443888664245605","1.4443888664245605"
"36374","1.388389229774475","1.388389229774475","1.388389229774475"
"36380","1.4252376556396484","1.4252376556396484","1.4252376556396484"
"36382","1.3706183433532715","1.3706183433532715","1.3706183433532715"
"36383","1.3382163047790527","1.3382163047790527","1.3382163047790527"
"36385","1.431187391281128","1.431187391281128","1.431187391281128"
"36386","1.384192705154419","1.384192705154419","1.384192705154419"
"36392","1.3123286962509155","1.3123286962509155","1.3123286962509155"
"36396","1.3183937072753906","1.3183937072753906","1.3183937072753906"
"36404","1.4003944396972656","1.4003944396972656","1.4003944396972656"
"36410","1.3991106748580933","1.3991106748580933","1.3991106748580933"
"36412","1.3458449840545654","1.3458449840545654","1.3458449840545654"
"36414","1.3945684432983398","1.3945684432983398","1.3945684432983398"
"36416","1.2771975994110107","1.2771975994110107","1.2771975994110107"
"36417","1.3999638557434082","1.3999638557434082","1.3999638557434082"
"36419","1.3778371810913086","1.3778371810913086","1.3778371810913086"
"36423","1.4873559474945068","1.4873559474945068","1.4873559474945068"
"36430","1.3976149559020996","1.3976149559020996","1.3976149559020996"
"36431","1.3051753044128418","1.3051753044128418","1.3051753044128418"
"36435","1.5272386074066162","1.5272386074066162","1.5272386074066162"
"36436","1.4575779438018799","1.4575779438018799","1.4575779438018799"
"36444","1.4246368408203125","1.4246368408203125","1.4246368408203125"
"36445","1.4271745681762695","1.4271745681762695","1.4271745681762695"
"36446","1.4027912616729736","1.4027912616729736","1.4027912616729736"
"36452","1.3184490203857422","1.3184490203857422","1.3184490203857422"
"36453","1.3823041915893555","1.3823041915893555","1.3823041915893555"
"36457","1.4329817295074463","1.4329817295074463","1.4329817295074463"
"36462","1.3737123012542725","1.3737123012542725","1.3737123012542725"
"36465","1.3981879949569702","1.3981879949569702","1.3981879949569702"
"36466","1.4595887660980225","1.4595887660980225","1.4595887660980225"
"36467","1.317673921585083","1.317673921585083","1.317673921585083"
"36468","1.4113688468933105","1.4113688468933105","1.4113688468933105"
"36475","1.4324870109558105","1.4324870109558105","1.4324870109558105"
"36485","1.3928468227386475","1.3928468227386475","1.3928468227386475"
"36488","1.3952621221542358","1.3952621221542358","1.3952621221542358"
"36489","1.445765495300293","1.445765495300293","1.445765495300293"
"36493","1.3622461557388306","1.3622461557388306","1.3622461557388306"
"36501","1.4822113513946533","1.4822113513946533","1.4822113513946533"
"36502","1.5107688903808594","1.5107688903808594","1.5107688903808594"
"36504","1.4668153524398804","1.4668153524398804","1.4668153524398804"
"36517","1.4370074272155762","1.4370074272155762","1.4370074272155762"
"36518","1.3736032247543335","1.3736032247543335","1.3736032247543335"
"36525","1.3441236019134521","1.3441236019134521","1.3441236019134521"
"36534","1.452355980873108","1.452355980873108","1.452355980873108"
"36549","1.352203369140625","1.352203369140625","1.352203369140625"
"36553","1.5215928554534912","1.5215928554534912","1.5215928554534912"
"36567","1.4167625904083252","1.4167625904083252","1.4167625904083252"
"36573","1.328316569328308","1.328316569328308","1.328316569328308"
"36576","1.46933913230896","1.46933913230896","1.46933913230896"
"36578","1.4219937324523926","1.4219937324523926","1.4219937324523926"
"36581","1.4197334051132202","1.4197334051132202","1.4197334051132202"
"36582","1.3274083137512207","1.3274083137512207","1.3274083137512207"
"36588","1.4168329238891602","1.4168329238891602","1.4168329238891602"
"36589","1.4518330097198486","1.4518330097198486","1.4518330097198486"
"36591","1.4673306941986084","1.4673306941986084","1.4673306941986084"
"36594","1.2551512718200684","1.2551512718200684","1.2551512718200684"
"36595","1.348217487335205","1.348217487335205","1.348217487335205"
"36598","1.4027411937713623","1.4027411937713623","1.4027411937713623"
"36599","1.43764066696167","1.43764066696167","1.43764066696167"
"36600","1.4616594314575195","1.4616594314575195","1.4616594314575195"
"36607","1.2829973697662354","1.2829973697662354","1.2829973697662354"
"36610","1.339820146560669","1.339820146560669","1.339820146560669"
"36613","1.3976881504058838","1.3976881504058838","1.3976881504058838"
"36616","1.4571001529693604","1.4571001529693604","1.4571001529693604"
"36624","1.473796010017395","1.473796010017395","1.473796010017395"
"36635","1.3527811765670776","1.3527811765670776","1.3527811765670776"
"36636","1.3714532852172852","1.3714532852172852","1.3714532852172852"
"36637","1.3641257286071777","1.3641257286071777","1.3641257286071777"
"36639","1.4220412969589233","1.4220412969589233","1.4220412969589233"
"36640","1.4588347673416138","1.4588347673416138","1.4588347673416138"
"36642","1.3316468000411987","1.3316468000411987","1.3316468000411987"
"36645","1.4321088790893555","1.4321088790893555","1.4321088790893555"
"36651","1.4864203929901123","1.4864203929901123","1.4864203929901123"
"36652","1.3420768976211548","1.3420768976211548","1.3420768976211548"
"36656","1.4377224445343018","1.4377224445343018","1.4377224445343018"
"36658","1.3585643768310547","1.3585643768310547","1.3585643768310547"
"36661","1.4327679872512817","1.4327679872512817","1.4327679872512817"
"36662","1.331207036972046","1.331207036972046","1.331207036972046"
"36666","1.341675043106079","1.341675043106079","1.341675043106079"
"36670","1.3371033668518066","1.3371033668518066","1.3371033668518066"
"36683","1.406785011291504","1.406785011291504","1.406785011291504"
"36686","1.3696298599243164","1.3696298599243164","1.3696298599243164"
"36688","1.5057787895202637","1.5057787895202637","1.5057787895202637"
"36689","1.3705261945724487","1.3705261945724487","1.3705261945724487"
"36691","1.3680484294891357","1.3680484294891357","1.3680484294891357"
"36693","1.4488718509674072","1.4488718509674072","1.4488718509674072"
"36697","1.423644781112671","1.423644781112671","1.423644781112671"
"36706","1.3908380270004272","1.3908380270004272","1.3908380270004272"
"36707","1.4224395751953125","1.4224395751953125","1.4224395751953125"
"36709","1.4298813343048096","1.4298813343048096","1.4298813343048096"
"36710","1.3439635038375854","1.3439635038375854","1.3439635038375854"
"36714","1.3357939720153809","1.3357939720153809","1.3357939720153809"
"36717","1.534970760345459","1.534970760345459","1.534970760345459"
"36720","1.413090467453003","1.413090467453003","1.413090467453003"
"36722","1.4727146625518799","1.4727146625518799","1.4727146625518799"
"36726","1.373335599899292","1.373335599899292","1.373335599899292"
"36729","1.4229835271835327","1.4229835271835327","1.4229835271835327"
"36732","1.3277783393859863","1.3277783393859863","1.3277783393859863"
"36742","1.4786564111709595","1.4786564111709595","1.4786564111709595"
"36743","1.276505470275879","1.276505470275879","1.276505470275879"
"36757","1.369150161743164","1.369150161743164","1.369150161743164"
"36762","1.3839703798294067","1.3839703798294067","1.3839703798294067"
"36766","1.3354829549789429","1.3354829549789429","1.3354829549789429"
"36767","1.3920280933380127","1.3920280933380127","1.3920280933380127"
"36769","1.3946573734283447","1.3946573734283447","1.3946573734283447"
"36777","1.3804935216903687","1.3804935216903687","1.3804935216903687"
"36783","1.4235589504241943","1.4235589504241943","1.4235589504241943"
"36786","1.4644525051116943","1.4644525051116943","1.4644525051116943"
"36790","1.4937231540679932","1.4937231540679932","1.4937231540679932"
"36801","1.344313383102417","1.344313383102417","1.344313383102417"
"36802","1.4073841571807861","1.4073841571807861","1.4073841571807861"
"36804","1.3052886724472046","1.3052886724472046","1.3052886724472046"
"36808","1.4382750988006592","1.4382750988006592","1.4382750988006592"
"36810","1.3851228952407837","1.3851228952407837","1.3851228952407837"
"36819","1.4308480024337769","1.4308480024337769","1.4308480024337769"
"36820","1.4090107679367065","1.4090107679367065","1.4090107679367065"
"36822","1.3072519302368164","1.3072519302368164","1.3072519302368164"
"36838","1.3900692462921143","1.3900692462921143","1.3900692462921143"
"36840","1.367910623550415","1.367910623550415","1.367910623550415"
"36841","1.3502949476242065","1.3502949476242065","1.3502949476242065"
"36842","1.3483288288116455","1.3483288288116455","1.3483288288116455"
"36845","1.299270749092102","1.299270749092102","1.299270749092102"
"36846","1.3673620223999023","1.3673620223999023","1.3673620223999023"
"36849","1.4334087371826172","1.4334087371826172","1.4334087371826172"
"36851","1.33397376537323","1.33397376537323","1.33397376537323"
"36855","1.4441685676574707","1.4441685676574707","1.4441685676574707"
"36858","1.4169515371322632","1.4169515371322632","1.4169515371322632"
"36859","1.4339332580566406","1.4339332580566406","1.4339332580566406"
"36863","1.5261328220367432","1.5261328220367432","1.5261328220367432"
"36866","1.4273169040679932","1.4273169040679932","1.4273169040679932"
"36867","1.383819818496704","1.383819818496704","1.383819818496704"
"36868","1.3892204761505127","1.3892204761505127","1.3892204761505127"
"36871","1.3691110610961914","1.3691110610961914","1.3691110610961914"
"36872","1.31803297996521","1.31803297996521","1.31803297996521"
"36874","1.4185315370559692","1.4185315370559692","1.4185315370559692"
"36875","1.2369474172592163","1.2369474172592163","1.2369474172592163"
"36879","1.3547720909118652","1.3547720909118652","1.3547720909118652"
"36881","1.4605998992919922","1.4605998992919922","1.4605998992919922"
"36891","1.4317779541015625","1.4317779541015625","1.4317779541015625"
"36896","1.4023493528366089","1.4023493528366089","1.4023493528366089"
"36897","1.4086734056472778","1.4086734056472778","1.4086734056472778"
"36902","1.3373883962631226","1.3373883962631226","1.3373883962631226"
"36906","1.3849482536315918","1.3849482536315918","1.3849482536315918"
"36907","1.3808846473693848","1.3808846473693848","1.3808846473693848"
"36910","1.3836312294006348","1.3836312294006348","1.3836312294006348"
"36916","1.361730933189392","1.361730933189392","1.361730933189392"
"36930","1.5067555904388428","1.5067555904388428","1.5067555904388428"
"36933","1.294270396232605","1.294270396232605","1.294270396232605"
"36936","1.3390398025512695","1.3390398025512695","1.3390398025512695"
"36938","1.4778380393981934","1.4778380393981934","1.4778380393981934"
"36940","1.4330785274505615","1.4330785274505615","1.4330785274505615"
"36941","1.344520092010498","1.344520092010498","1.344520092010498"
"36942","1.384652853012085","1.384652853012085","1.384652853012085"
"36946","1.417086124420166","1.417086124420166","1.417086124420166"
"36954","1.2728097438812256","1.2728097438812256","1.2728097438812256"
"36955","1.3167924880981445","1.3167924880981445","1.3167924880981445"
"36957","1.3290116786956787","1.3290116786956787","1.3290116786956787"
"36962","1.4215284585952759","1.4215284585952759","1.4215284585952759"
"36965","1.3311057090759277","1.3311057090759277","1.3311057090759277"
"36966","1.377270221710205","1.377270221710205","1.377270221710205"
"36975","1.3893629312515259","1.3893629312515259","1.3893629312515259"
"36982","1.4830659627914429","1.4830659627914429","1.4830659627914429"
"36988","1.4027235507965088","1.4027235507965088","1.4027235507965088"
"36989","1.4698055982589722","1.4698055982589722","1.4698055982589722"
"36992","1.4317864179611206","1.4317864179611206","1.4317864179611206"
"36994","1.4886431694030762","1.4886431694030762","1.4886431694030762"
"36999","1.4639320373535156","1.4639320373535156","1.4639320373535156"
"37014","1.3755817413330078","1.3755817413330078","1.3755817413330078"
"37017","1.467989444732666","1.467989444732666","1.467989444732666"
"37025","1.3962920904159546","1.3962920904159546","1.3962920904159546"
"37027","1.3845479488372803","1.3845479488372803","1.3845479488372803"
"37031","1.288986086845398","1.288986086845398","1.288986086845398"
"37032","1.3575806617736816","1.3575806617736816","1.3575806617736816"
"37035","1.3490568399429321","1.3490568399429321","1.3490568399429321"
"37039","1.3629761934280396","1.3629761934280396","1.3629761934280396"
"37040","1.349137306213379","1.349137306213379","1.349137306213379"
"37044","1.2954496145248413","1.2954496145248413","1.2954496145248413"
"37048","1.3131803274154663","1.3131803274154663","1.3131803274154663"
"37050","1.3704309463500977","1.3704309463500977","1.3704309463500977"
"37052","1.3982243537902832","1.3982243537902832","1.3982243537902832"
"37056","1.4616667032241821","1.4616667032241821","1.4616667032241821"
"37057","1.366523265838623","1.366523265838623","1.366523265838623"
"37058","1.341583251953125","1.341583251953125","1.341583251953125"
"37059","1.4282697439193726","1.4282697439193726","1.4282697439193726"
"37065","1.4143297672271729","1.4143297672271729","1.4143297672271729"
"37068","1.3939851522445679","1.3939851522445679","1.3939851522445679"
"37074","1.4039819240570068","1.4039819240570068","1.4039819240570068"
"37077","1.3618159294128418","1.3618159294128418","1.3618159294128418"
"37084","1.3376048803329468","1.3376048803329468","1.3376048803329468"
"37087","1.4188146591186523","1.4188146591186523","1.4188146591186523"
"37096","1.5003986358642578","1.5003986358642578","1.5003986358642578"
"37099","1.3571312427520752","1.3571312427520752","1.3571312427520752"
"37100","1.2959160804748535","1.2959160804748535","1.2959160804748535"
"37104","1.3067958354949951","1.3067958354949951","1.3067958354949951"
"37107","1.2865828275680542","1.2865828275680542","1.2865828275680542"
"37109","1.4150525331497192","1.4150525331497192","1.4150525331497192"
"37121","1.365036964416504","1.365036964416504","1.365036964416504"
"37122","1.3184373378753662","1.3184373378753662","1.3184373378753662"
"37127","1.370153546333313","1.370153546333313","1.370153546333313"
"37128","1.3826853036880493","1.3826853036880493","1.3826853036880493"
"37129","1.3930411338806152","1.3930411338806152","1.3930411338806152"
"37131","1.3498752117156982","1.3498752117156982","1.3498752117156982"
"37133","1.4120855331420898","1.4120855331420898","1.4120855331420898"
"37138","1.3510092496871948","1.3510092496871948","1.3510092496871948"
"37151","1.402927041053772","1.402927041053772","1.402927041053772"
"37153","1.3701039552688599","1.3701039552688599","1.3701039552688599"
"37156","1.3783198595046997","1.3783198595046997","1.3783198595046997"
"37161","1.3436622619628906","1.3436622619628906","1.3436622619628906"
"37167","1.4376689195632935","1.4376689195632935","1.4376689195632935"
"37184","1.432869791984558","1.432869791984558","1.432869791984558"
"37185","1.3608759641647339","1.3608759641647339","1.3608759641647339"
"37186","1.4437456130981445","1.4437456130981445","1.4437456130981445"
"37201","1.3005365133285522","1.3005365133285522","1.3005365133285522"
"37204","1.5152089595794678","1.5152089595794678","1.5152089595794678"
"37205","1.3576794862747192","1.3576794862747192","1.3576794862747192"
"37212","1.3952535390853882","1.3952535390853882","1.3952535390853882"
"37215","1.3835548162460327","1.3835548162460327","1.3835548162460327"
"37216","1.3912017345428467","1.3912017345428467","1.3912017345428467"
"37217","1.467528223991394","1.467528223991394","1.467528223991394"
"37220","1.356022834777832","1.356022834777832","1.356022834777832"
"37228","1.349294662475586","1.349294662475586","1.349294662475586"
"37230","1.319946527481079","1.319946527481079","1.319946527481079"
"37232","1.3377089500427246","1.3377089500427246","1.3377089500427246"
"37238","1.440354347229004","1.440354347229004","1.440354347229004"
"37240","1.4015719890594482","1.4015719890594482","1.4015719890594482"
"37242","1.32022225856781","1.32022225856781","1.32022225856781"
"37245","1.3951807022094727","1.3951807022094727","1.3951807022094727"
"37246","1.2871135473251343","1.2871135473251343","1.2871135473251343"
"37248","1.3685224056243896","1.3685224056243896","1.3685224056243896"
"37251","1.334937334060669","1.334937334060669","1.334937334060669"
"37253","1.3924633264541626","1.3924633264541626","1.3924633264541626"
"37263","1.3094907999038696","1.3094907999038696","1.3094907999038696"
"37267","1.3701715469360352","1.3701715469360352","1.3701715469360352"
"37268","1.3100650310516357","1.3100650310516357","1.3100650310516357"
"37270","1.4585084915161133","1.4585084915161133","1.4585084915161133"
"37279","1.340954065322876","1.340954065322876","1.340954065322876"
"37281","1.4961092472076416","1.4961092472076416","1.4961092472076416"
"37282","1.4523000717163086","1.4523000717163086","1.4523000717163086"
"37283","1.3692550659179688","1.3692550659179688","1.3692550659179688"
"37289","1.4830143451690674","1.4830143451690674","1.4830143451690674"
"37290","1.3329768180847168","1.3329768180847168","1.3329768180847168"
"37293","1.4268724918365479","1.4268724918365479","1.4268724918365479"
"37294","1.4482043981552124","1.4482043981552124","1.4482043981552124"
"37300","1.4129838943481445","1.4129838943481445","1.4129838943481445"
"37304","1.426501989364624","1.426501989364624","1.426501989364624"
"37306","1.3738796710968018","1.3738796710968018","1.3738796710968018"
"37314","1.405358910560608","1.405358910560608","1.405358910560608"
"37319","1.3606078624725342","1.3606078624725342","1.3606078624725342"
"37323","1.339564561843872","1.339564561843872","1.339564561843872"
"37324","1.2682664394378662","1.2682664394378662","1.2682664394378662"
"37326","1.404902696609497","1.404902696609497","1.404902696609497"
"37347","1.342079997062683","1.342079997062683","1.342079997062683"
"37348","1.4187654256820679","1.4187654256820679","1.4187654256820679"
"37354","1.4454679489135742","1.4454679489135742","1.4454679489135742"
"37355","1.4083919525146484","1.4083919525146484","1.4083919525146484"
"37357","1.3389694690704346","1.3389694690704346","1.3389694690704346"
"37361","1.3955551385879517","1.3955551385879517","1.3955551385879517"
"37373","1.3400635719299316","1.3400635719299316","1.3400635719299316"
"37381","1.4383776187896729","1.4383776187896729","1.4383776187896729"
"37385","1.3464910984039307","1.3464910984039307","1.3464910984039307"
"37399","1.3789279460906982","1.3789279460906982","1.3789279460906982"
"37400","1.2730809450149536","1.2730809450149536","1.2730809450149536"
"37406","1.3412065505981445","1.3412065505981445","1.3412065505981445"
"37411","1.389188528060913","1.389188528060913","1.389188528060913"
"37412","1.3927240371704102","1.3927240371704102","1.3927240371704102"
"37413","1.3518192768096924","1.3518192768096924","1.3518192768096924"
"37421","1.49537992477417","1.49537992477417","1.49537992477417"
"37428","1.4244253635406494","1.4244253635406494","1.4244253635406494"
"37432","1.3787509202957153","1.3787509202957153","1.3787509202957153"
"37439","1.4441478252410889","1.4441478252410889","1.4441478252410889"
"37440","1.3427941799163818","1.3427941799163818","1.3427941799163818"
"37443","1.4242445230484009","1.4242445230484009","1.4242445230484009"
"37448","1.2748178243637085","1.2748178243637085","1.2748178243637085"
"37453","1.3885290622711182","1.3885290622711182","1.3885290622711182"
"37455","1.4565167427062988","1.4565167427062988","1.4565167427062988"
"37464","1.2935668230056763","1.2935668230056763","1.2935668230056763"
"37466","1.3371565341949463","1.3371565341949463","1.3371565341949463"
"37470","1.442444920539856","1.442444920539856","1.442444920539856"
"37472","1.3194189071655273","1.3194189071655273","1.3194189071655273"
"37474","1.4633817672729492","1.4633817672729492","1.4633817672729492"
"37480","1.497989296913147","1.497989296913147","1.497989296913147"
"37485","1.2850847244262695","1.2850847244262695","1.2850847244262695"
"37489","1.3558425903320312","1.3558425903320312","1.3558425903320312"
"37490","1.32813560962677","1.32813560962677","1.32813560962677"
"37493","1.2896262407302856","1.2896262407302856","1.2896262407302856"
"37495","1.4117448329925537","1.4117448329925537","1.4117448329925537"
"37496","1.3799632787704468","1.3799632787704468","1.3799632787704468"
"37499","1.5254735946655273","1.5254735946655273","1.5254735946655273"
"37502","1.3343634605407715","1.3343634605407715","1.3343634605407715"
"37508","1.4146459102630615","1.4146459102630615","1.4146459102630615"
"37511","1.4955997467041016","1.4955997467041016","1.4955997467041016"
"37520","1.3690600395202637","1.3690600395202637","1.3690600395202637"
"37521","1.3997571468353271","1.3997571468353271","1.3997571468353271"
"37530","1.3777368068695068","1.3777368068695068","1.3777368068695068"
"37532","1.4002556800842285","1.4002556800842285","1.4002556800842285"
"37533","1.3386108875274658","1.3386108875274658","1.3386108875274658"
"37535","1.3586679697036743","1.3586679697036743","1.3586679697036743"
"37537","1.3264555931091309","1.3264555931091309","1.3264555931091309"
"37538","1.449007511138916","1.449007511138916","1.449007511138916"
"37542","1.3325700759887695","1.3325700759887695","1.3325700759887695"
"37548","1.3811252117156982","1.3811252117156982","1.3811252117156982"
"37553","1.5005193948745728","1.5005193948745728","1.5005193948745728"
"37557","1.4554767608642578","1.4554767608642578","1.4554767608642578"
"37558","1.3367981910705566","1.3367981910705566","1.3367981910705566"
"37560","1.419201374053955","1.419201374053955","1.419201374053955"
"37563","1.3673222064971924","1.3673222064971924","1.3673222064971924"
"37569","1.3242626190185547","1.3242626190185547","1.3242626190185547"
"37573","1.3492960929870605","1.3492960929870605","1.3492960929870605"
"37575","1.3896397352218628","1.3896397352218628","1.3896397352218628"
"37577","1.3700697422027588","1.3700697422027588","1.3700697422027588"
"37578","1.4156603813171387","1.4156603813171387","1.4156603813171387"
"37586","1.3970849514007568","1.3970849514007568","1.3970849514007568"
"37591","1.3937458992004395","1.3937458992004395","1.3937458992004395"
"37592","1.4601614475250244","1.4601614475250244","1.4601614475250244"
"37596","1.285013198852539","1.285013198852539","1.285013198852539"
"37597","1.4509632587432861","1.4509632587432861","1.4509632587432861"
"37600","1.3672064542770386","1.3672064542770386","1.3672064542770386"
"37608","1.436255693435669","1.436255693435669","1.436255693435669"
"37610","1.3491313457489014","1.3491313457489014","1.3491313457489014"
"37611","1.4176222085952759","1.4176222085952759","1.4176222085952759"
"37616","1.427076816558838","1.427076816558838","1.427076816558838"
"37621","1.3838257789611816","1.3838257789611816","1.3838257789611816"
"37624","1.4372764825820923","1.4372764825820923","1.4372764825820923"
"37628","1.4074273109436035","1.4074273109436035","1.4074273109436035"
"37630","1.5171425342559814","1.5171425342559814","1.5171425342559814"
"37632","1.3655794858932495","1.3655794858932495","1.3655794858932495"
"37633","1.3767625093460083","1.3767625093460083","1.3767625093460083"
"37636","1.4603931903839111","1.4603931903839111","1.4603931903839111"
"37643","1.342860221862793","1.342860221862793","1.342860221862793"
"37644","1.344897985458374","1.344897985458374","1.344897985458374"
"37651","1.281496524810791","1.281496524810791","1.281496524810791"
"37655","1.377702236175537","1.377702236175537","1.377702236175537"
"37659","1.3438704013824463","1.3438704013824463","1.3438704013824463"
"37662","1.3623926639556885","1.3623926639556885","1.3623926639556885"
"37665","1.4488801956176758","1.4488801956176758","1.4488801956176758"
"37668","1.3277226686477661","1.3277226686477661","1.3277226686477661"
"37670","1.433929204940796","1.433929204940796","1.433929204940796"
"37672","1.3976157903671265","1.3976157903671265","1.3976157903671265"
"37674","1.341865062713623","1.341865062713623","1.341865062713623"
"37677","1.5113672018051147","1.5113672018051147","1.5113672018051147"
"37678","1.3072459697723389","1.3072459697723389","1.3072459697723389"
"37684","1.395394206047058","1.395394206047058","1.395394206047058"
"37685","1.5231733322143555","1.5231733322143555","1.5231733322143555"
"37688","1.4410260915756226","1.4410260915756226","1.4410260915756226"
"37699","1.468174934387207","1.468174934387207","1.468174934387207"
"37707","1.3471523523330688","1.3471523523330688","1.3471523523330688"
"37711","1.3177094459533691","1.3177094459533691","1.3177094459533691"
"37719","1.3826624155044556","1.3826624155044556","1.3826624155044556"
"37720","1.5167641639709473","1.5167641639709473","1.5167641639709473"
"37727","1.354246973991394","1.354246973991394","1.354246973991394"
"37728","1.3207350969314575","1.3207350969314575","1.3207350969314575"
"37732","1.3453073501586914","1.3453073501586914","1.3453073501586914"
"37745","1.3027034997940063","1.3027034997940063","1.3027034997940063"
"37755","1.3659781217575073","1.3659781217575073","1.3659781217575073"
"37758","1.3453845977783203","1.3453845977783203","1.3453845977783203"
"37770","1.3594439029693604","1.3594439029693604","1.3594439029693604"
"37773","1.2824006080627441","1.2824006080627441","1.2824006080627441"
"37777","1.4168798923492432","1.4168798923492432","1.4168798923492432"
"37782","1.4784865379333496","1.4784865379333496","1.4784865379333496"
"37794","1.474180817604065","1.474180817604065","1.474180817604065"
"37803","1.3625696897506714","1.3625696897506714","1.3625696897506714"
"37820","1.4835929870605469","1.4835929870605469","1.4835929870605469"
"37827","1.4802501201629639","1.4802501201629639","1.4802501201629639"
"37828","1.3735542297363281","1.3735542297363281","1.3735542297363281"
"37829","1.4008357524871826","1.4008357524871826","1.4008357524871826"
"37831","1.3585981130599976","1.3585981130599976","1.3585981130599976"
"37833","1.2948262691497803","1.2948262691497803","1.2948262691497803"
"37834","1.375954508781433","1.375954508781433","1.375954508781433"
"37835","1.3302258253097534","1.3302258253097534","1.3302258253097534"
"37836","1.4204986095428467","1.4204986095428467","1.4204986095428467"
"37841","1.3597660064697266","1.3597660064697266","1.3597660064697266"
"37844","1.5228875875473022","1.5228875875473022","1.5228875875473022"
"37847","1.4389305114746094","1.4389305114746094","1.4389305114746094"
"37849","1.4044066667556763","1.4044066667556763","1.4044066667556763"
"37854","1.3770415782928467","1.3770415782928467","1.3770415782928467"
"37855","1.474841594696045","1.474841594696045","1.474841594696045"
"37856","1.3909697532653809","1.3909697532653809","1.3909697532653809"
"37857","1.4107565879821777","1.4107565879821777","1.4107565879821777"
"37860","1.4762792587280273","1.4762792587280273","1.4762792587280273"
"37863","1.470117211341858","1.470117211341858","1.470117211341858"
"37871","1.4082212448120117","1.4082212448120117","1.4082212448120117"
"37874","1.416446328163147","1.416446328163147","1.416446328163147"
"37878","1.328025460243225","1.328025460243225","1.328025460243225"
"37881","1.415117859840393","1.415117859840393","1.415117859840393"
"37885","1.427107334136963","1.427107334136963","1.427107334136963"
"37891","1.3753528594970703","1.3753528594970703","1.3753528594970703"
"37893","1.3994706869125366","1.3994706869125366","1.3994706869125366"
"37900","1.4008839130401611","1.4008839130401611","1.4008839130401611"
"37903","1.4176201820373535","1.4176201820373535","1.4176201820373535"
"37904","1.2758324146270752","1.2758324146270752","1.2758324146270752"
"37910","1.4318909645080566","1.4318909645080566","1.4318909645080566"
"37914","1.4001545906066895","1.4001545906066895","1.4001545906066895"
"37915","1.2920784950256348","1.2920784950256348","1.2920784950256348"
"37916","1.388056993484497","1.388056993484497","1.388056993484497"
"37929","1.392615795135498","1.392615795135498","1.392615795135498"
"37930","1.4102928638458252","1.4102928638458252","1.4102928638458252"
"37934","1.3210018873214722","1.3210018873214722","1.3210018873214722"
"37940","1.3770904541015625","1.3770904541015625","1.3770904541015625"
"37945","1.3080031871795654","1.3080031871795654","1.3080031871795654"
"37950","1.3283534049987793","1.3283534049987793","1.3283534049987793"
"37953","1.3323894739151","1.3323894739151","1.3323894739151"
"37956","1.3647181987762451","1.3647181987762451","1.3647181987762451"
"37963","1.4241371154785156","1.4241371154785156","1.4241371154785156"
"37974","1.3503320217132568","1.3503320217132568","1.3503320217132568"
"37981","1.4168026447296143","1.4168026447296143","1.4168026447296143"
"37983","1.317323923110962","1.317323923110962","1.317323923110962"
"37988","1.3152936697006226","1.3152936697006226","1.3152936697006226"
"37990","1.4635367393493652","1.4635367393493652","1.4635367393493652"
"37996","1.3832283020019531","1.3832283020019531","1.3832283020019531"
"37997","1.336743950843811","1.336743950843811","1.336743950843811"
"37998","1.5207393169403076","1.5207393169403076","1.5207393169403076"
"37999","1.3202532529830933","1.3202532529830933","1.3202532529830933"
"38008","1.2842209339141846","1.2842209339141846","1.2842209339141846"
"38009","1.339537262916565","1.339537262916565","1.339537262916565"
"38016","1.3766498565673828","1.3766498565673828","1.3766498565673828"
"38020","1.4774789810180664","1.4774789810180664","1.4774789810180664"
"38021","1.3745864629745483","1.3745864629745483","1.3745864629745483"
"38033","1.3837599754333496","1.3837599754333496","1.3837599754333496"
"38036","1.411387324333191","1.411387324333191","1.411387324333191"
"38038","1.236478328704834","1.236478328704834","1.236478328704834"
"38041","1.4026789665222168","1.4026789665222168","1.4026789665222168"
"38042","1.40085768699646","1.40085768699646","1.40085768699646"
"38045","1.4803612232208252","1.4803612232208252","1.4803612232208252"
"38053","1.3666014671325684","1.3666014671325684","1.3666014671325684"
"38055","1.3791368007659912","1.3791368007659912","1.3791368007659912"
"38056","1.4042083024978638","1.4042083024978638","1.4042083024978638"
"38057","1.3182824850082397","1.3182824850082397","1.3182824850082397"
"38058","1.4624961614608765","1.4624961614608765","1.4624961614608765"
"38061","1.300142765045166","1.300142765045166","1.300142765045166"
"38062","1.4711759090423584","1.4711759090423584","1.4711759090423584"
"38067","1.4110758304595947","1.4110758304595947","1.4110758304595947"
"38071","1.3801393508911133","1.3801393508911133","1.3801393508911133"
"38075","1.4269044399261475","1.4269044399261475","1.4269044399261475"
"38087","1.3913332223892212","1.3913332223892212","1.3913332223892212"
"38089","1.3527076244354248","1.3527076244354248","1.3527076244354248"
"38090","1.3644256591796875","1.3644256591796875","1.3644256591796875"
"38108","1.3673760890960693","1.3673760890960693","1.3673760890960693"
"38109","1.5102040767669678","1.5102040767669678","1.5102040767669678"
"38114","1.3907318115234375","1.3907318115234375","1.3907318115234375"
"38116","1.4529911279678345","1.4529911279678345","1.4529911279678345"
"38118","1.4162044525146484","1.4162044525146484","1.4162044525146484"
"38123","1.3284980058670044","1.3284980058670044","1.3284980058670044"
"38126","1.4416148662567139","1.4416148662567139","1.4416148662567139"
"38128","1.4336700439453125","1.4336700439453125","1.4336700439453125"
"38131","1.3756479024887085","1.3756479024887085","1.3756479024887085"
"38135","1.3775420188903809","1.3775420188903809","1.3775420188903809"
"38137","1.3715744018554688","1.3715744018554688","1.3715744018554688"
"38141","1.4278703927993774","1.4278703927993774","1.4278703927993774"
"38144","1.3702847957611084","1.3702847957611084","1.3702847957611084"
"38160","1.3591573238372803","1.3591573238372803","1.3591573238372803"
"38162","1.434752106666565","1.434752106666565","1.434752106666565"
"38166","1.4691890478134155","1.4691890478134155","1.4691890478134155"
"38167","1.4429575204849243","1.4429575204849243","1.4429575204849243"
"38169","1.3846848011016846","1.3846848011016846","1.3846848011016846"
"38170","1.357100009918213","1.357100009918213","1.357100009918213"
"38171","1.520745038986206","1.520745038986206","1.520745038986206"
"38178","1.4442436695098877","1.4442436695098877","1.4442436695098877"
"38183","1.4491603374481201","1.4491603374481201","1.4491603374481201"
"38187","1.2719589471817017","1.2719589471817017","1.2719589471817017"
"38196","1.4272364377975464","1.4272364377975464","1.4272364377975464"
"38197","1.3872888088226318","1.3872888088226318","1.3872888088226318"
"38199","1.2997190952301025","1.2997190952301025","1.2997190952301025"
"38200","1.3896920680999756","1.3896920680999756","1.3896920680999756"
"38208","1.4029862880706787","1.4029862880706787","1.4029862880706787"
"38209","1.414798378944397","1.414798378944397","1.414798378944397"
"38214","1.3691556453704834","1.3691556453704834","1.3691556453704834"
"38216","1.4438236951828003","1.4438236951828003","1.4438236951828003"
"38222","1.345870018005371","1.345870018005371","1.345870018005371"
"38226","1.355880856513977","1.355880856513977","1.355880856513977"
"38228","1.4377602338790894","1.4377602338790894","1.4377602338790894"
"38235","1.4517230987548828","1.4517230987548828","1.4517230987548828"
"38240","1.483480453491211","1.483480453491211","1.483480453491211"
"38241","1.3786883354187012","1.3786883354187012","1.3786883354187012"
"38246","1.4070169925689697","1.4070169925689697","1.4070169925689697"
"38248","1.4455256462097168","1.4455256462097168","1.4455256462097168"
"38250","1.314184546470642","1.314184546470642","1.314184546470642"
"38251","1.441349983215332","1.441349983215332","1.441349983215332"
"38252","1.395371913909912","1.395371913909912","1.395371913909912"
"38256","1.3962401151657104","1.3962401151657104","1.3962401151657104"
"38273","1.310482382774353","1.310482382774353","1.310482382774353"
"38275","1.4451253414154053","1.4451253414154053","1.4451253414154053"
"38277","1.3571770191192627","1.3571770191192627","1.3571770191192627"
"38280","1.4217414855957031","1.4217414855957031","1.4217414855957031"
"38284","1.3530769348144531","1.3530769348144531","1.3530769348144531"
"38293","1.424222707748413","1.424222707748413","1.424222707748413"
"38302","1.332396149635315","1.332396149635315","1.332396149635315"
"38304","1.4459717273712158","1.4459717273712158","1.4459717273712158"
"38305","1.3278194665908813","1.3278194665908813","1.3278194665908813"
"38310","1.3750488758087158","1.3750488758087158","1.3750488758087158"
"38311","1.3426902294158936","1.3426902294158936","1.3426902294158936"
"38314","1.3260623216629028","1.3260623216629028","1.3260623216629028"
"38318","1.4745985269546509","1.4745985269546509","1.4745985269546509"
"38319","1.374872088432312","1.374872088432312","1.374872088432312"
"38322","1.4831750392913818","1.4831750392913818","1.4831750392913818"
"38326","1.351102352142334","1.351102352142334","1.351102352142334"
"38327","1.4910918474197388","1.4910918474197388","1.4910918474197388"
"38330","1.4680436849594116","1.4680436849594116","1.4680436849594116"
"38331","1.4557414054870605","1.4557414054870605","1.4557414054870605"
"38333","1.4341802597045898","1.4341802597045898","1.4341802597045898"
"38336","1.4543352127075195","1.4543352127075195","1.4543352127075195"
"38346","1.5207445621490479","1.5207445621490479","1.5207445621490479"
"38352","1.3010050058364868","1.3010050058364868","1.3010050058364868"
"38355","1.460917353630066","1.460917353630066","1.460917353630066"
"38356","1.3640727996826172","1.3640727996826172","1.3640727996826172"
"38367","1.377439022064209","1.377439022064209","1.377439022064209"
"38368","1.41214919090271","1.41214919090271","1.41214919090271"
"38369","1.4656751155853271","1.4656751155853271","1.4656751155853271"
"38381","1.4601154327392578","1.4601154327392578","1.4601154327392578"
"38382","1.320650577545166","1.320650577545166","1.320650577545166"
"38385","1.4015873670578003","1.4015873670578003","1.4015873670578003"
"38388","1.4328253269195557","1.4328253269195557","1.4328253269195557"
"38389","1.439352035522461","1.439352035522461","1.439352035522461"
"38392","1.3705434799194336","1.3705434799194336","1.3705434799194336"
"38403","1.313854694366455","1.313854694366455","1.313854694366455"
"38405","1.3826582431793213","1.3826582431793213","1.3826582431793213"
"38408","1.4269665479660034","1.4269665479660034","1.4269665479660034"
"38409","1.4505484104156494","1.4505484104156494","1.4505484104156494"
"38419","1.383603572845459","1.383603572845459","1.383603572845459"
"38421","1.3787269592285156","1.3787269592285156","1.3787269592285156"
"38440","1.3545129299163818","1.3545129299163818","1.3545129299163818"
"38446","1.3105864524841309","1.3105864524841309","1.3105864524841309"
"38447","1.2444171905517578","1.2444171905517578","1.2444171905517578"
"38455","1.404714584350586","1.404714584350586","1.404714584350586"
"38468","1.35944402217865","1.35944402217865","1.35944402217865"
"38477","1.5114485025405884","1.5114485025405884","1.5114485025405884"
"38479","1.3025803565979004","1.3025803565979004","1.3025803565979004"
"38491","1.3663644790649414","1.3663644790649414","1.3663644790649414"
"38503","1.4135099649429321","1.4135099649429321","1.4135099649429321"
"38509","1.3464797735214233","1.3464797735214233","1.3464797735214233"
"38516","1.380264401435852","1.380264401435852","1.380264401435852"
"38517","1.4035224914550781","1.4035224914550781","1.4035224914550781"
"38523","1.426889181137085","1.426889181137085","1.426889181137085"
"38524","1.3697254657745361","1.3697254657745361","1.3697254657745361"
"38533","1.4077739715576172","1.4077739715576172","1.4077739715576172"
"38538","1.3745553493499756","1.3745553493499756","1.3745553493499756"
"38545","1.5099635124206543","1.5099635124206543","1.5099635124206543"
"38547","1.4166539907455444","1.4166539907455444","1.4166539907455444"
"38549","1.388205647468567","1.388205647468567","1.388205647468567"
"38551","1.4014486074447632","1.4014486074447632","1.4014486074447632"
"38561","1.3660370111465454","1.3660370111465454","1.3660370111465454"
"38568","1.3382915258407593","1.3382915258407593","1.3382915258407593"
"38576","1.3937983512878418","1.3937983512878418","1.3937983512878418"
"38580","1.3085582256317139","1.3085582256317139","1.3085582256317139"
"38583","1.393062710762024","1.393062710762024","1.393062710762024"
"38593","1.3962154388427734","1.3962154388427734","1.3962154388427734"
"38597","1.4427558183670044","1.4427558183670044","1.4427558183670044"
"38598","1.3340743780136108","1.3340743780136108","1.3340743780136108"
"38602","1.43289315700531","1.43289315700531","1.43289315700531"
"38609","1.344786286354065","1.344786286354065","1.344786286354065"
"38613","1.4056942462921143","1.4056942462921143","1.4056942462921143"
"38615","1.4129974842071533","1.4129974842071533","1.4129974842071533"
"38616","1.4234604835510254","1.4234604835510254","1.4234604835510254"
"38617","1.5052763223648071","1.5052763223648071","1.5052763223648071"
"38625","1.3518246412277222","1.3518246412277222","1.3518246412277222"
"38628","1.3255714178085327","1.3255714178085327","1.3255714178085327"
"38629","1.385213017463684","1.385213017463684","1.385213017463684"
"38633","1.3410921096801758","1.3410921096801758","1.3410921096801758"
"38640","1.311318039894104","1.311318039894104","1.311318039894104"
"38642","1.4667984247207642","1.4667984247207642","1.4667984247207642"
"38645","1.4232535362243652","1.4232535362243652","1.4232535362243652"
"38646","1.4690533876419067","1.4690533876419067","1.4690533876419067"
"38663","1.4047558307647705","1.4047558307647705","1.4047558307647705"
"38666","1.3482508659362793","1.3482508659362793","1.3482508659362793"
"38668","1.386765480041504","1.386765480041504","1.386765480041504"
"38669","1.3709346055984497","1.3709346055984497","1.3709346055984497"
"38670","1.4052242040634155","1.4052242040634155","1.4052242040634155"
"38671","1.4559557437896729","1.4559557437896729","1.4559557437896729"
"38681","1.388917326927185","1.388917326927185","1.388917326927185"
"38685","1.3410261869430542","1.3410261869430542","1.3410261869430542"
"38688","1.3459365367889404","1.3459365367889404","1.3459365367889404"
"38689","1.4173879623413086","1.4173879623413086","1.4173879623413086"
"38690","1.441544532775879","1.441544532775879","1.441544532775879"
"38691","1.3413138389587402","1.3413138389587402","1.3413138389587402"
"38694","1.5165739059448242","1.5165739059448242","1.5165739059448242"
"38698","1.389519453048706","1.389519453048706","1.389519453048706"
"38700","1.2776490449905396","1.2776490449905396","1.2776490449905396"
"38718","1.3433760404586792","1.3433760404586792","1.3433760404586792"
"38719","1.3591758012771606","1.3591758012771606","1.3591758012771606"
"38729","1.3339312076568604","1.3339312076568604","1.3339312076568604"
"38734","1.4178106784820557","1.4178106784820557","1.4178106784820557"
"38740","1.384812355041504","1.384812355041504","1.384812355041504"
"38742","1.4045557975769043","1.4045557975769043","1.4045557975769043"
"38749","1.3055514097213745","1.3055514097213745","1.3055514097213745"
"38753","1.300447940826416","1.300447940826416","1.300447940826416"
"38754","1.4033617973327637","1.4033617973327637","1.4033617973327637"
"38772","1.344153881072998","1.344153881072998","1.344153881072998"
"38775","1.4488543272018433","1.4488543272018433","1.4488543272018433"
"38777","1.3493033647537231","1.3493033647537231","1.3493033647537231"
"38785","1.439286470413208","1.439286470413208","1.439286470413208"
"38787","1.4738335609436035","1.4738335609436035","1.4738335609436035"
"38790","1.3788777589797974","1.3788777589797974","1.3788777589797974"
"38792","1.3712263107299805","1.3712263107299805","1.3712263107299805"
"38802","1.5356388092041016","1.5356388092041016","1.5356388092041016"
"38803","1.4009819030761719","1.4009819030761719","1.4009819030761719"
"38807","1.3754957914352417","1.3754957914352417","1.3754957914352417"
"38822","1.3070311546325684","1.3070311546325684","1.3070311546325684"
"38823","1.4219775199890137","1.4219775199890137","1.4219775199890137"
"38825","1.2924857139587402","1.2924857139587402","1.2924857139587402"
"38826","1.2947810888290405","1.2947810888290405","1.2947810888290405"
"38828","1.393358826637268","1.393358826637268","1.393358826637268"
"38829","1.3573014736175537","1.3573014736175537","1.3573014736175537"
"38830","1.4130327701568604","1.4130327701568604","1.4130327701568604"
"38832","1.350313663482666","1.350313663482666","1.350313663482666"
"38835","1.3441987037658691","1.3441987037658691","1.3441987037658691"
"38837","1.416412115097046","1.416412115097046","1.416412115097046"
"38846","1.3321547508239746","1.3321547508239746","1.3321547508239746"
"38847","1.3533161878585815","1.3533161878585815","1.3533161878585815"
"38850","1.4070336818695068","1.4070336818695068","1.4070336818695068"
"38852","1.440350890159607","1.440350890159607","1.440350890159607"
"38859","1.3877092599868774","1.3877092599868774","1.3877092599868774"
"38860","1.2875906229019165","1.2875906229019165","1.2875906229019165"
"38864","1.4253873825073242","1.4253873825073242","1.4253873825073242"
"38867","1.3618452548980713","1.3618452548980713","1.3618452548980713"
"38878","1.4372198581695557","1.4372198581695557","1.4372198581695557"
"38880","1.451533555984497","1.451533555984497","1.451533555984497"
"38881","1.381535291671753","1.381535291671753","1.381535291671753"
"38886","1.331282138824463","1.331282138824463","1.331282138824463"
"38888","1.4497647285461426","1.4497647285461426","1.4497647285461426"
"38892","1.5390124320983887","1.5390124320983887","1.5390124320983887"
"38900","1.4064544439315796","1.4064544439315796","1.4064544439315796"
"38902","1.4120135307312012","1.4120135307312012","1.4120135307312012"
"38910","1.3781838417053223","1.3781838417053223","1.3781838417053223"
"38915","1.4991395473480225","1.4991395473480225","1.4991395473480225"
"38916","1.4793968200683594","1.4793968200683594","1.4793968200683594"
"38917","1.4214675426483154","1.4214675426483154","1.4214675426483154"
"38919","1.3302130699157715","1.3302130699157715","1.3302130699157715"
"38921","1.4007234573364258","1.4007234573364258","1.4007234573364258"
"38931","1.438581943511963","1.438581943511963","1.438581943511963"
"38934","1.4594441652297974","1.4594441652297974","1.4594441652297974"
"38936","1.44840407371521","1.44840407371521","1.44840407371521"
"38939","1.3805310726165771","1.3805310726165771","1.3805310726165771"
"38941","1.4159762859344482","1.4159762859344482","1.4159762859344482"
"38952","1.354973554611206","1.354973554611206","1.354973554611206"
"38956","1.4785091876983643","1.4785091876983643","1.4785091876983643"
"38957","1.4813427925109863","1.4813427925109863","1.4813427925109863"
"38959","1.3591946363449097","1.3591946363449097","1.3591946363449097"
"38960","1.4708415269851685","1.4708415269851685","1.4708415269851685"
"38963","1.5176270008087158","1.5176270008087158","1.5176270008087158"
"38964","1.3206058740615845","1.3206058740615845","1.3206058740615845"
"38965","1.4178836345672607","1.4178836345672607","1.4178836345672607"
"38970","1.2865362167358398","1.2865362167358398","1.2865362167358398"
"38972","1.3208181858062744","1.3208181858062744","1.3208181858062744"
"38974","1.4850482940673828","1.4850482940673828","1.4850482940673828"
"38976","1.4785592555999756","1.4785592555999756","1.4785592555999756"
"38978","1.3744161128997803","1.3744161128997803","1.3744161128997803"
"38982","1.3263012170791626","1.3263012170791626","1.3263012170791626"
"38991","1.4490399360656738","1.4490399360656738","1.4490399360656738"
"38992","1.5092971324920654","1.5092971324920654","1.5092971324920654"
"38995","1.4149677753448486","1.4149677753448486","1.4149677753448486"
"38999","1.474365234375","1.474365234375","1.474365234375"
"39012","1.5228760242462158","1.5228760242462158","1.5228760242462158"
"39014","1.3535479307174683","1.3535479307174683","1.3535479307174683"
"39017","1.431057095527649","1.431057095527649","1.431057095527649"
"39020","1.4502943754196167","1.4502943754196167","1.4502943754196167"
"39026","1.4403266906738281","1.4403266906738281","1.4403266906738281"
"39028","1.4003503322601318","1.4003503322601318","1.4003503322601318"
"39037","1.3337373733520508","1.3337373733520508","1.3337373733520508"
"39038","1.3703802824020386","1.3703802824020386","1.3703802824020386"
"39042","1.489969253540039","1.489969253540039","1.489969253540039"
"39046","1.4312264919281006","1.4312264919281006","1.4312264919281006"
"39047","1.4167145490646362","1.4167145490646362","1.4167145490646362"
"39048","1.3934096097946167","1.3934096097946167","1.3934096097946167"
"39059","1.4079856872558594","1.4079856872558594","1.4079856872558594"
"39064","1.3473552465438843","1.3473552465438843","1.3473552465438843"
"39067","1.3036999702453613","1.3036999702453613","1.3036999702453613"
"39089","1.3721208572387695","1.3721208572387695","1.3721208572387695"
"39090","1.4136738777160645","1.4136738777160645","1.4136738777160645"
"39091","1.43880295753479","1.43880295753479","1.43880295753479"
"39093","1.2558034658432007","1.2558034658432007","1.2558034658432007"
"39096","1.465672254562378","1.465672254562378","1.465672254562378"
"39100","1.4465086460113525","1.4465086460113525","1.4465086460113525"
"39102","1.2950806617736816","1.2950806617736816","1.2950806617736816"
"39110","1.3458001613616943","1.3458001613616943","1.3458001613616943"
"39111","1.361249566078186","1.361249566078186","1.361249566078186"
"39112","1.456193208694458","1.456193208694458","1.456193208694458"
"39114","1.4057070016860962","1.4057070016860962","1.4057070016860962"
"39115","1.3755838871002197","1.3755838871002197","1.3755838871002197"
"39119","1.3142483234405518","1.3142483234405518","1.3142483234405518"
"39120","1.4597817659378052","1.4597817659378052","1.4597817659378052"
"39123","1.2911248207092285","1.2911248207092285","1.2911248207092285"
"39124","1.4406406879425049","1.4406406879425049","1.4406406879425049"
"39125","1.368311882019043","1.368311882019043","1.368311882019043"
"39134","1.3362149000167847","1.3362149000167847","1.3362149000167847"
"39136","1.5253424644470215","1.5253424644470215","1.5253424644470215"
"39147","1.4311513900756836","1.4311513900756836","1.4311513900756836"
"39148","1.3485289812088013","1.3485289812088013","1.3485289812088013"
"39154","1.4216995239257812","1.4216995239257812","1.4216995239257812"
"39156","1.4109766483306885","1.4109766483306885","1.4109766483306885"
"39163","1.4040086269378662","1.4040086269378662","1.4040086269378662"
"39167","1.3631278276443481","1.3631278276443481","1.3631278276443481"
"39168","1.4616858959197998","1.4616858959197998","1.4616858959197998"
"39185","1.393582820892334","1.393582820892334","1.393582820892334"
"39191","1.3605613708496094","1.3605613708496094","1.3605613708496094"
"39195","1.4159506559371948","1.4159506559371948","1.4159506559371948"
"39197","1.3215222358703613","1.3215222358703613","1.3215222358703613"
"39201","1.3111709356307983","1.3111709356307983","1.3111709356307983"
"39202","1.532039761543274","1.532039761543274","1.532039761543274"
"39203","1.3830918073654175","1.3830918073654175","1.3830918073654175"
"39204","1.460140347480774","1.460140347480774","1.460140347480774"
"39207","1.4521293640136719","1.4521293640136719","1.4521293640136719"
"39210","1.3534963130950928","1.3534963130950928","1.3534963130950928"
"39212","1.4915711879730225","1.4915711879730225","1.4915711879730225"
"39215","1.3764119148254395","1.3764119148254395","1.3764119148254395"
"39217","1.456508755683899","1.456508755683899","1.456508755683899"
"39219","1.6288106441497803","1.6288106441497803","1.6288106441497803"
"39244","1.3273766040802002","1.3273766040802002","1.3273766040802002"
"39249","1.4171582460403442","1.4171582460403442","1.4171582460403442"
"39252","1.4199585914611816","1.4199585914611816","1.4199585914611816"
"39255","1.3387482166290283","1.3387482166290283","1.3387482166290283"
"39264","1.4187648296356201","1.4187648296356201","1.4187648296356201"
"39265","1.4707932472229004","1.4707932472229004","1.4707932472229004"
"39274","1.4534978866577148","1.4534978866577148","1.4534978866577148"
"39280","1.3943827152252197","1.3943827152252197","1.3943827152252197"
"39285","1.4545564651489258","1.4545564651489258","1.4545564651489258"
"39287","1.3383365869522095","1.3383365869522095","1.3383365869522095"
"39291","1.3535058498382568","1.3535058498382568","1.3535058498382568"
"39292","1.500108242034912","1.500108242034912","1.500108242034912"
"39293","1.437235951423645","1.437235951423645","1.437235951423645"
"39295","1.4379823207855225","1.4379823207855225","1.4379823207855225"
"39297","1.4414732456207275","1.4414732456207275","1.4414732456207275"
"39299","1.4528133869171143","1.4528133869171143","1.4528133869171143"
"39300","1.4090592861175537","1.4090592861175537","1.4090592861175537"
"39306","1.5403481721878052","1.5403481721878052","1.5403481721878052"
"39310","1.3473807573318481","1.3473807573318481","1.3473807573318481"
"39313","1.4216432571411133","1.4216432571411133","1.4216432571411133"
"39317","1.341543436050415","1.341543436050415","1.341543436050415"
"39319","1.454460859298706","1.454460859298706","1.454460859298706"
"39322","1.4227123260498047","1.4227123260498047","1.4227123260498047"
"39323","1.3747200965881348","1.3747200965881348","1.3747200965881348"
"39325","1.2952978610992432","1.2952978610992432","1.2952978610992432"
"39328","1.37369704246521","1.37369704246521","1.37369704246521"
"39329","1.3909125328063965","1.3909125328063965","1.3909125328063965"
"39331","1.4956128597259521","1.4956128597259521","1.4956128597259521"
"39334","1.3136839866638184","1.3136839866638184","1.3136839866638184"
"39336","1.473179578781128","1.473179578781128","1.473179578781128"
"39339","1.3459241390228271","1.3459241390228271","1.3459241390228271"
"39347","1.2975637912750244","1.2975637912750244","1.2975637912750244"
"39353","1.4707038402557373","1.4707038402557373","1.4707038402557373"
"39362","1.4565807580947876","1.4565807580947876","1.4565807580947876"
"39366","1.4052155017852783","1.4052155017852783","1.4052155017852783"
"39371","1.3703539371490479","1.3703539371490479","1.3703539371490479"
"39376","1.4570256471633911","1.4570256471633911","1.4570256471633911"
"39386","1.336342692375183","1.336342692375183","1.336342692375183"
"39387","1.2490313053131104","1.2490313053131104","1.2490313053131104"
"39388","1.3574012517929077","1.3574012517929077","1.3574012517929077"
"39412","1.289238691329956","1.289238691329956","1.289238691329956"
"39417","1.4144916534423828","1.4144916534423828","1.4144916534423828"
"39424","1.4941418170928955","1.4941418170928955","1.4941418170928955"
"39425","1.4524260759353638","1.4524260759353638","1.4524260759353638"
"39428","1.4076929092407227","1.4076929092407227","1.4076929092407227"
"39432","1.4509351253509521","1.4509351253509521","1.4509351253509521"
"39437","1.442556619644165","1.442556619644165","1.442556619644165"
"39438","1.4509280920028687","1.4509280920028687","1.4509280920028687"
"39449","1.3897627592086792","1.3897627592086792","1.3897627592086792"
"39451","1.3202542066574097","1.3202542066574097","1.3202542066574097"
"39452","1.4531733989715576","1.4531733989715576","1.4531733989715576"
"39456","1.4617493152618408","1.4617493152618408","1.4617493152618408"
"39460","1.472048282623291","1.472048282623291","1.472048282623291"
"39473","1.293786883354187","1.293786883354187","1.293786883354187"
"39477","1.3235282897949219","1.3235282897949219","1.3235282897949219"
"39479","1.4143269062042236","1.4143269062042236","1.4143269062042236"
"39483","1.3310188055038452","1.3310188055038452","1.3310188055038452"
"39498","1.4469258785247803","1.4469258785247803","1.4469258785247803"
"39502","1.4912358522415161","1.4912358522415161","1.4912358522415161"
"39507","1.471670150756836","1.471670150756836","1.471670150756836"
"39508","1.288489580154419","1.288489580154419","1.288489580154419"
"39511","1.3329226970672607","1.3329226970672607","1.3329226970672607"
"39515","1.3644343614578247","1.3644343614578247","1.3644343614578247"
"39516","1.3759254217147827","1.3759254217147827","1.3759254217147827"
"39518","1.438082218170166","1.438082218170166","1.438082218170166"
"39520","1.338350534439087","1.338350534439087","1.338350534439087"
"39523","1.402347207069397","1.402347207069397","1.402347207069397"
"39539","1.3686212301254272","1.3686212301254272","1.3686212301254272"
"39543","1.3048244714736938","1.3048244714736938","1.3048244714736938"
"39546","1.422744870185852","1.422744870185852","1.422744870185852"
"39553","1.3868091106414795","1.3868091106414795","1.3868091106414795"
"39554","1.4001822471618652","1.4001822471618652","1.4001822471618652"
"39564","1.435131549835205","1.435131549835205","1.435131549835205"
"39566","1.3883931636810303","1.3883931636810303","1.3883931636810303"
"39575","1.3781406879425049","1.3781406879425049","1.3781406879425049"
"39583","1.3886841535568237","1.3886841535568237","1.3886841535568237"
"39591","1.367923617362976","1.367923617362976","1.367923617362976"
"39593","1.345658779144287","1.345658779144287","1.345658779144287"
"39596","1.438868761062622","1.438868761062622","1.438868761062622"
"39602","1.448882818222046","1.448882818222046","1.448882818222046"
"39603","1.2350373268127441","1.2350373268127441","1.2350373268127441"
"39614","1.3649641275405884","1.3649641275405884","1.3649641275405884"
"39622","1.3793044090270996","1.3793044090270996","1.3793044090270996"
"39630","1.3629167079925537","1.3629167079925537","1.3629167079925537"
"39635","1.355574369430542","1.355574369430542","1.355574369430542"
"39636","1.4792280197143555","1.4792280197143555","1.4792280197143555"
"39639","1.281158208847046","1.281158208847046","1.281158208847046"
"39640","1.3992292881011963","1.3992292881011963","1.3992292881011963"
"39644","1.3676319122314453","1.3676319122314453","1.3676319122314453"
"39648","1.4169038534164429","1.4169038534164429","1.4169038534164429"
"39650","1.4246548414230347","1.4246548414230347","1.4246548414230347"
"39653","1.3341801166534424","1.3341801166534424","1.3341801166534424"
"39654","1.3815906047821045","1.3815906047821045","1.3815906047821045"
"39658","1.3243694305419922","1.3243694305419922","1.3243694305419922"
"39668","1.3539931774139404","1.3539931774139404","1.3539931774139404"
"39669","1.4014934301376343","1.4014934301376343","1.4014934301376343"
"39670","1.3414459228515625","1.3414459228515625","1.3414459228515625"
"39672","1.4153717756271362","1.4153717756271362","1.4153717756271362"
"39675","1.2843003273010254","1.2843003273010254","1.2843003273010254"
"39681","1.3733769655227661","1.3733769655227661","1.3733769655227661"
"39684","1.3694156408309937","1.3694156408309937","1.3694156408309937"
"39685","1.3679554462432861","1.3679554462432861","1.3679554462432861"
"39686","1.3391729593276978","1.3391729593276978","1.3391729593276978"
"39695","1.4608783721923828","1.4608783721923828","1.4608783721923828"
"39701","1.4191396236419678","1.4191396236419678","1.4191396236419678"
"39706","1.3088287115097046","1.3088287115097046","1.3088287115097046"
"39708","1.4673571586608887","1.4673571586608887","1.4673571586608887"
"39712","1.4454524517059326","1.4454524517059326","1.4454524517059326"
"39714","1.3602290153503418","1.3602290153503418","1.3602290153503418"
"39715","1.3774524927139282","1.3774524927139282","1.3774524927139282"
"39717","1.410661220550537","1.410661220550537","1.410661220550537"
"39719","1.3787611722946167","1.3787611722946167","1.3787611722946167"
"39729","1.5465984344482422","1.5465984344482422","1.5465984344482422"
"39732","1.3218557834625244","1.3218557834625244","1.3218557834625244"
"39734","1.3864901065826416","1.3864901065826416","1.3864901065826416"
"39737","1.3992804288864136","1.3992804288864136","1.3992804288864136"
"39740","1.3291232585906982","1.3291232585906982","1.3291232585906982"
"39743","1.374098300933838","1.374098300933838","1.374098300933838"
"39745","1.3985880613327026","1.3985880613327026","1.3985880613327026"
"39746","1.4168667793273926","1.4168667793273926","1.4168667793273926"
"39747","1.4132375717163086","1.4132375717163086","1.4132375717163086"
"39751","1.4812661409378052","1.4812661409378052","1.4812661409378052"
"39764","1.4060680866241455","1.4060680866241455","1.4060680866241455"
"39765","1.460134744644165","1.460134744644165","1.460134744644165"
"39777","1.448299527168274","1.448299527168274","1.448299527168274"
"39788","1.3797016143798828","1.3797016143798828","1.3797016143798828"
"39794","1.3068077564239502","1.3068077564239502","1.3068077564239502"
"39795","1.368106484413147","1.368106484413147","1.368106484413147"
"39798","1.4486316442489624","1.4486316442489624","1.4486316442489624"
"39800","1.3412387371063232","1.3412387371063232","1.3412387371063232"
"39806","1.4833557605743408","1.4833557605743408","1.4833557605743408"
"39811","1.3764352798461914","1.3764352798461914","1.3764352798461914"
"39819","1.4221521615982056","1.4221521615982056","1.4221521615982056"
"39820","1.3388947248458862","1.3388947248458862","1.3388947248458862"
"39826","1.4621918201446533","1.4621918201446533","1.4621918201446533"
"39829","1.4899332523345947","1.4899332523345947","1.4899332523345947"
"39837","1.419893741607666","1.419893741607666","1.419893741607666"
"39842","1.3704137802124023","1.3704137802124023","1.3704137802124023"
"39844","1.3436455726623535","1.3436455726623535","1.3436455726623535"
"39845","1.4168243408203125","1.4168243408203125","1.4168243408203125"
"39862","1.5298058986663818","1.5298058986663818","1.5298058986663818"
"39867","1.3934636116027832","1.3934636116027832","1.3934636116027832"
"39868","1.343888282775879","1.343888282775879","1.343888282775879"
"39870","1.388265609741211","1.388265609741211","1.388265609741211"
"39876","1.3494594097137451","1.3494594097137451","1.3494594097137451"
"39877","1.4067028760910034","1.4067028760910034","1.4067028760910034"
"39878","1.403663992881775","1.403663992881775","1.403663992881775"
"39882","1.4865007400512695","1.4865007400512695","1.4865007400512695"
"39891","1.3628325462341309","1.3628325462341309","1.3628325462341309"
"39895","1.298853874206543","1.298853874206543","1.298853874206543"
"39896","1.3395615816116333","1.3395615816116333","1.3395615816116333"
"39897","1.3659013509750366","1.3659013509750366","1.3659013509750366"
"39924","1.3473637104034424","1.3473637104034424","1.3473637104034424"
"39930","1.3606858253479004","1.3606858253479004","1.3606858253479004"
"39942","1.5108180046081543","1.5108180046081543","1.5108180046081543"
"39954","1.366001009941101","1.366001009941101","1.366001009941101"
"39959","1.3222618103027344","1.3222618103027344","1.3222618103027344"
"39969","1.3546617031097412","1.3546617031097412","1.3546617031097412"
"39971","1.4418964385986328","1.4418964385986328","1.4418964385986328"
"39973","1.3659496307373047","1.3659496307373047","1.3659496307373047"
"39978","1.357520580291748","1.357520580291748","1.357520580291748"
"39985","1.2614903450012207","1.2614903450012207","1.2614903450012207"
"39986","1.3351256847381592","1.3351256847381592","1.3351256847381592"
"39988","1.356972098350525","1.356972098350525","1.356972098350525"
"39992","1.3594470024108887","1.3594470024108887","1.3594470024108887"
"39993","1.3669157028198242","1.3669157028198242","1.3669157028198242"